Type,tranid,entity,Vendor Internal Id,reference no,terms,Currency,exchangerate,duedate,postingperiod,subsidiary,memo,trandate,purchaseItemline_itemRef,purchaseItemline_quantity,purchaseItemLine_rate,usertotal,purchaseItemLine_location
Bill,1721459,A.J. ROD COMPANY LTD.,1996,1721459,2,US Dollar,1.00,01/06/2023,Dec 2022,Sullivan Process Controls,,12/7/2022,Open AP Item,1,57.83,57.83,5
Bill,IN004274735,A.W. CHESTERTON COMPANY,1997,IN004274735,2,US Dollar,1.00,11/24/2022,Oct 2022,Sullivan Process Controls,,10/25/2022,Open AP Item,1,1597.52,1597.52,3
Bill,IN004276605,A.W. CHESTERTON COMPANY,1997,IN004276605,2,US Dollar,1.00,12/08/2022,Dec 2022,Sullivan Process Controls,,12/1/2022,Open AP Item,1,1962.45,1962.45,3
Bill,IN004276835,A.W. CHESTERTON COMPANY,1997,IN004276835,2,US Dollar,1.00,12/09/2022,Dec 2022,Sullivan Process Controls,,12/1/2022,Open AP Item,1,6509.43,6509.43,3
Bill,IN004276811,A.W. CHESTERTON COMPANY,1997,IN004276811,2,US Dollar,1.00,12/09/2022,Dec 2022,Sullivan Process Controls,,12/1/2022,Open AP Item,1,2423.81,2423.81,5
Bill,IN004276785,A.W. CHESTERTON COMPANY,1997,IN004276785,2,US Dollar,1.00,12/09/2022,Dec 2022,Sullivan Process Controls,,12/1/2022,Open AP Item,1,336.43,336.43,5
Bill,IN004277370,A.W. CHESTERTON COMPANY,1997,IN004277370,2,US Dollar,1.00,12/14/2022,Nov 2022,Sullivan Process Controls,,11/14/2022,Open AP Item,1,2322.60,2322.60,3
Bill,IN004277354,A.W. CHESTERTON COMPANY,1997,IN004277354,2,US Dollar,1.00,12/14/2022,Nov 2022,Sullivan Process Controls,,11/14/2022,Open AP Item,1,1393.56,1393.56,3
Bill,IN004276816,A.W. CHESTERTON COMPANY,1997,IN004276816,2,US Dollar,1.00,12/14/2022,Dec 2022,Sullivan Process Controls,,12/1/2022,Open AP Item,1,4426.59,4426.59,3
Bill,IN004278489,A.W. CHESTERTON COMPANY,1997,IN004278489,2,US Dollar,1.00,12/22/2022,Nov 2022,Sullivan Process Controls,,11/22/2022,Open AP Item,1,5574.24,5574.24,3
Bill,IN004279674,A.W. CHESTERTON COMPANY,1997,IN004279674,2,US Dollar,1.00,01/01/2023,Dec 2022,Sullivan Process Controls,,12/2/2022,Open AP Item,1,22.84,22.84,5
Bill,IN004280909,A.W. CHESTERTON COMPANY,1997,IN004280909,2,US Dollar,1.00,01/12/2023,Dec 2022,Sullivan Process Controls,,12/13/2022,Open AP Item,1,632.52,632.52,3
Bill,IN004281801,A.W. CHESTERTON COMPANY,1997,IN004281801,2,US Dollar,1.00,01/19/2023,Dec 2022,Sullivan Process Controls,,12/20/2022,Open AP Item,1,764.25,764.25,5
Bill,622203986,ADP PAYROLL,3099,622203986,23,US Dollar,1.00,01/06/2023,Dec 2022,Sullivan Process Controls,,12/30/2022,Open AP Item,1,305.67,305.67,6
Bill,2467787-11-2022,ADP SCREENING & SELECTION SERVICES,2002,2467787-11-2022,2,US Dollar,1.00,12/26/2022,Nov 2022,Sullivan Process Controls,,11/28/2022,Open AP Item,1,55.04,55.04,6
Bill,403319962-12,ADT SECURITY,2003,403319962-12,21,US Dollar,1.00,01/04/2023,Dec 2022,Sullivan Process Controls,,12/15/2022,Open AP Item,1,56.28,56.28,4
Bill,9132190709,AIRGAS USA,2008,9132190709,2,US Dollar,1.00,12/17/2022,Dec 2022,Sullivan Process Controls,,12/1/2022,Open AP Item,1,395.25,395.25,5
Bill,1913052,AIV L.P.,2010,1913052,2,US Dollar,1.00,12/09/2022,Nov 2022,Sullivan Process Controls,,11/9/2022,Open AP Item,1,1764.00,1764.00,4
Bill,1913054,AIV L.P.,2010,1913054,2,US Dollar,1.00,12/09/2022,Nov 2022,Sullivan Process Controls,,11/9/2022,Open AP Item,1,1264.00,1264.00,4
Bill,1913421,AIV L.P.,2010,1913421,2,US Dollar,1.00,12/10/2022,Nov 2022,Sullivan Process Controls,,11/10/2022,Open AP Item,1,10426.00,10426.00,4
Bill,1919935,AIV L.P.,2010,1919935,2,US Dollar,1.00,01/18/2023,Dec 2022,Sullivan Process Controls,,12/19/2022,Open AP Item,1,19215.00,19215.00,4
Bill,sinv220085466,ALLREDI,2011,sinv220085466,2,US Dollar,1.00,12/03/2022,Nov 2022,Sullivan Process Controls,,11/3/2022,Open AP Item,1,1273.00,1273.00,3
Bill,2-2365530,ANN HARRIS BENNETT,2016,2-2365530,2,US Dollar,1.00,01/31/2023,Nov 2022,Sullivan Process Controls,,11/4/2022,Open AP Item,1,467.88,467.88,5
Bill,14178,ARK-LA-TEX PALLET SALES,2022,14178,2,US Dollar,1.00,01/27/2023,Dec 2022,Sullivan Process Controls,,12/28/2022,Open AP Item,1,95.00,95.00,3
Bill,2559884703,AT&T,2026,2559884703,2,US Dollar,1.00,01/10/2023,Dec 2022,Sullivan Process Controls,,12/11/2022,Open AP Item,1,844.41,844.41,3
Bill,287321471708X01012023,AT&T Mobility,2027,287321471708X01012023,21,US Dollar,1.00,01/18/2023,Dec 2022,Sullivan Process Controls,,12/23/2022,Open AP Item,1,695.01,695.01,3
Bill,7510078199,AXALTA  POWDER COATING,2033,7510078199,2,US Dollar,1.00,01/20/2023,Dec 2022,Sullivan Process Controls,,12/21/2022,Open AP Item,1,330.00,330.00,3
Bill,7510091404,AXALTA  POWDER COATING,2033,7510091404,2,US Dollar,1.00,01/26/2023,Dec 2022,Sullivan Process Controls,,12/27/2022,Open AP Item,1,330.00,330.00,3
Bill,S2956254.001,BPS SUPPLY GROUP.,2052,S2956254.001,2,US Dollar,1.00,12/08/2022,Nov 2022,Sullivan Process Controls,,11/8/2022,Open AP Item,1,7407.00,7407.00,3
Bill,S2979540.001,BPS SUPPLY GROUP.,2052,S2979540.001,2,US Dollar,1.00,01/11/2023,Dec 2022,Sullivan Process Controls,,12/12/2022,Open AP Item,1,7239.00,7239.00,4
Bill,S2984216.001,BPS SUPPLY GROUP.,2052,S2984216.001,2,US Dollar,1.00,01/11/2023,Dec 2022,Sullivan Process Controls,,12/12/2022,Open AP Item,1,2792.00,2792.00,5
Bill,12550360,Bridgefield Casualty Insurance Company,2055,12550360,21,US Dollar,1.00,01/12/2023,Dec 2022,Sullivan Process Controls,,12/22/2022,Open AP Item,1,1193.07,1193.07,6
Bill,S-101122,CADDO SIGNS LLC,2060,S-101122,2,US Dollar,1.00,11/10/2022,Nov 2022,Sullivan Process Controls,,11/10/2022,Open AP Item,1,910.00,910.00,3
Bill,S-51906,CADDO SIGNS LLC,2060,S-51906,2,US Dollar,1.00,11/30/2022,Nov 2022,Sullivan Process Controls,,11/30/2022,Open AP Item,1,289.41,289.41,3
Bill,BarStock,CAPITAL ONE,2064,351,21,US Dollar,1.00,12/29/2022,Dec 2022,Sullivan Process Controls,,12/29/2022,Open AP Item,1,7449.10,7449.10,3
Bill,JF,CAPITAL ONE,2064,JF,21,US Dollar,1.00,01/20/2023,Dec 2022,Sullivan Process Controls,,12/26/2022,Open AP Item,1,28118.50,28118.50,6
Bill,CW,CAPITAL ONE,2064,CW,21,US Dollar,1.00,01/20/2023,Dec 2022,Sullivan Process Controls,,12/26/2022,Open AP Item,1,14076.64,14076.64,3
Bill,BS,CAPITAL ONE,2064,BS,21,US Dollar,1.00,01/20/2023,Dec 2022,Sullivan Process Controls,,12/26/2022,Open AP Item,1,5674.52,5674.52,4
Bill,LR,CAPITAL ONE,2064,LR,21,US Dollar,1.00,01/20/2023,Dec 2022,Sullivan Process Controls,,12/26/2022,Open AP Item,1,1102.13,1102.13,5
Bill,FG,CAPITAL ONE,2064,FG,21,US Dollar,1.00,01/20/2023,Dec 2022,Sullivan Process Controls,,12/26/2022,Open AP Item,1,519.73,519.73,5
Bill,HR,CAPITAL ONE,2064,HR,21,US Dollar,1.00,01/20/2023,Dec 2022,Sullivan Process Controls,,12/26/2022,Open AP Item,1,405.00,405.00,4
Bill,LR,CAPITAL ONE,2064,LR,21,US Dollar,1.00,01/20/2023,Dec 2022,Sullivan Process Controls,,12/26/2022,Open AP Item,1,311.76,311.76,5
Bill,FG,CAPITAL ONE,2064,FG,21,US Dollar,1.00,01/20/2023,Dec 2022,Sullivan Process Controls,,12/26/2022,Open AP Item,1,291.37,291.37,5
Bill,JK,CAPITAL ONE,2064,JK,21,US Dollar,1.00,01/20/2023,Dec 2022,Sullivan Process Controls,,12/26/2022,Open AP Item,1,197.50,197.50,4
Bill,CC,CAPITAL ONE,2064,CC,21,US Dollar,1.00,01/20/2023,Dec 2022,Sullivan Process Controls,,12/26/2022,Open AP Item,1,137.41,137.41,4
Bill,HR,CAPITAL ONE,2064,HR,21,US Dollar,1.00,01/20/2023,Dec 2022,Sullivan Process Controls,,12/26/2022,Open AP Item,1,124.58,124.58,3
Bill,JK,CAPITAL ONE,2064,JK,21,US Dollar,1.00,01/20/2023,Dec 2022,Sullivan Process Controls,,12/26/2022,Open AP Item,1,123.16,123.16,5
Bill,629928,"CC GASKET & FASTENER, INC",2068,629928,2,US Dollar,1.00,12/04/2022,Nov 2022,Sullivan Process Controls,,11/4/2022,Open AP Item,1,525.75,525.75,4
Bill,631597,"CC GASKET & FASTENER, INC",2068,631597,2,US Dollar,1.00,12/21/2022,Nov 2022,Sullivan Process Controls,,11/21/2022,Open AP Item,1,128.00,128.00,3
Bill,631514,"CC GASKET & FASTENER, INC",2068,631514,2,US Dollar,1.00,12/29/2022,Nov 2022,Sullivan Process Controls,,11/29/2022,Open AP Item,1,64.68,64.68,5
Bill,6402093549-6-12,CENTERPOINT ENERGY,2069,6402093549-6-12,21,US Dollar,1.00,12/19/2022,Dec 2022,Sullivan Process Controls,,12/19/2022,Open AP Item,1,512.09,512.09,3
Bill,C37450,CHASE CONTROLS LP,2073,C37450,2,US Dollar,1.00,11/24/2022,Oct 2022,Sullivan Process Controls,,10/25/2022,Open AP Item,1,600.00,600.00,5
Bill,C37581,CHASE CONTROLS LP,2073,C37581,2,US Dollar,1.00,12/10/2022,Nov 2022,Sullivan Process Controls,,11/10/2022,Open AP Item,1,839.00,839.00,5
Bill,C37748,CHASE CONTROLS LP,2073,C37748,2,US Dollar,1.00,12/30/2022,Nov 2022,Sullivan Process Controls,,11/30/2022,Open AP Item,1,118.00,118.00,5
Bill,C37830,CHASE CONTROLS LP,2073,C37830,2,US Dollar,1.00,01/07/2023,Dec 2022,Sullivan Process Controls,,12/8/2022,Open AP Item,1,400.00,400.00,5
Bill,4135527862,CINTAS CORP,2076,4135527862,20,US Dollar,1.00,11/05/2022,Oct 2022,Sullivan Process Controls,,10/26/2022,Open AP Item,1,158.93,158.93,3
Bill,4136220242,CINTAS CORP,2076,4136220242,20,US Dollar,1.00,11/12/2022,Nov 2022,Sullivan Process Controls,,11/2/2022,Open AP Item,1,54.89,54.89,3
Bill,4136905653,CINTAS CORP,2076,4136905653,20,US Dollar,1.00,11/19/2022,Nov 2022,Sullivan Process Controls,,11/9/2022,Open AP Item,1,54.89,54.89,3
Bill,4137497682,CINTAS CORP,2076,4137497682,20,US Dollar,1.00,11/25/2022,Nov 2022,Sullivan Process Controls,,11/15/2022,Open AP Item,1,200.89,200.89,3
Bill,4138146194,CINTAS CORP,2076,4138146194,20,US Dollar,1.00,12/01/2022,Nov 2022,Sullivan Process Controls,,11/21/2022,Open AP Item,1,158.93,158.93,3
Bill,4138914061,CINTAS CORP,2076,4138914061,20,US Dollar,1.00,12/10/2022,Nov 2022,Sullivan Process Controls,,11/30/2022,Open AP Item,1,54.89,54.89,3
Bill,4139683225,CINTAS CORP,2076,4139683225,20,US Dollar,1.00,12/17/2022,Dec 2022,Sullivan Process Controls,,12/7/2022,Open AP Item,1,54.90,54.90,3
Bill,4140389477,CINTAS CORP,2076,4140389477,20,US Dollar,1.00,12/24/2022,Dec 2022,Sullivan Process Controls,,12/14/2022,Open AP Item,1,54.89,54.89,3
Bill,4141849236,CINTAS CORP,2076,4141849236,20,US Dollar,1.00,01/08/2023,Dec 2022,Sullivan Process Controls,,12/29/2022,Open AP Item,1,54.89,54.89,3
Bill,5133165045,CINTAS CORP (OH),2077,5133165045,2,US Dollar,1.00,12/15/2022,Nov 2022,Sullivan Process Controls,,11/15/2022,Open AP Item,1,55.49,55.49,4
Bill,9202530827,CINTAS CORP (OH),2077,9202530827,2,US Dollar,1.00,12/31/2022,Dec 2022,Sullivan Process Controls,,12/1/2022,Open AP Item,1,96.74,96.74,3
Bill,9202572749,CINTAS CORP (OH),2077,9202572749,2,US Dollar,1.00,12/31/2022,Dec 2022,Sullivan Process Controls,,12/1/2022,Open AP Item,1,96.34,96.34,4
Bill,5136886434,CINTAS CORP (OH),2077,5136886434,2,US Dollar,1.00,01/13/2023,Dec 2022,Sullivan Process Controls,,12/14/2022,Open AP Item,1,42.73,42.73,4
Bill,5138109837,CINTAS CORP (OH),2077,5138109837,2,US Dollar,1.00,01/21/2023,Dec 2022,Sullivan Process Controls,,12/22/2022,Open AP Item,1,547.36,547.36,5
Bill,9206109992,CINTAS CORP (OH),2077,9206109992,2,US Dollar,1.00,01/29/2023,Dec 2022,Sullivan Process Controls,,12/30/2022,Open AP Item,1,119.08,119.08,5
Bill,5100558435,CISCO SYSTEMS INC,2078,5100558435,2,US Dollar,1.00,01/13/2023,Dec 2022,Sullivan Process Controls,,12/14/2022,Open AP Item,1,102.84,102.84,6
Bill,ProcFeeNov,CITY OF HOUSTON WATER,2080,ProcFeeNov,2,US Dollar,1.00,12/07/2022,Nov 2022,Sullivan Process Controls,,11/16/2022,Open AP Item,1,0.50,0.50,5
Bill,ProcFeeDec.,CITY OF HOUSTON WATER,2080,ProcFeeDec.,2,US Dollar,1.00,12/14/2022,Dec 2022,Sullivan Process Controls,,12/14/2022,Open AP Item,1,0.50,0.50,5
Bill,620345101385-12,CITY OF HOUSTON WATER,2080,620345101385-12,2,US Dollar,1.00,01/06/2023,Dec 2022,Sullivan Process Controls,,12/14/2022,Open AP Item,1,217.53,217.53,5
Bill,504,CLB ELECTRICAL SYSTEMS LLC,2081,504,2,US Dollar,1.00,11/23/2022,Oct 2022,Sullivan Process Controls,,10/24/2022,Open AP Item,1,3000.00,3000.00,5
Bill,178316,CLEAN POWER SUPPLY,2082,178316,2,US Dollar,1.00,11/10/2022,Nov 2022,Sullivan Process Controls,,11/10/2022,Open AP Item,1,350.00,350.00,3
Bill,8777703321958533-11,COMCAST,2090,8777703321958533-11,20,US Dollar,1.00,12/11/2022,Nov 2022,Sullivan Process Controls,,11/21/2022,Open AP Item,1,313.81,313.81,5
Bill,8777703321958533-12,COMCAST,2090,8777703321958533-12,20,US Dollar,1.00,01/11/2023,Dec 2022,Sullivan Process Controls,,12/26/2022,Open AP Item,1,313.81,313.81,5
Bill,5205,CONVERGE DESIGN,2093,5205,2,US Dollar,1.00,12/31/2022,Dec 2022,Sullivan Process Controls,,12/1/2022,Open AP Item,1,356.50,356.50,3
Bill,INV0390832,CORROSION MATERIALS,2094,INV0390832,2,US Dollar,1.00,01/04/2023,Dec 2022,Sullivan Process Controls,,12/5/2022,Open AP Item,1,341.93,341.93,3
Bill,396752,CVS CONTROLS LTD.,2099,396752,2,US Dollar,1.00,11/30/2022,Oct 2022,Sullivan Process Controls,,10/31/2022,Open AP Item,1,7929.00,7929.00,3
Bill,396753,CVS CONTROLS LTD.,2099,396753,2,US Dollar,1.00,11/30/2022,Oct 2022,Sullivan Process Controls,,10/31/2022,Open AP Item,1,89.70,89.70,3
Bill,397004,CVS CONTROLS LTD.,2099,397004,2,US Dollar,1.00,12/03/2022,Nov 2022,Sullivan Process Controls,,11/3/2022,Open AP Item,1,1589.90,1589.90,3
Bill,397005,CVS CONTROLS LTD.,2099,397005,2,US Dollar,1.00,12/03/2022,Nov 2022,Sullivan Process Controls,,11/3/2022,Open AP Item,1,1421.60,1421.60,3
Bill,397006,CVS CONTROLS LTD.,2099,397006,2,US Dollar,1.00,12/03/2022,Nov 2022,Sullivan Process Controls,,11/3/2022,Open AP Item,1,1172.20,1172.20,3
Bill,397105,CVS CONTROLS LTD.,2099,397105,2,US Dollar,1.00,12/07/2022,Nov 2022,Sullivan Process Controls,,11/7/2022,Open AP Item,1,1945.20,1945.20,3
Bill,397621,CVS CONTROLS LTD.,2099,397621,2,US Dollar,1.00,12/16/2022,Nov 2022,Sullivan Process Controls,,11/16/2022,Open AP Item,1,412.65,412.65,3
Bill,397620,CVS CONTROLS LTD.,2099,397620,2,US Dollar,1.00,12/16/2022,Nov 2022,Sullivan Process Controls,,11/16/2022,Open AP Item,1,412.65,412.65,3
Bill,397992,CVS CONTROLS LTD.,2099,397992,2,US Dollar,1.00,12/23/2022,Nov 2022,Sullivan Process Controls,,11/23/2022,Open AP Item,1,1141.02,1141.02,3
Bill,001242-R-0008,DC ELITE LLC,2102,001242-R-0008,4,US Dollar,1.00,11/23/2022,Nov 2022,Sullivan Process Controls,,11/23/2022,Open AP Item,1,44.65,44.65,5
Bill,Dec2022,DC ELITE LLC,2102,Dec2022,4,US Dollar,1.00,12/23/2022,Dec 2022,Sullivan Process Controls,,12/23/2022,Open AP Item,1,44.65,44.65,5
Bill,S221445-4 A,DECA SYSTEMS,2104,S221445-4 A,2,US Dollar,1.00,12/09/2022,Nov 2022,Sullivan Process Controls,,11/9/2022,Open AP Item,1,616.33,616.33,3
Bill,S221445-4,DECA SYSTEMS,2104,S221445-4,2,US Dollar,1.00,12/14/2022,Nov 2022,Sullivan Process Controls,,11/14/2022,Open AP Item,1,233.71,233.71,3
Bill,S221673-5 A,DECA SYSTEMS,2104,S221673-5 A,2,US Dollar,1.00,01/29/2023,Dec 2022,Sullivan Process Controls,,12/30/2022,Open AP Item,1,944.60,944.60,3
Bill,TXKI000005111,DHL EXPRESS,2107,TXKI000005111,23,US Dollar,1.00,11/24/2022,Nov 2022,Sullivan Process Controls,,11/9/2022,Open AP Item,1,2132.15,2132.15,3
Bill,D18922862,DHL EXPRESS,2107,D18922862,23,US Dollar,1.00,11/24/2022,Nov 2022,Sullivan Process Controls,,11/17/2022,Open AP Item,1,3480.63,3480.63,3
Bill,D18923649,DHL EXPRESS,2107,D18923649,23,US Dollar,1.00,11/24/2022,Nov 2022,Sullivan Process Controls,,11/17/2022,Open AP Item,1,99.10,99.10,3
Bill,D18964668,DHL EXPRESS,2107,D18964668,23,US Dollar,1.00,11/29/2022,Nov 2022,Sullivan Process Controls,,11/22/2022,Open AP Item,1,213.92,213.92,3
Bill,TXKI000005125,DHL EXPRESS,2107,TXKI000005125,23,US Dollar,1.00,12/01/2022,Nov 2022,Sullivan Process Controls,,11/16/2022,Open AP Item,1,7325.56,7325.56,3
Bill,TXKI000005125,DHL EXPRESS,2107,TXKI000005125,23,US Dollar,1.00,12/01/2022,Nov 2022,Sullivan Process Controls,,11/16/2022,Open AP Item,1,4194.16,4194.16,5
Bill,TXKID00000153,DHL EXPRESS,2107,TXKID00000153,23,US Dollar,1.00,12/03/2022,Nov 2022,Sullivan Process Controls,,11/18/2022,Open AP Item,1,4397.50,4397.50,3
Bill,D19009116,DHL EXPRESS,2107,D19009116,23,US Dollar,1.00,12/06/2022,Nov 2022,Sullivan Process Controls,,11/29/2022,Open AP Item,1,3412.63,3412.63,5
Bill,D19011291,DHL EXPRESS,2107,D19011291,23,US Dollar,1.00,12/07/2022,Nov 2022,Sullivan Process Controls,,11/30/2022,Open AP Item,1,46.66,46.66,5
Bill,TXKI000005139,DHL EXPRESS,2107,TXKI000005139,23,US Dollar,1.00,12/08/2022,Nov 2022,Sullivan Process Controls,,11/23/2022,Open AP Item,1,1172.94,1172.94,3
Bill,TXKI000005156,DHL EXPRESS,2107,TXKI000005156,23,US Dollar,1.00,12/15/2022,Nov 2022,Sullivan Process Controls,,11/30/2022,Open AP Item,1,1607.31,1607.31,5
Bill,TXKI000005168,DHL EXPRESS,2107,TXKI000005168,23,US Dollar,1.00,12/22/2022,Dec 2022,Sullivan Process Controls,,12/7/2022,Open AP Item,1,361.15,361.15,3
Bill,D19104384,DHL EXPRESS,2107,D19104384,23,US Dollar,1.00,12/22/2022,Dec 2022,Sullivan Process Controls,,12/15/2022,Open AP Item,1,46.66,46.66,5
Bill,D19111248,DHL EXPRESS,2107,D19111248,23,US Dollar,1.00,12/23/2022,Dec 2022,Sullivan Process Controls,,12/16/2022,Open AP Item,1,3428.93,3428.93,3
Bill,TXKI000005174,DHL EXPRESS,2107,TXKI000005174,23,US Dollar,1.00,12/29/2022,Dec 2022,Sullivan Process Controls,,12/14/2022,Open AP Item,1,2596.29,2596.29,3
Bill,D19167097,DHL EXPRESS,2107,D19167097,23,US Dollar,1.00,12/31/2022,Dec 2022,Sullivan Process Controls,,12/24/2022,Open AP Item,1,86.66,86.66,3
Bill,D19183328,DHL EXPRESS,2107,D19183328,23,US Dollar,1.00,01/02/2023,Dec 2022,Sullivan Process Controls,,12/26/2022,Open AP Item,1,139.90,139.90,3
Bill,D19189312,DHL EXPRESS,2107,D19189312,23,US Dollar,1.00,01/04/2023,Dec 2022,Sullivan Process Controls,,12/31/2022,Open AP Item,1,3428.93,3428.93,3
Bill,TXKI000005184,DHL EXPRESS,2107,TXKI000005184,23,US Dollar,1.00,01/05/2023,Dec 2022,Sullivan Process Controls,,12/21/2022,Open AP Item,1,7328.24,7328.24,3
Bill,TXKI000005184,DHL EXPRESS,2107,TXKI000005184,23,US Dollar,1.00,01/05/2023,Dec 2022,Sullivan Process Controls,,12/21/2022,Open AP Item,1,1058.67,1058.67,5
Bill,D19219404,DHL EXPRESS,2107,D19219404,23,US Dollar,1.00,01/07/2023,Dec 2022,Sullivan Process Controls,,12/31/2022,Open AP Item,1,268.66,268.66,3
Bill,D19215967,DHL EXPRESS,2107,D19215967,23,US Dollar,1.00,01/07/2023,Dec 2022,Sullivan Process Controls,,12/31/2022,Open AP Item,1,46.66,46.66,5
Bill,D19205163,DHL EXPRESS,2107,D19205163,23,US Dollar,1.00,01/07/2023,Dec 2022,Sullivan Process Controls,,12/31/2022,Open AP Item,1,46.66,46.66,3
Bill,TXKI000005196,DHL EXPRESS,2107,TXKI000005196,23,US Dollar,1.00,01/12/2023,Dec 2022,Sullivan Process Controls,,12/28/2022,Open AP Item,1,941.53,941.53,3
Bill,TXKI000005205,DHL EXPRESS,2107,TXKI000005205,23,US Dollar,1.00,01/15/2023,Dec 2022,Sullivan Process Controls,,12/31/2022,Open AP Item,1,6775.34,6775.34,3
Bill,TXKI000005205,DHL EXPRESS,2107,TXKI000005205,23,US Dollar,1.00,01/15/2023,Dec 2022,Sullivan Process Controls,,12/31/2022,Open AP Item,1,1884.03,1884.03,5
Bill,MD-1165,DIGIBOX CREATIVE,2108,MD-1165,20,US Dollar,1.00,11/07/2022,Nov 2022,Sullivan Process Controls,,11/2/2022,Open AP Item,1,2000.00,2000.00,3
Bill,MD-1167,DIGIBOX CREATIVE,2108,MD-1167,20,US Dollar,1.00,11/30/2022,Nov 2022,Sullivan Process Controls,,11/30/2022,Open AP Item,1,2000.00,2000.00,3
Bill,146891,DMR MECHANICAL,2110,146891,4,US Dollar,1.00,11/30/2022,Nov 2022,Sullivan Process Controls,,11/1/2022,Open AP Item,1,2056.19,2056.19,4
Bill,149275,DMR MECHANICAL,2110,149275,2,US Dollar,1.00,12/01/2022,Dec 2022,Sullivan Process Controls,,12/1/2022,Open AP Item,1,2822.12,2822.12,3
Bill,408868,EDGE COMMUNICATIONS,2116,408868,2,US Dollar,1.00,01/05/2023,Dec 2022,Sullivan Process Controls,,12/6/2022,Open AP Item,1,181.54,181.54,5
Bill,IN3365,EDGE OFFICE PRODUCTS,2117,IN3365,2,US Dollar,1.00,12/21/2022,Nov 2022,Sullivan Process Controls,,11/21/2022,Open AP Item,1,60.70,60.70,4
Bill,IN3365,EDGE OFFICE PRODUCTS,2117,IN3365,2,US Dollar,1.00,12/21/2022,Nov 2022,Sullivan Process Controls,,11/21/2022,Open AP Item,1,58.20,58.20,5
Bill,IN3365,EDGE OFFICE PRODUCTS,2117,IN3365,2,US Dollar,1.00,12/21/2022,Nov 2022,Sullivan Process Controls,,11/21/2022,Open AP Item,1,52.00,52.00,3
Bill,30816,ELECTROLESS NICKEL PLATING OF LA,2119,30816,2,US Dollar,1.00,11/30/2022,Oct 2022,Sullivan Process Controls,,10/31/2022,Open AP Item,1,45.00,45.00,3
Bill,30912,ELECTROLESS NICKEL PLATING OF LA,2119,30912,2,US Dollar,1.00,12/14/2022,Dec 2022,Sullivan Process Controls,,12/1/2022,Open AP Item,1,99.88,99.88,3
Bill,03-61005-01,ELLIOTT ELECTRIC SUPPLY,2121,03-61005-01,2,US Dollar,1.00,12/30/2022,Nov 2022,Sullivan Process Controls,,11/30/2022,Open AP Item,1,566.08,566.08,3
Bill,03-61005-02,ELLIOTT ELECTRIC SUPPLY,2121,03-61005-02,2,US Dollar,1.00,12/30/2022,Nov 2022,Sullivan Process Controls,,11/30/2022,Open AP Item,1,266.01,266.01,3
Bill,03-61005-03,ELLIOTT ELECTRIC SUPPLY,2121,03-61005-03,2,US Dollar,1.00,12/31/2022,Dec 2022,Sullivan Process Controls,,12/1/2022,Open AP Item,1,182.37,182.37,3
Bill,510607,EPSI,2125,510607,2,US Dollar,1.00,12/02/2022,Nov 2022,Sullivan Process Controls,,11/2/2022,Open AP Item,1,66.95,66.95,3
Bill,511002,EPSI,2125,511002,2,US Dollar,1.00,12/08/2022,Nov 2022,Sullivan Process Controls,,11/8/2022,Open AP Item,1,481.30,481.30,5
Bill,511328,EPSI,2125,511328,2,US Dollar,1.00,12/11/2022,Nov 2022,Sullivan Process Controls,,11/11/2022,Open AP Item,1,74.64,74.64,3
Bill,511407,EPSI,2125,511407,2,US Dollar,1.00,12/14/2022,Nov 2022,Sullivan Process Controls,,11/14/2022,Open AP Item,1,201.55,201.55,3
Bill,371110,ESP,2128,371110,2,US Dollar,1.00,12/29/2022,Dec 2022,Sullivan Process Controls,,12/1/2022,Open AP Item,1,553.50,553.50,3
Bill,371109,ESP,2128,371109,2,US Dollar,1.00,12/29/2022,Dec 2022,Sullivan Process Controls,,12/1/2022,Open AP Item,1,295.20,295.20,3
Bill,373169,ESP,2128,373169,2,US Dollar,1.00,01/12/2023,Dec 2022,Sullivan Process Controls,,12/13/2022,Open AP Item,1,101.22,101.22,3
Bill,374070,ESP,2128,374070,2,US Dollar,1.00,01/19/2023,Dec 2022,Sullivan Process Controls,,12/20/2022,Open AP Item,1,482.00,482.00,3
Bill,SCRI-1237,ETHEREDGE INDUSTRIAL SERVICES,3200,SCRI-1237,2,US Dollar,1.00,12/31/2022,Dec 2022,Sullivan Process Controls,,12/1/2022,Open AP Item,1,4302.71,4302.71,3
Bill,274855,FAIRCHILD INDUSTRIAL PRODUCTS,2130,274855,2,US Dollar,1.00,11/20/2022,Oct 2022,Sullivan Process Controls,,10/21/2022,Open AP Item,1,3640.80,3640.80,3
Bill,274856,FAIRCHILD INDUSTRIAL PRODUCTS,2130,274856,2,US Dollar,1.00,11/20/2022,Oct 2022,Sullivan Process Controls,,10/21/2022,Open AP Item,1,1021.22,1021.22,3
Bill,274942,FAIRCHILD INDUSTRIAL PRODUCTS,2130,274942,2,US Dollar,1.00,11/24/2022,Oct 2022,Sullivan Process Controls,,10/25/2022,Open AP Item,1,20355.83,20355.83,5
Bill,275061,FAIRCHILD INDUSTRIAL PRODUCTS,2130,275061,2,US Dollar,1.00,11/24/2022,Oct 2022,Sullivan Process Controls,,10/25/2022,Open AP Item,1,830.85,830.85,5
Bill,276838,FAIRCHILD INDUSTRIAL PRODUCTS,2130,276838,2,US Dollar,1.00,12/18/2022,Nov 2022,Sullivan Process Controls,,11/18/2022,Open AP Item,1,1115.20,1115.20,3
Bill,277263,FAIRCHILD INDUSTRIAL PRODUCTS,2130,277263,2,US Dollar,1.00,12/23/2022,Nov 2022,Sullivan Process Controls,,11/23/2022,Open AP Item,1,1000.10,1000.10,5
Bill,277606,FAIRCHILD INDUSTRIAL PRODUCTS,2130,277606,2,US Dollar,1.00,12/31/2022,Dec 2022,Sullivan Process Controls,,12/1/2022,Open AP Item,1,4569.68,4569.68,3
Bill,277602,FAIRCHILD INDUSTRIAL PRODUCTS,2130,277602,2,US Dollar,1.00,12/31/2022,Dec 2022,Sullivan Process Controls,,12/1/2022,Open AP Item,1,4154.25,4154.25,3
Bill,277603,FAIRCHILD INDUSTRIAL PRODUCTS,2130,277603,2,US Dollar,1.00,12/31/2022,Dec 2022,Sullivan Process Controls,,12/1/2022,Open AP Item,1,4154.25,4154.25,3
Bill,277604,FAIRCHILD INDUSTRIAL PRODUCTS,2130,277604,2,US Dollar,1.00,12/31/2022,Dec 2022,Sullivan Process Controls,,12/1/2022,Open AP Item,1,4154.25,4154.25,3
Bill,277605,FAIRCHILD INDUSTRIAL PRODUCTS,2130,277605,2,US Dollar,1.00,12/31/2022,Dec 2022,Sullivan Process Controls,,12/1/2022,Open AP Item,1,4154.25,4154.25,3
Bill,278281,FAIRCHILD INDUSTRIAL PRODUCTS,2130,278281,2,US Dollar,1.00,01/12/2023,Dec 2022,Sullivan Process Controls,,12/13/2022,Open AP Item,1,21186.68,21186.68,3
Bill,TXVIC176452,FASTENAL COMPANY,2131,TXVIC176452,2,US Dollar,1.00,11/30/2022,Oct 2022,Sullivan Process Controls,,10/31/2022,Open AP Item,1,1709.29,1709.29,4
Bill,TXVIC176504,FASTENAL COMPANY,2131,TXVIC176504,2,US Dollar,1.00,11/30/2022,Nov 2022,Sullivan Process Controls,,11/1/2022,Open AP Item,1,498.03,498.03,4
Bill,TXVIC176693,FASTENAL COMPANY,2131,TXVIC176693,2,US Dollar,1.00,12/14/2022,Nov 2022,Sullivan Process Controls,,11/14/2022,Open AP Item,1,33.95,33.95,4
Bill,TXVIC176741,FASTENAL COMPANY,2131,TXVIC176741,2,US Dollar,1.00,12/22/2022,Nov 2022,Sullivan Process Controls,,11/22/2022,Open AP Item,1,45.34,45.34,5
Bill,TXVIC176697,FASTENAL COMPANY,2131,TXVIC176697,2,US Dollar,1.00,12/29/2022,Nov 2022,Sullivan Process Controls,,11/29/2022,Open AP Item,1,860.40,860.40,4
Bill,TXVIC176686,FASTENAL COMPANY,2131,TXVIC176686,2,US Dollar,1.00,12/29/2022,Nov 2022,Sullivan Process Controls,,11/29/2022,Open AP Item,1,130.38,130.38,4
Bill,TXVIC17658,FASTENAL COMPANY,2131,TXVIC17658,2,US Dollar,1.00,12/29/2022,Nov 2022,Sullivan Process Controls,,11/29/2022,Open AP Item,1,35.70,35.70,4
Bill,81730,FLOW CONTROL EQUIPMENT,2137,81730,2,US Dollar,1.00,12/08/2022,Nov 2022,Sullivan Process Controls,,11/8/2022,Open AP Item,1,4200.00,4200.00,3
Bill,81800,FLOW CONTROL EQUIPMENT,2137,81800,2,US Dollar,1.00,12/14/2022,Dec 2022,Sullivan Process Controls,,12/1/2022,Open AP Item,1,1685.00,1685.00,3
Bill,SPE-22-23-1442,FLOW LINK SYSTEMS,2138,SPE-22-23-1442,2,US Dollar,1.00,01/04/2023,Dec 2022,Sullivan Process Controls,,12/5/2022,Open AP Item,1,15408.60,15408.60,3
Bill,2240226,FLOWSERVE CORP,2139,2240226,2,US Dollar,1.00,11/20/2022,Oct 2022,Sullivan Process Controls,,10/21/2022,Open AP Item,1,990.00,990.00,4
Bill,2242860,FLOWSERVE CORP,2139,2242860,2,US Dollar,1.00,11/30/2022,Oct 2022,Sullivan Process Controls,,10/31/2022,Open AP Item,1,790.00,790.00,4
Bill,2246990,FLOWSERVE CORP,2139,2246990,2,US Dollar,1.00,12/30/2022,Nov 2022,Sullivan Process Controls,,11/30/2022,Open AP Item,1,1657.02,1657.02,4
Bill,2246986,FLOWSERVE CORP,2139,2246986,2,US Dollar,1.00,12/30/2022,Nov 2022,Sullivan Process Controls,,11/30/2022,Open AP Item,1,285.84,285.84,4
Bill,2246987,FLOWSERVE CORP,2139,2246987,2,US Dollar,1.00,12/30/2022,Nov 2022,Sullivan Process Controls,,11/30/2022,Open AP Item,1,249.90,249.90,4
Bill,2246989,FLOWSERVE CORP,2139,2246989,2,US Dollar,1.00,12/30/2022,Nov 2022,Sullivan Process Controls,,11/30/2022,Open AP Item,1,228.95,228.95,4
Bill,2248298,FLOWSERVE CORP,2139,2248298,2,US Dollar,1.00,12/31/2022,Dec 2022,Sullivan Process Controls,,12/1/2022,Open AP Item,1,1028.50,1028.50,4
Bill,2247827,FLOWSERVE CORP,2139,2247827,2,US Dollar,1.00,01/01/2023,Dec 2022,Sullivan Process Controls,,12/2/2022,Open AP Item,1,105.90,105.90,4
Bill,2248598,FLOWSERVE CORP,2139,2248598,2,US Dollar,1.00,01/06/2023,Dec 2022,Sullivan Process Controls,,12/7/2022,Open AP Item,1,3414.78,3414.78,4
Bill,2249181,FLOWSERVE CORP,2139,2249181,2,US Dollar,1.00,01/08/2023,Dec 2022,Sullivan Process Controls,,12/9/2022,Open AP Item,1,3389.82,3389.82,4
Bill,2249682,FLOWSERVE CORP,2139,2249682,2,US Dollar,1.00,01/12/2023,Dec 2022,Sullivan Process Controls,,12/13/2022,Open AP Item,1,2979.16,2979.16,3
Bill,58407594-12,FORD CREDIT.,2140,58407594-12,21,US Dollar,1.00,01/02/2023,Dec 2022,Sullivan Process Controls,,12/13/2022,Open AP Item,1,788.67,788.67,3
Bill,58549813-12,FORD CREDIT.,2140,58549813-12,21,US Dollar,1.00,01/09/2023,Dec 2022,Sullivan Process Controls,,12/20/2022,Open AP Item,1,558.49,558.49,4
Bill,59996394-12,FORD CREDIT.,2140,59996394-12,21,US Dollar,1.00,01/18/2023,Dec 2022,Sullivan Process Controls,,12/29/2022,Open AP Item,1,1069.82,1069.82,4
Bill,FUEL DEC.,FUELMAN,2143,FUEL DEC.,20,US Dollar,1.00,01/12/2023,Dec 2022,Sullivan Process Controls,,12/31/2022,Open AP Item,1,1190.50,1190.50,4
Bill,FUEL DEC.,FUELMAN,2143,FUEL DEC.,20,US Dollar,1.00,01/12/2023,Dec 2022,Sullivan Process Controls,,12/31/2022,Open AP Item,1,1188.60,1188.60,3
Bill,FUEL DEC.,FUELMAN,2143,FUEL DEC.,20,US Dollar,1.00,01/12/2023,Dec 2022,Sullivan Process Controls,,12/31/2022,Open AP Item,1,793.35,793.35,5
Bill,37326378,GAS AND SUPPLY OF TEXAS,2144,37326378,2,US Dollar,1.00,11/30/2022,Oct 2022,Sullivan Process Controls,,10/31/2022,Open AP Item,1,365.84,365.84,3
Bill,37355939,GAS AND SUPPLY OF TEXAS,2144,37355939,2,US Dollar,1.00,12/11/2022,Nov 2022,Sullivan Process Controls,,11/11/2022,Open AP Item,1,218.26,218.26,3
Bill,37390891,GAS AND SUPPLY OF TEXAS,2144,37390891,2,US Dollar,1.00,12/30/2022,Nov 2022,Sullivan Process Controls,,11/30/2022,Open AP Item,1,365.84,365.84,3
Bill,37454949,GAS AND SUPPLY OF TEXAS,2144,37454949,2,US Dollar,1.00,01/30/2023,Dec 2022,Sullivan Process Controls,,12/31/2022,Open AP Item,1,365.84,365.84,3
Bill,131264,"GEMTRIM OF HOUMA, LLC",2145,131264,2,US Dollar,1.00,12/16/2022,Dec 2022,Sullivan Process Controls,,12/1/2022,Open AP Item,1,1134.00,1134.00,3
Bill,131262,"GEMTRIM OF HOUMA, LLC",2145,131262,2,US Dollar,1.00,12/16/2022,Dec 2022,Sullivan Process Controls,,12/1/2022,Open AP Item,1,697.00,697.00,3
Bill,131520,"GEMTRIM OF HOUMA, LLC",2145,131520,2,US Dollar,1.00,01/28/2023,Dec 2022,Sullivan Process Controls,,12/29/2022,Open AP Item,1,1134.00,1134.00,3
Bill,34719,GENE'S MACHINE,2146,34719,2,US Dollar,1.00,12/01/2022,Nov 2022,Sullivan Process Controls,,11/1/2022,Open AP Item,1,715.00,715.00,4
Bill,34795,GENE'S MACHINE,2146,34795,2,US Dollar,1.00,01/20/2023,Dec 2022,Sullivan Process Controls,,12/21/2022,Open AP Item,1,550.00,550.00,4
Bill,9489565193,GRAINGER,2151,9489565193,2,US Dollar,1.00,11/23/2022,Oct 2022,Sullivan Process Controls,,10/24/2022,Open AP Item,1,119.04,119.04,3
Bill,9518921235,GRAINGER,2151,9518921235,2,US Dollar,1.00,12/18/2022,Nov 2022,Sullivan Process Controls,,11/18/2022,Open AP Item,1,186.18,186.18,3
Bill,9525595204,GRAINGER,2151,9525595204,2,US Dollar,1.00,12/28/2022,Dec 2022,Sullivan Process Controls,,12/1/2022,Open AP Item,1,276.91,276.91,5
Bill,9527179817,GRAINGER,2151,9527179817,2,US Dollar,1.00,12/29/2022,Nov 2022,Sullivan Process Controls,,11/29/2022,Open AP Item,1,91.13,91.13,3
Bill,9535101605,GRAINGER,2151,9535101605,2,US Dollar,1.00,01/05/2023,Dec 2022,Sullivan Process Controls,,12/6/2022,Open AP Item,1,14.92,14.92,3
Bill,9536537286,GRAINGER,2151,9536537286,2,US Dollar,1.00,01/06/2023,Dec 2022,Sullivan Process Controls,,12/7/2022,Open AP Item,1,209.81,209.81,3
Bill,9543509203,GRAINGER,2151,9543509203,2,US Dollar,1.00,01/12/2023,Dec 2022,Sullivan Process Controls,,12/13/2022,Open AP Item,1,34.93,34.93,3
Bill,9556185115,GRAINGER,2151,9556185115,2,US Dollar,1.00,01/26/2023,Dec 2022,Sullivan Process Controls,,12/27/2022,Open AP Item,1,122.64,122.64,3
Bill,9556093863,GRAINGER,2151,9556093863,2,US Dollar,1.00,01/26/2023,Dec 2022,Sullivan Process Controls,,12/27/2022,Open AP Item,1,94.11,94.11,3
Bill,DECINT,GULF CAPITAL BANK,2156,DECINT,20,US Dollar,1.00,01/12/2023,Dec 2022,Sullivan Process Controls,,12/31/2022,Open AP Item,1,2417.00,2417.00,6
Bill,BW226089-02,GULF COAST TMC.,2157,BW226089-02,2,US Dollar,1.00,11/30/2022,Oct 2022,Sullivan Process Controls,,10/31/2022,Open AP Item,1,5410.00,5410.00,3
Bill,BT229219,GULF COAST TMC.,2157,BT229219,2,US Dollar,1.00,12/18/2022,Nov 2022,Sullivan Process Controls,,11/18/2022,Open AP Item,1,485.25,485.25,3
Bill,399290,Gustavo Villafuerte,2159,399290,20,US Dollar,1.00,01/08/2023,Dec 2022,Sullivan Process Controls,,12/29/2022,Open AP Item,1,225.00,225.00,5
Bill,789451,HANSON SPRING CO,2161,789451,2,US Dollar,1.00,11/17/2022,Oct 2022,Sullivan Process Controls,,10/18/2022,Open AP Item,1,872.00,872.00,3
Bill,791237,HANSON SPRING CO,2161,791237,2,US Dollar,1.00,12/03/2022,Nov 2022,Sullivan Process Controls,,11/3/2022,Open AP Item,1,1192.00,1192.00,3
Bill,793286,HANSON SPRING CO,2161,793286,2,US Dollar,1.00,12/24/2022,Nov 2022,Sullivan Process Controls,,11/24/2022,Open AP Item,1,967.75,967.75,3
Bill,796265,HANSON SPRING CO,2161,796265,2,US Dollar,1.00,01/21/2023,Dec 2022,Sullivan Process Controls,,12/22/2022,Open AP Item,1,1456.25,1456.25,3
Bill,796266,HANSON SPRING CO,2161,796266,2,US Dollar,1.00,01/21/2023,Dec 2022,Sullivan Process Controls,,12/22/2022,Open AP Item,1,1264.00,1264.00,3
Bill,13177197,HARTZ PEST CONTROLS,2162,13177197,1,US Dollar,1.00,12/27/2022,Dec 2022,Sullivan Process Controls,,12/12/2022,Open AP Item,1,286.86,286.86,3
Bill,82651,"HAYGOR INSTRUMENT & ENG., INC.",2165,82651,2,US Dollar,1.00,11/30/2022,Oct 2022,Sullivan Process Controls,,10/31/2022,Open AP Item,1,1415.00,1415.00,3
Bill,82645,"HAYGOR INSTRUMENT & ENG., INC.",2165,82645,2,US Dollar,1.00,11/30/2022,Oct 2022,Sullivan Process Controls,,10/31/2022,Open AP Item,1,1340.00,1340.00,3
Bill,82638,"HAYGOR INSTRUMENT & ENG., INC.",2165,82638,2,US Dollar,1.00,11/30/2022,Oct 2022,Sullivan Process Controls,,10/31/2022,Open AP Item,1,1260.00,1260.00,3
Bill,82661,"HAYGOR INSTRUMENT & ENG., INC.",2165,82661,2,US Dollar,1.00,11/30/2022,Oct 2022,Sullivan Process Controls,,10/31/2022,Open AP Item,1,475.00,475.00,3
Bill,83201,"HAYGOR INSTRUMENT & ENG., INC.",2165,83201,2,US Dollar,1.00,01/07/2023,Dec 2022,Sullivan Process Controls,,12/8/2022,Open AP Item,1,730.00,730.00,3
Bill,83357,"HAYGOR INSTRUMENT & ENG., INC.",2165,83357,2,US Dollar,1.00,01/15/2023,Dec 2022,Sullivan Process Controls,,12/16/2022,Open AP Item,1,32.91,32.91,3
Bill,4774,HOOPERS MACHINE & WELD SERVICE,2173,4774,2,US Dollar,1.00,12/09/2022,Nov 2022,Sullivan Process Controls,,11/9/2022,Open AP Item,1,850.00,850.00,3
Bill,4775,HOOPERS MACHINE & WELD SERVICE,2173,4775,2,US Dollar,1.00,12/09/2022,Nov 2022,Sullivan Process Controls,,11/9/2022,Open AP Item,1,850.00,850.00,3
Bill,4785,HOOPERS MACHINE & WELD SERVICE,2173,4785,2,US Dollar,1.00,12/17/2022,Nov 2022,Sullivan Process Controls,,11/17/2022,Open AP Item,1,1700.00,1700.00,3
Bill,237174,HOUMA VALVE SERVICE,2174,237174,2,US Dollar,1.00,11/25/2022,Oct 2022,Sullivan Process Controls,,10/26/2022,Open AP Item,1,422.20,422.20,3
Bill,437904-1,INDUSTRIAL EQUIPMENT CO,2180,437904-1,2,US Dollar,1.00,10/31/2022,Oct 2022,Sullivan Process Controls,,10/31/2022,Open AP Item,1,489.84,489.84,3
Bill,435820-1,INDUSTRIAL EQUIPMENT CO,2180,435820-1,2,US Dollar,1.00,11/17/2022,Oct 2022,Sullivan Process Controls,,10/18/2022,Open AP Item,1,663.00,663.00,3
Bill,436563-1,INDUSTRIAL EQUIPMENT CO,2180,436563-1,2,US Dollar,1.00,12/08/2022,Dec 2022,Sullivan Process Controls,,12/1/2022,Open AP Item,1,308.10,308.10,3
Bill,437889-1,INDUSTRIAL EQUIPMENT CO,2180,437889-1,2,US Dollar,1.00,12/10/2022,Dec 2022,Sullivan Process Controls,,12/1/2022,Open AP Item,1,248.67,248.67,3
Bill,196433,INTERSTATE INDUSTRIES,2183,196433,2,US Dollar,1.00,01/13/2023,Dec 2022,Sullivan Process Controls,,12/14/2022,Open AP Item,1,1307.16,1307.16,3
Bill,295234/2,IVEY'S HAUGHTON,2186,295234/2,20,US Dollar,1.00,11/26/2022,Nov 2022,Sullivan Process Controls,,11/16/2022,Open AP Item,1,157.02,157.02,3
Bill,295556/2,IVEY'S HAUGHTON,2186,295556/2,20,US Dollar,1.00,12/03/2022,Nov 2022,Sullivan Process Controls,,11/23/2022,Open AP Item,1,70.87,70.87,3
Bill,295488/2,IVEY'S HAUGHTON,2186,295488/2,20,US Dollar,1.00,12/08/2022,Nov 2022,Sullivan Process Controls,,11/28/2022,Open AP Item,1,230.28,230.28,3
Bill,295623/2,IVEY'S HAUGHTON,2186,295623/2,20,US Dollar,1.00,12/11/2022,Dec 2022,Sullivan Process Controls,,12/1/2022,Open AP Item,1,18.86,18.86,3
Bill,295797/2,IVEY'S HAUGHTON,2186,295797/2,20,US Dollar,1.00,12/18/2022,Dec 2022,Sullivan Process Controls,,12/8/2022,Open AP Item,1,271.78,271.78,5
Bill,295830/2,IVEY'S HAUGHTON,2186,295830/2,20,US Dollar,1.00,12/18/2022,Dec 2022,Sullivan Process Controls,,12/8/2022,Open AP Item,1,133.26,133.26,3
Bill,295986/2,IVEY'S HAUGHTON,2186,295986/2,20,US Dollar,1.00,12/24/2022,Dec 2022,Sullivan Process Controls,,12/14/2022,Open AP Item,1,67.64,67.64,3
Bill,296051/2,IVEY'S HAUGHTON,2186,296051/2,20,US Dollar,1.00,12/26/2022,Dec 2022,Sullivan Process Controls,,12/16/2022,Open AP Item,1,107.98,107.98,3
Bill,296191/2,IVEY'S HAUGHTON,2186,296191/2,20,US Dollar,1.00,12/31/2022,Dec 2022,Sullivan Process Controls,,12/21/2022,Open AP Item,1,37.72,37.72,3
Bill,296277/2,IVEY'S HAUGHTON,2186,296277/2,20,US Dollar,1.00,01/06/2023,Dec 2022,Sullivan Process Controls,,12/27/2022,Open AP Item,1,35.14,35.14,3
Bill,296388/2,IVEY'S HAUGHTON,2186,296388/2,20,US Dollar,1.00,01/09/2023,Dec 2022,Sullivan Process Controls,,12/30/2022,Open AP Item,1,72.31,72.31,3
Bill,5156919,J&J EXTERMINATERS,2187,5156919,4,US Dollar,1.00,11/03/2022,Nov 2022,Sullivan Process Controls,,11/3/2022,Open AP Item,1,93.00,93.00,3
Bill,20879,JARECKI VALVES,2188,20879,2,US Dollar,1.00,12/04/2022,Nov 2022,Sullivan Process Controls,,11/4/2022,Open AP Item,1,16495.60,16495.60,3
Bill,PSI336073,JOHN H. CARTER,2191,PSI336073,2,US Dollar,1.00,12/01/2022,Dec 2022,Sullivan Process Controls,,12/1/2022,Open AP Item,1,578.16,578.16,3
Bill,PSI337162,JOHN H. CARTER,2191,PSI337162,2,US Dollar,1.00,12/02/2022,Nov 2022,Sullivan Process Controls,,11/2/2022,Open AP Item,1,289.08,289.08,3
Bill,PSI337161,JOHN H. CARTER,2191,PSI337161,2,US Dollar,1.00,12/02/2022,Nov 2022,Sullivan Process Controls,,11/2/2022,Open AP Item,1,118.81,118.81,3
Bill,PSI337513,JOHN H. CARTER,2191,PSI337513,2,US Dollar,1.00,12/04/2022,Nov 2022,Sullivan Process Controls,,11/4/2022,Open AP Item,1,289.08,289.08,3
Bill,PSI337763,JOHN H. CARTER,2191,PSI337763,2,US Dollar,1.00,12/07/2022,Nov 2022,Sullivan Process Controls,,11/7/2022,Open AP Item,1,118.81,118.81,3
Bill,PSI338464,JOHN H. CARTER,2191,PSI338464,2,US Dollar,1.00,12/10/2022,Nov 2022,Sullivan Process Controls,,11/10/2022,Open AP Item,1,881.81,881.81,3
Bill,PSI338465,JOHN H. CARTER,2191,PSI338465,2,US Dollar,1.00,12/10/2022,Nov 2022,Sullivan Process Controls,,11/10/2022,Open AP Item,1,241.98,241.98,3
Bill,PSI338976,JOHN H. CARTER,2191,PSI338976,2,US Dollar,1.00,12/14/2022,Nov 2022,Sullivan Process Controls,,11/14/2022,Open AP Item,1,1828.00,1828.00,3
Bill,PSI338975,JOHN H. CARTER,2191,PSI338975,2,US Dollar,1.00,12/14/2022,Nov 2022,Sullivan Process Controls,,11/14/2022,Open AP Item,1,292.05,292.05,3
Bill,PSI339224,JOHN H. CARTER,2191,PSI339224,2,US Dollar,1.00,12/15/2022,Nov 2022,Sullivan Process Controls,,11/15/2022,Open AP Item,1,437.50,437.50,3
Bill,PSI339223,JOHN H. CARTER,2191,PSI339223,2,US Dollar,1.00,12/15/2022,Nov 2022,Sullivan Process Controls,,11/15/2022,Open AP Item,1,116.09,116.09,3
Bill,PSI339222,JOHN H. CARTER,2191,PSI339222,2,US Dollar,1.00,12/15/2022,Nov 2022,Sullivan Process Controls,,11/15/2022,Open AP Item,1,85.02,85.02,3
Bill,PSI340453,JOHN H. CARTER,2191,PSI340453,2,US Dollar,1.00,12/22/2022,Nov 2022,Sullivan Process Controls,,11/22/2022,Open AP Item,1,86.66,86.66,3
Bill,PSI341762,JOHN H. CARTER,2191,PSI341762,2,US Dollar,1.00,12/31/2022,Dec 2022,Sullivan Process Controls,,12/1/2022,Open AP Item,1,29.43,29.43,3
Bill,PSI343180,JOHN H. CARTER,2191,PSI343180,2,US Dollar,1.00,01/08/2023,Dec 2022,Sullivan Process Controls,,12/9/2022,Open AP Item,1,843.66,843.66,3
Bill,PSI343251,JOHN H. CARTER,2191,PSI343251,2,US Dollar,1.00,01/08/2023,Dec 2022,Sullivan Process Controls,,12/9/2022,Open AP Item,1,749.92,749.92,3
Bill,PSI344236,JOHN H. CARTER,2191,PSI344236,2,US Dollar,1.00,01/14/2023,Dec 2022,Sullivan Process Controls,,12/15/2022,Open AP Item,1,1026.78,1026.78,3
Bill,PSI345273,JOHN H. CARTER,2191,PSI345273,2,US Dollar,1.00,01/20/2023,Dec 2022,Sullivan Process Controls,,12/21/2022,Open AP Item,1,1653.15,1653.15,3
Bill,PSI346103,JOHN H. CARTER,2191,PSI346103,2,US Dollar,1.00,01/27/2023,Dec 2022,Sullivan Process Controls,,12/28/2022,Open AP Item,1,85.04,85.04,3
Bill,30158,JORY L. BERNARD,2192,30158,2,US Dollar,1.00,12/18/2022,Nov 2022,Sullivan Process Controls,,11/18/2022,Open AP Item,1,520.00,520.00,3
Bill,30203,JORY L. BERNARD,2192,30203,2,US Dollar,1.00,12/23/2022,Nov 2022,Sullivan Process Controls,,11/23/2022,Open AP Item,1,690.00,690.00,3
Bill,30325,JORY L. BERNARD,2192,30325,2,US Dollar,1.00,01/08/2023,Dec 2022,Sullivan Process Controls,,12/9/2022,Open AP Item,1,1050.00,1050.00,3
Bill,30413,JORY L. BERNARD,2192,30413,2,US Dollar,1.00,01/20/2023,Dec 2022,Sullivan Process Controls,,12/21/2022,Open AP Item,1,2180.00,2180.00,3
Bill,3340646,JOSEPH T RYERSON & SON,2193,3340646,2,US Dollar,1.00,12/02/2022,Nov 2022,Sullivan Process Controls,,11/2/2022,Open AP Item,1,2987.50,2987.50,3
Bill,9303916385,JOSEPH T RYERSON & SON,2193,9303916385,2,US Dollar,1.00,12/11/2022,Dec 2022,Sullivan Process Controls,,12/1/2022,Open AP Item,1,1852.00,1852.00,3
Bill,9303972736,JOSEPH T RYERSON & SON,2193,9303972736,2,US Dollar,1.00,01/15/2023,Dec 2022,Sullivan Process Controls,,12/16/2022,Open AP Item,1,390.12,390.12,3
Bill,REFUND TAX,KAISER FRANCIS OIL COMPANY,2196,REFUND TAX,2,US Dollar,1.00,11/11/2022,Nov 2022,Sullivan Process Controls,,11/11/2022,Open AP Item,1,253.60,253.60,3
Bill,INV453235,KPA,2200,INV453235,2,US Dollar,1.00,12/30/2022,Nov 2022,Sullivan Process Controls,,11/30/2022,Open AP Item,1,245.26,245.26,3
Bill,INV459730,KPA,2200,INV459730,2,US Dollar,1.00,01/20/2023,Dec 2022,Sullivan Process Controls,,12/21/2022,Open AP Item,1,245.26,245.26,3
Bill,32509935,LINDE GAS & EQUIPMENT,2204,32509935,2,US Dollar,1.00,12/22/2022,Nov 2022,Sullivan Process Controls,,11/22/2022,Open AP Item,1,54.13,54.13,4
Bill,32918834,LINDE GAS & EQUIPMENT,2204,32918834,2,US Dollar,1.00,01/07/2023,Dec 2022,Sullivan Process Controls,,12/8/2022,Open AP Item,1,1544.64,1544.64,5
Bill,10-92816,LST HEAT TREATING,2208,10-92816,2,US Dollar,1.00,12/01/2022,Dec 2022,Sullivan Process Controls,,12/1/2022,Open AP Item,1,611.82,611.82,3
Bill,11-92946,LST HEAT TREATING,2208,11-92946,2,US Dollar,1.00,12/17/2022,Nov 2022,Sullivan Process Controls,,11/17/2022,Open AP Item,1,242.22,242.22,3
Bill,11-92958,LST HEAT TREATING,2208,11-92958,2,US Dollar,1.00,12/17/2022,Nov 2022,Sullivan Process Controls,,11/17/2022,Open AP Item,1,181.50,181.50,3
Bill,11-92945,LST HEAT TREATING,2208,11-92945,2,US Dollar,1.00,12/17/2022,Nov 2022,Sullivan Process Controls,,11/17/2022,Open AP Item,1,181.50,181.50,3
Bill,12-93058,LST HEAT TREATING,2208,12-93058,2,US Dollar,1.00,01/08/2023,Dec 2022,Sullivan Process Controls,,12/9/2022,Open AP Item,1,518.89,518.89,3
Bill,12-93084,LST HEAT TREATING,2208,12-93084,2,US Dollar,1.00,01/13/2023,Dec 2022,Sullivan Process Controls,,12/14/2022,Open AP Item,1,161.88,161.88,3
Bill,18208,"M & R MACHINE WORKS, INC",2209,18208,2,US Dollar,1.00,12/01/2022,Nov 2022,Sullivan Process Controls,,11/1/2022,Open AP Item,1,750.00,750.00,5
Bill,18214,"M & R MACHINE WORKS, INC",2209,18214,2,US Dollar,1.00,12/10/2022,Nov 2022,Sullivan Process Controls,,11/10/2022,Open AP Item,1,980.00,980.00,5
Bill,18221,"M & R MACHINE WORKS, INC",2209,18221,2,US Dollar,1.00,12/21/2022,Dec 2022,Sullivan Process Controls,,12/1/2022,Open AP Item,1,735.00,735.00,5
Bill,18222,"M & R MACHINE WORKS, INC",2209,18222,2,US Dollar,1.00,12/21/2022,Dec 2022,Sullivan Process Controls,,12/1/2022,Open AP Item,1,125.00,125.00,5
Bill,18229,"M & R MACHINE WORKS, INC",2209,18229,2,US Dollar,1.00,12/23/2022,Dec 2022,Sullivan Process Controls,,12/1/2022,Open AP Item,1,1290.00,1290.00,3
Bill,18254,"M & R MACHINE WORKS, INC",2209,18254,2,US Dollar,1.00,01/27/2023,Dec 2022,Sullivan Process Controls,,12/28/2022,Open AP Item,1,2500.00,2500.00,5
Bill,764147,M&P FLANGE & PIPE PROTECTION,2211,764147,2,US Dollar,1.00,11/25/2022,Oct 2022,Sullivan Process Controls,,10/26/2022,Open AP Item,1,471.50,471.50,5
Bill,764146,M&P FLANGE & PIPE PROTECTION,2211,764146,2,US Dollar,1.00,11/25/2022,Oct 2022,Sullivan Process Controls,,10/26/2022,Open AP Item,1,367.50,367.50,5
Bill,765211,M&P FLANGE & PIPE PROTECTION,2211,765211,2,US Dollar,1.00,01/12/2023,Dec 2022,Sullivan Process Controls,,12/13/2022,Open AP Item,1,1290.27,1290.27,3
Bill,765212,M&P FLANGE & PIPE PROTECTION,2211,765212,2,US Dollar,1.00,01/12/2023,Dec 2022,Sullivan Process Controls,,12/13/2022,Open AP Item,1,879.02,879.02,3
Bill,ST/INV/883/22-23,M/S SHIVAMTECH ENGINEERING DESIGN PVT. LTD.,2213,ST/INV/883/22-23,2,US Dollar,1.00,01/23/2023,Dec 2022,Sullivan Process Controls,,12/24/2022,Open AP Item,1,468.00,468.00,5
Bill,11440,MACKEY LAW FIRM PLLC,2214,11440,2,US Dollar,1.00,12/01/2022,Nov 2022,Sullivan Process Controls,,11/1/2022,Open AP Item,1,9168.30,9168.30,6
Bill,11505,MACKEY LAW FIRM PLLC,2214,11505,2,US Dollar,1.00,01/14/2023,Dec 2022,Sullivan Process Controls,,12/15/2022,Open AP Item,1,2851.20,2851.20,6
Bill,54517,"MAINLINE MACHINE, INC",2216,54517,2,US Dollar,1.00,12/01/2022,Nov 2022,Sullivan Process Controls,,11/1/2022,Open AP Item,1,750.00,750.00,3
Bill,54538,"MAINLINE MACHINE, INC",2216,54538,2,US Dollar,1.00,12/10/2022,Nov 2022,Sullivan Process Controls,,11/10/2022,Open AP Item,1,426.00,426.00,3
Bill,54551,"MAINLINE MACHINE, INC",2216,54551,2,US Dollar,1.00,12/16/2022,Nov 2022,Sullivan Process Controls,,11/16/2022,Open AP Item,1,1250.00,1250.00,3
Bill,54552,"MAINLINE MACHINE, INC",2216,54552,2,US Dollar,1.00,12/16/2022,Nov 2022,Sullivan Process Controls,,11/16/2022,Open AP Item,1,1250.00,1250.00,3
Bill,54556,"MAINLINE MACHINE, INC",2216,54556,2,US Dollar,1.00,12/17/2022,Nov 2022,Sullivan Process Controls,,11/17/2022,Open AP Item,1,850.00,850.00,3
Bill,54566,"MAINLINE MACHINE, INC",2216,54566,2,US Dollar,1.00,12/21/2022,Nov 2022,Sullivan Process Controls,,11/21/2022,Open AP Item,1,1825.00,1825.00,3
Bill,54565,"MAINLINE MACHINE, INC",2216,54565,2,US Dollar,1.00,12/21/2022,Nov 2022,Sullivan Process Controls,,11/21/2022,Open AP Item,1,1515.00,1515.00,3
Bill,54569,"MAINLINE MACHINE, INC",2216,54569,2,US Dollar,1.00,12/23/2022,Nov 2022,Sullivan Process Controls,,11/23/2022,Open AP Item,1,2054.00,2054.00,3
Bill,54571,"MAINLINE MACHINE, INC",2216,54571,2,US Dollar,1.00,12/28/2022,Nov 2022,Sullivan Process Controls,,11/28/2022,Open AP Item,1,4580.00,4580.00,3
Bill,54591,"MAINLINE MACHINE, INC",2216,54591,2,US Dollar,1.00,01/06/2023,Dec 2022,Sullivan Process Controls,,12/7/2022,Open AP Item,1,400.00,400.00,3
Bill,54592,"MAINLINE MACHINE, INC",2216,54592,2,US Dollar,1.00,01/06/2023,Dec 2022,Sullivan Process Controls,,12/7/2022,Open AP Item,1,250.00,250.00,3
Bill,54608,"MAINLINE MACHINE, INC",2216,54608,2,US Dollar,1.00,01/08/2023,Dec 2022,Sullivan Process Controls,,12/9/2022,Open AP Item,1,4125.00,4125.00,3
Bill,54621,"MAINLINE MACHINE, INC",2216,54621,2,US Dollar,1.00,01/13/2023,Dec 2022,Sullivan Process Controls,,12/14/2022,Open AP Item,1,705.00,705.00,3
Bill,54633,"MAINLINE MACHINE, INC",2216,54633,2,US Dollar,1.00,01/21/2023,Dec 2022,Sullivan Process Controls,,12/22/2022,Open AP Item,1,825.00,825.00,3
Bill,7959,"MASS FLOW TECHNOLOGY, INC",2221,7959,2,US Dollar,1.00,12/14/2022,Nov 2022,Sullivan Process Controls,,11/14/2022,Open AP Item,1,350.00,350.00,3
Bill,7970,"MASS FLOW TECHNOLOGY, INC",2221,7970,2,US Dollar,1.00,12/21/2022,Nov 2022,Sullivan Process Controls,,11/21/2022,Open AP Item,1,2100.00,2100.00,3
Bill,7989,"MASS FLOW TECHNOLOGY, INC",2221,7989,2,US Dollar,1.00,01/04/2023,Dec 2022,Sullivan Process Controls,,12/5/2022,Open AP Item,1,350.00,350.00,3
Bill,7994,"MASS FLOW TECHNOLOGY, INC",2221,7994,2,US Dollar,1.00,01/05/2023,Dec 2022,Sullivan Process Controls,,12/6/2022,Open AP Item,1,125.00,125.00,3
Bill,8003,"MASS FLOW TECHNOLOGY, INC",2221,8003,2,US Dollar,1.00,01/12/2023,Dec 2022,Sullivan Process Controls,,12/13/2022,Open AP Item,1,350.00,350.00,3
Bill,8008,"MASS FLOW TECHNOLOGY, INC",2221,8008,2,US Dollar,1.00,01/13/2023,Dec 2022,Sullivan Process Controls,,12/14/2022,Open AP Item,1,700.00,700.00,3
Bill,86947625,MCMASTER-CARR,2222,86947625,2,US Dollar,1.00,11/23/2022,Oct 2022,Sullivan Process Controls,,10/24/2022,Open AP Item,1,135.81,135.81,3
Bill,87077836,MCMASTER-CARR,2222,87077836,2,US Dollar,1.00,11/24/2022,Oct 2022,Sullivan Process Controls,,10/25/2022,Open AP Item,1,280.82,280.82,5
Bill,87141186,MCMASTER-CARR,2222,87141186,2,US Dollar,1.00,11/25/2022,Oct 2022,Sullivan Process Controls,,10/26/2022,Open AP Item,1,274.80,274.80,3
Bill,87230444,MCMASTER-CARR,2222,87230444,2,US Dollar,1.00,11/26/2022,Oct 2022,Sullivan Process Controls,,10/27/2022,Open AP Item,1,550.72,550.72,3
Bill,87226407,MCMASTER-CARR,2222,87226407,2,US Dollar,1.00,11/26/2022,Oct 2022,Sullivan Process Controls,,10/27/2022,Open AP Item,1,30.72,30.72,3
Bill,87609736,MCMASTER-CARR,2222,87609736,2,US Dollar,1.00,12/03/2022,Nov 2022,Sullivan Process Controls,,11/3/2022,Open AP Item,1,843.92,843.92,5
Bill,87612263,MCMASTER-CARR,2222,87612263,2,US Dollar,1.00,12/03/2022,Nov 2022,Sullivan Process Controls,,11/3/2022,Open AP Item,1,12.50,12.50,3
Bill,87779989,MCMASTER-CARR,2222,87779989,2,US Dollar,1.00,12/07/2022,Nov 2022,Sullivan Process Controls,,11/7/2022,Open AP Item,1,115.25,115.25,3
Bill,87999548,MCMASTER-CARR,2222,87999548,2,US Dollar,1.00,12/10/2022,Nov 2022,Sullivan Process Controls,,11/10/2022,Open AP Item,1,518.50,518.50,3
Bill,88045574,MCMASTER-CARR,2222,88045574,2,US Dollar,1.00,12/11/2022,Nov 2022,Sullivan Process Controls,,11/11/2022,Open AP Item,1,138.03,138.03,3
Bill,88158553,MCMASTER-CARR,2222,88158553,2,US Dollar,1.00,12/14/2022,Nov 2022,Sullivan Process Controls,,11/14/2022,Open AP Item,1,55.16,55.16,3
Bill,88463963,MCMASTER-CARR,2222,88463963,2,US Dollar,1.00,12/18/2022,Nov 2022,Sullivan Process Controls,,11/18/2022,Open AP Item,1,473.37,473.37,5
Bill,88460201,MCMASTER-CARR,2222,88460201,2,US Dollar,1.00,12/18/2022,Nov 2022,Sullivan Process Controls,,11/18/2022,Open AP Item,1,449.25,449.25,3
Bill,88470550,MCMASTER-CARR,2222,88470550,2,US Dollar,1.00,12/18/2022,Dec 2022,Sullivan Process Controls,,12/1/2022,Open AP Item,1,90.66,90.66,5
Bill,88546686,MCMASTER-CARR,2222,88546686,2,US Dollar,1.00,12/21/2022,Nov 2022,Sullivan Process Controls,,11/21/2022,Open AP Item,1,339.68,339.68,3
Bill,88534694,MCMASTER-CARR,2222,88534694,2,US Dollar,1.00,12/21/2022,Nov 2022,Sullivan Process Controls,,11/21/2022,Open AP Item,1,230.39,230.39,5
Bill,88521985,MCMASTER-CARR,2222,88521985,2,US Dollar,1.00,12/21/2022,Nov 2022,Sullivan Process Controls,,11/21/2022,Open AP Item,1,64.90,64.90,3
Bill,88615344,MCMASTER-CARR,2222,88615344,2,US Dollar,1.00,12/22/2022,Nov 2022,Sullivan Process Controls,,11/22/2022,Open AP Item,1,518.50,518.50,3
Bill,88766505,MCMASTER-CARR,2222,88766505,2,US Dollar,1.00,12/28/2022,Nov 2022,Sullivan Process Controls,,11/28/2022,Open AP Item,1,162.30,162.30,3
Bill,88758726,MCMASTER-CARR,2222,88758726,2,US Dollar,1.00,12/28/2022,Dec 2022,Sullivan Process Controls,,12/1/2022,Open AP Item,1,34.21,34.21,5
Bill,89085321,MCMASTER-CARR,2222,89085321,2,US Dollar,1.00,01/01/2023,Dec 2022,Sullivan Process Controls,,12/2/2022,Open AP Item,1,312.52,312.52,3
Bill,89058520,MCMASTER-CARR,2222,89058520,2,US Dollar,1.00,01/01/2023,Dec 2022,Sullivan Process Controls,,12/2/2022,Open AP Item,1,116.54,116.54,5
Bill,89047849,MCMASTER-CARR,2222,89047849,2,US Dollar,1.00,01/01/2023,Dec 2022,Sullivan Process Controls,,12/2/2022,Open AP Item,1,80.05,80.05,3
Bill,89058982,MCMASTER-CARR,2222,89058982,2,US Dollar,1.00,01/01/2023,Dec 2022,Sullivan Process Controls,,12/2/2022,Open AP Item,1,54.45,54.45,5
Bill,89067112,MCMASTER-CARR,2222,89067112,2,US Dollar,1.00,01/01/2023,Dec 2022,Sullivan Process Controls,,12/2/2022,Open AP Item,1,48.44,48.44,5
Bill,89085257,MCMASTER-CARR,2222,89085257,2,US Dollar,1.00,01/01/2023,Dec 2022,Sullivan Process Controls,,12/2/2022,Open AP Item,1,30.26,30.26,3
Bill,89176442,MCMASTER-CARR,2222,89176442,2,US Dollar,1.00,01/04/2023,Dec 2022,Sullivan Process Controls,,12/5/2022,Open AP Item,1,5.85,5.85,5
Bill,89528294,MCMASTER-CARR,2222,89528294,2,US Dollar,1.00,01/11/2023,Dec 2022,Sullivan Process Controls,,12/12/2022,Open AP Item,1,57.19,57.19,3
Bill,89777385,MCMASTER-CARR,2222,89777385,2,US Dollar,1.00,01/14/2023,Dec 2022,Sullivan Process Controls,,12/15/2022,Open AP Item,1,162.30,162.30,3
Bill,89898720,MCMASTER-CARR,2222,89898720,2,US Dollar,1.00,01/18/2023,Dec 2022,Sullivan Process Controls,,12/19/2022,Open AP Item,1,518.50,518.50,3
Bill,90047768,MCMASTER-CARR,2222,90047768,2,US Dollar,1.00,01/20/2023,Dec 2022,Sullivan Process Controls,,12/21/2022,Open AP Item,1,21.48,21.48,3
Bill,90061609,MCMASTER-CARR,2222,90061609,2,US Dollar,1.00,01/20/2023,Dec 2022,Sullivan Process Controls,,12/21/2022,Open AP Item,1,21.09,21.09,3
Bill,90223008,MCMASTER-CARR,2222,90223008,2,US Dollar,1.00,01/27/2023,Dec 2022,Sullivan Process Controls,,12/28/2022,Open AP Item,1,64.59,64.59,5
Bill,90213757,MCMASTER-CARR,2222,90213757,2,US Dollar,1.00,01/27/2023,Dec 2022,Sullivan Process Controls,,12/28/2022,Open AP Item,1,61.47,61.47,3
Bill,90239968,MCMASTER-CARR,2222,90239968,2,US Dollar,1.00,01/27/2023,Dec 2022,Sullivan Process Controls,,12/28/2022,Open AP Item,1,30.14,30.14,5
Bill,90236185,MCMASTER-CARR,2222,90236185,2,US Dollar,1.00,01/27/2023,Dec 2022,Sullivan Process Controls,,12/28/2022,Open AP Item,1,23.46,23.46,3
Bill,90222844,MCMASTER-CARR,2222,90222844,2,US Dollar,1.00,01/27/2023,Dec 2022,Sullivan Process Controls,,12/28/2022,Open AP Item,1,19.17,19.17,3
Bill,105857,MIDWEST VALVE PARTS SUPPLY,2225,105857,2,US Dollar,1.00,11/08/2022,Nov 2022,Sullivan Process Controls,,11/1/2022,Open AP Item,1,2176.00,2176.00,3
Bill,0105845-IN,MIDWEST VALVE PARTS SUPPLY,2225,0105845-IN,2,US Dollar,1.00,11/08/2022,Nov 2022,Sullivan Process Controls,,11/1/2022,Open AP Item,1,65.60,65.60,3
Bill,0106072-IN,MIDWEST VALVE PARTS SUPPLY,2225,0106072-IN,2,US Dollar,1.00,11/14/2022,Nov 2022,Sullivan Process Controls,,11/1/2022,Open AP Item,1,439.00,439.00,3
Bill,0106183-IN,MIDWEST VALVE PARTS SUPPLY,2225,0106183-IN,2,US Dollar,1.00,12/02/2022,Nov 2022,Sullivan Process Controls,,11/2/2022,Open AP Item,1,138.00,138.00,3
Bill,0106195-IN,MIDWEST VALVE PARTS SUPPLY,2225,0106195-IN,2,US Dollar,1.00,12/03/2022,Nov 2022,Sullivan Process Controls,,11/3/2022,Open AP Item,1,1477.60,1477.60,5
Bill,0106203-IN,MIDWEST VALVE PARTS SUPPLY,2225,0106203-IN,2,US Dollar,1.00,12/04/2022,Nov 2022,Sullivan Process Controls,,11/4/2022,Open AP Item,1,130.40,130.40,3
Bill,0106226-IN,MIDWEST VALVE PARTS SUPPLY,2225,0106226-IN,2,US Dollar,1.00,12/09/2022,Nov 2022,Sullivan Process Controls,,11/9/2022,Open AP Item,1,963.20,963.20,3
Bill,0106238-IN,MIDWEST VALVE PARTS SUPPLY,2225,0106238-IN,2,US Dollar,1.00,12/10/2022,Nov 2022,Sullivan Process Controls,,11/10/2022,Open AP Item,1,739.20,739.20,3
Bill,0106237-IN,MIDWEST VALVE PARTS SUPPLY,2225,0106237-IN,2,US Dollar,1.00,12/10/2022,Nov 2022,Sullivan Process Controls,,11/10/2022,Open AP Item,1,484.00,484.00,3
Bill,0106261-IN,MIDWEST VALVE PARTS SUPPLY,2225,0106261-IN,2,US Dollar,1.00,12/15/2022,Nov 2022,Sullivan Process Controls,,11/15/2022,Open AP Item,1,1825.82,1825.82,3
Bill,0106262-IN,MIDWEST VALVE PARTS SUPPLY,2225,0106262-IN,2,US Dollar,1.00,12/15/2022,Nov 2022,Sullivan Process Controls,,11/15/2022,Open AP Item,1,237.60,237.60,3
Bill,0106267-IN,MIDWEST VALVE PARTS SUPPLY,2225,0106267-IN,2,US Dollar,1.00,12/16/2022,Nov 2022,Sullivan Process Controls,,11/16/2022,Open AP Item,1,105.60,105.60,3
Bill,0106268-IN,MIDWEST VALVE PARTS SUPPLY,2225,0106268-IN,2,US Dollar,1.00,12/16/2022,Nov 2022,Sullivan Process Controls,,11/16/2022,Open AP Item,1,105.60,105.60,3
Bill,0106280-IN,MIDWEST VALVE PARTS SUPPLY,2225,0106280-IN,2,US Dollar,1.00,12/18/2022,Nov 2022,Sullivan Process Controls,,11/18/2022,Open AP Item,1,297.60,297.60,4
Bill,0106281-IN,MIDWEST VALVE PARTS SUPPLY,2225,0106281-IN,2,US Dollar,1.00,12/18/2022,Nov 2022,Sullivan Process Controls,,11/18/2022,Open AP Item,1,112.80,112.80,5
Bill,0106284-IN,MIDWEST VALVE PARTS SUPPLY,2225,0106284-IN,2,US Dollar,1.00,12/18/2022,Nov 2022,Sullivan Process Controls,,11/18/2022,Open AP Item,1,48.00,48.00,3
Bill,0106312-IN,MIDWEST VALVE PARTS SUPPLY,2225,0106312-IN,2,US Dollar,1.00,12/28/2022,Nov 2022,Sullivan Process Controls,,11/28/2022,Open AP Item,1,93.60,93.60,3
Bill,0106311-IN,MIDWEST VALVE PARTS SUPPLY,2225,0106311-IN,2,US Dollar,1.00,12/28/2022,Nov 2022,Sullivan Process Controls,,11/28/2022,Open AP Item,1,71.20,71.20,3
Bill,0106329-IN,MIDWEST VALVE PARTS SUPPLY,2225,0106329-IN,2,US Dollar,1.00,12/30/2022,Nov 2022,Sullivan Process Controls,,11/30/2022,Open AP Item,1,2401.80,2401.80,3
Bill,0106327-IN,MIDWEST VALVE PARTS SUPPLY,2225,0106327-IN,2,US Dollar,1.00,12/30/2022,Nov 2022,Sullivan Process Controls,,11/30/2022,Open AP Item,1,72.24,72.24,3
Bill,0106342-IN,MIDWEST VALVE PARTS SUPPLY,2225,0106342-IN,2,US Dollar,1.00,12/31/2022,Dec 2022,Sullivan Process Controls,,12/1/2022,Open AP Item,1,105.60,105.60,3
Bill,0106378-IN,MIDWEST VALVE PARTS SUPPLY,2225,0106378-IN,2,US Dollar,1.00,01/06/2023,Dec 2022,Sullivan Process Controls,,12/7/2022,Open AP Item,1,1467.20,1467.20,3
Bill,0106396-IN,MIDWEST VALVE PARTS SUPPLY,2225,0106396-IN,2,US Dollar,1.00,01/08/2023,Dec 2022,Sullivan Process Controls,,12/9/2022,Open AP Item,1,456.61,456.61,5
Bill,0106427-IN,MIDWEST VALVE PARTS SUPPLY,2225,0106427-IN,2,US Dollar,1.00,01/13/2023,Dec 2022,Sullivan Process Controls,,12/14/2022,Open AP Item,1,1978.80,1978.80,3
Bill,0106426-IN,MIDWEST VALVE PARTS SUPPLY,2225,0106426-IN,2,US Dollar,1.00,01/13/2023,Dec 2022,Sullivan Process Controls,,12/14/2022,Open AP Item,1,259.20,259.20,5
Bill,0106423-IN,MIDWEST VALVE PARTS SUPPLY,2225,0106423-IN,2,US Dollar,1.00,01/13/2023,Dec 2022,Sullivan Process Controls,,12/14/2022,Open AP Item,1,88.00,88.00,5
Bill,0106454-IN,MIDWEST VALVE PARTS SUPPLY,2225,0106454-IN,2,US Dollar,1.00,01/19/2023,Dec 2022,Sullivan Process Controls,,12/20/2022,Open AP Item,1,2483.40,2483.40,3
Bill,0106470-IN,MIDWEST VALVE PARTS SUPPLY,2225,0106470-IN,2,US Dollar,1.00,01/20/2023,Dec 2022,Sullivan Process Controls,,12/21/2022,Open AP Item,1,105.60,105.60,3
Bill,0106483-IN,MIDWEST VALVE PARTS SUPPLY,2225,0106483-IN,2,US Dollar,1.00,01/27/2023,Dec 2022,Sullivan Process Controls,,12/28/2022,Open AP Item,1,572.00,572.00,5
Bill,0106488-IN,MIDWEST VALVE PARTS SUPPLY,2225,0106488-IN,2,US Dollar,1.00,01/27/2023,Dec 2022,Sullivan Process Controls,,12/28/2022,Open AP Item,1,337.60,337.60,3
Bill,0106486-IN,MIDWEST VALVE PARTS SUPPLY,2225,0106486-IN,2,US Dollar,1.00,01/27/2023,Dec 2022,Sullivan Process Controls,,12/28/2022,Open AP Item,1,248.00,248.00,5
Bill,0106498-IN,MIDWEST VALVE PARTS SUPPLY,2225,0106498-IN,2,US Dollar,1.00,01/28/2023,Dec 2022,Sullivan Process Controls,,12/29/2022,Open AP Item,1,1912.00,1912.00,3
Bill,1022453,MIHLFELD & ASSOCIATES,2227,1022453,4,US Dollar,1.00,12/27/2022,Dec 2022,Sullivan Process Controls,,12/27/2022,Open AP Item,1,2841.34,2841.34,3
Bill,49829,MIMS STEEL COMPANY,2229,49829,2,US Dollar,1.00,12/04/2022,Nov 2022,Sullivan Process Controls,,11/4/2022,Open AP Item,1,107.46,107.46,3
Bill,28610,MONARCH STAINLESS LTD,2231,28610,2,US Dollar,1.00,12/07/2022,Nov 2022,Sullivan Process Controls,,11/7/2022,Open AP Item,1,895.00,895.00,3
Bill,28672,MONARCH STAINLESS LTD,2231,28672,2,US Dollar,1.00,12/08/2022,Nov 2022,Sullivan Process Controls,,11/8/2022,Open AP Item,1,1695.00,1695.00,5
Bill,28669,MONARCH STAINLESS LTD,2231,28669,2,US Dollar,1.00,12/11/2022,Nov 2022,Sullivan Process Controls,,11/11/2022,Open AP Item,1,6700.00,6700.00,3
Bill,243,MONARCH STAINLESS LTD,2231,243,2,US Dollar,1.00,01/19/2023,Dec 2022,Sullivan Process Controls,,12/20/2022,Open AP Item,1,813.70,813.70,3
Bill,5651768,"MOODY PRICE, L.L.C.",2233,5651768,2,US Dollar,1.00,11/25/2022,Oct 2022,Sullivan Process Controls,,10/26/2022,Open AP Item,1,627.00,627.00,3
Bill,5657876,"MOODY PRICE, L.L.C.",2233,5657876,2,US Dollar,1.00,12/12/2022,Dec 2022,Sullivan Process Controls,,12/12/2022,Open AP Item,1,217.89,217.89,3
Bill,5657154,"MOODY PRICE, L.L.C.",2233,5657154,2,US Dollar,1.00,01/05/2023,Dec 2022,Sullivan Process Controls,,12/6/2022,Open AP Item,1,434.61,434.61,3
Bill,5658881,"MOODY PRICE, L.L.C.",2233,5658881,2,US Dollar,1.00,01/18/2023,Dec 2022,Sullivan Process Controls,,12/19/2022,Open AP Item,1,627.00,627.00,3
Bill,5658947,"MOODY PRICE, L.L.C.",2233,5658947,2,US Dollar,1.00,01/18/2023,Dec 2022,Sullivan Process Controls,,12/19/2022,Open AP Item,1,396.00,396.00,3
Bill,50690836,MSC,2237,50690836,2,US Dollar,1.00,11/25/2022,Oct 2022,Sullivan Process Controls,,10/26/2022,Open AP Item,1,160.78,160.78,3
Bill,50805346,MSC,2237,50805346,2,US Dollar,1.00,11/26/2022,Oct 2022,Sullivan Process Controls,,10/27/2022,Open AP Item,1,45.02,45.02,3
Bill,52384426,MSC,2237,52384426,2,US Dollar,1.00,11/30/2022,Oct 2022,Sullivan Process Controls,,10/31/2022,Open AP Item,1,436.67,436.67,5
Bill,52384416,MSC,2237,52384416,2,US Dollar,1.00,12/01/2022,Nov 2022,Sullivan Process Controls,,11/1/2022,Open AP Item,1,252.22,252.22,5
Bill,53999676,MSC,2237,53999676,2,US Dollar,1.00,12/03/2022,Nov 2022,Sullivan Process Controls,,11/3/2022,Open AP Item,1,417.11,417.11,5
Bill,53999666,MSC,2237,53999666,2,US Dollar,1.00,12/03/2022,Dec 2022,Sullivan Process Controls,,12/1/2022,Open AP Item,1,481.60,481.60,5
Bill,55172596,MSC,2237,55172596,2,US Dollar,1.00,12/07/2022,Nov 2022,Sullivan Process Controls,,11/7/2022,Open AP Item,1,134.16,134.16,3
Bill,55172586,MSC,2237,55172586,2,US Dollar,1.00,12/08/2022,Nov 2022,Sullivan Process Controls,,11/8/2022,Open AP Item,1,105.27,105.27,3
Bill,56599336,MSC,2237,56599336,2,US Dollar,1.00,12/10/2022,Nov 2022,Sullivan Process Controls,,11/10/2022,Open AP Item,1,195.16,195.16,3
Bill,57487036,MSC,2237,57487036,2,US Dollar,1.00,12/14/2022,Dec 2022,Sullivan Process Controls,,12/1/2022,Open AP Item,1,171.53,171.53,3
Bill,57828846,MSC,2237,57828846,2,US Dollar,1.00,12/15/2022,Dec 2022,Sullivan Process Controls,,12/1/2022,Open AP Item,1,211.41,211.41,3
Bill,58746686,MSC,2237,58746686,2,US Dollar,1.00,12/16/2022,Nov 2022,Sullivan Process Controls,,11/16/2022,Open AP Item,1,267.43,267.43,3
Bill,59160966,MSC,2237,59160966,2,US Dollar,1.00,12/17/2022,Nov 2022,Sullivan Process Controls,,11/17/2022,Open AP Item,1,591.48,591.48,5
Bill,59026696,MSC,2237,59026696,2,US Dollar,1.00,12/18/2022,Nov 2022,Sullivan Process Controls,,11/18/2022,Open AP Item,1,1009.13,1009.13,5
Bill,59655976,MSC,2237,59655976,2,US Dollar,1.00,12/18/2022,Nov 2022,Sullivan Process Controls,,11/18/2022,Open AP Item,1,57.95,57.95,3
Bill,59153546,MSC,2237,59153546,2,US Dollar,1.00,12/18/2022,Nov 2022,Sullivan Process Controls,,11/18/2022,Open AP Item,1,43.87,43.87,3
Bill,60157336,MSC,2237,60157336,2,US Dollar,1.00,12/21/2022,Nov 2022,Sullivan Process Controls,,11/21/2022,Open AP Item,1,608.38,608.38,3
Bill,60348946,MSC,2237,60348946,2,US Dollar,1.00,12/22/2022,Nov 2022,Sullivan Process Controls,,11/22/2022,Open AP Item,1,215.32,215.32,3
Bill,61015686,MSC,2237,61015686,2,US Dollar,1.00,12/23/2022,Nov 2022,Sullivan Process Controls,,11/23/2022,Open AP Item,1,767.17,767.17,3
Bill,60173526,MSC,2237,60173526,2,US Dollar,1.00,12/23/2022,Nov 2022,Sullivan Process Controls,,11/23/2022,Open AP Item,1,763.84,763.84,3
Bill,60363986,MSC,2237,60363986,2,US Dollar,1.00,12/23/2022,Nov 2022,Sullivan Process Controls,,11/23/2022,Open AP Item,1,304.53,304.53,3
Bill,61879536,MSC,2237,61879536,2,US Dollar,1.00,12/29/2022,Nov 2022,Sullivan Process Controls,,11/29/2022,Open AP Item,1,336.52,336.52,3
Bill,62026806,MSC,2237,62026806,2,US Dollar,1.00,12/29/2022,Nov 2022,Sullivan Process Controls,,11/29/2022,Open AP Item,1,168.55,168.55,3
Bill,34846846,MSC,2237,34846846,2,US Dollar,1.00,12/31/2022,Dec 2022,Sullivan Process Controls,,12/1/2022,Open AP Item,1,424.84,424.84,5
Bill,51922486,MSC,2237,51922486,2,US Dollar,1.00,12/31/2022,Dec 2022,Sullivan Process Controls,,12/1/2022,Open AP Item,1,52.89,52.89,5
Bill,63552226,MSC,2237,63552226,2,US Dollar,1.00,01/01/2023,Dec 2022,Sullivan Process Controls,,12/2/2022,Open AP Item,1,342.78,342.78,3
Bill,63603856,MSC,2237,63603856,2,US Dollar,1.00,01/01/2023,Dec 2022,Sullivan Process Controls,,12/2/2022,Open AP Item,1,71.83,71.83,3
Bill,63603846,MSC,2237,63603846,2,US Dollar,1.00,01/04/2023,Dec 2022,Sullivan Process Controls,,12/5/2022,Open AP Item,1,341.90,341.90,3
Bill,64483566,MSC,2237,64483566,2,US Dollar,1.00,01/05/2023,Dec 2022,Sullivan Process Controls,,12/6/2022,Open AP Item,1,78.60,78.60,4
Bill,63552246,MSC,2237,63552246,2,US Dollar,1.00,01/05/2023,Dec 2022,Sullivan Process Controls,,12/6/2022,Open AP Item,1,33.81,33.81,3
Bill,66435036,MSC,2237,66435036,2,US Dollar,1.00,01/11/2023,Dec 2022,Sullivan Process Controls,,12/12/2022,Open AP Item,1,451.80,451.80,3
Bill,68598966,MSC,2237,68598966,2,US Dollar,1.00,01/15/2023,Dec 2022,Sullivan Process Controls,,12/16/2022,Open AP Item,1,356.07,356.07,3
Bill,68863586,MSC,2237,68863586,2,US Dollar,1.00,01/18/2023,Dec 2022,Sullivan Process Controls,,12/19/2022,Open AP Item,1,313.82,313.82,3
Bill,68938206,MSC,2237,68938206,2,US Dollar,1.00,01/18/2023,Dec 2022,Sullivan Process Controls,,12/19/2022,Open AP Item,1,37.59,37.59,3
Bill,69841836,MSC,2237,69841836,2,US Dollar,1.00,01/20/2023,Dec 2022,Sullivan Process Controls,,12/21/2022,Open AP Item,1,457.78,457.78,3
Bill,86985,MUELLER MFG INC,2239,86985,2,US Dollar,1.00,12/09/2022,Nov 2022,Sullivan Process Controls,,11/9/2022,Open AP Item,1,1000.00,1000.00,4
Bill,87012,MUELLER MFG INC,2239,87012,2,US Dollar,1.00,12/10/2022,Nov 2022,Sullivan Process Controls,,11/10/2022,Open AP Item,1,3300.00,3300.00,3
Bill,87548,MUELLER MFG INC,2239,87548,2,US Dollar,1.00,01/18/2023,Dec 2022,Sullivan Process Controls,,12/19/2022,Open AP Item,1,1476.00,1476.00,5
Bill,87613,MUELLER MFG INC,2239,87613,2,US Dollar,1.00,01/21/2023,Dec 2022,Sullivan Process Controls,,12/22/2022,Open AP Item,1,760.00,760.00,5
Bill,87655,MUELLER MFG INC,2239,87655,2,US Dollar,1.00,01/27/2023,Dec 2022,Sullivan Process Controls,,12/28/2022,Open AP Item,1,108.00,108.00,5
Bill,34050100-11,MUSIC MOUNTAIN,2241,34050100-11,20,US Dollar,1.00,12/10/2022,Nov 2022,Sullivan Process Controls,,11/30/2022,Open AP Item,1,40.05,40.05,5
Bill,34050100-12,MUSIC MOUNTAIN,2241,34050100-12,20,US Dollar,1.00,01/10/2023,Dec 2022,Sullivan Process Controls,,12/31/2022,Open AP Item,1,157.70,157.70,3
Bill,DEC. 2022,MUSSIE BUZAYENE,2499,DEC. 2022,4,US Dollar,1.00,12/30/2022,Dec 2022,Sullivan Process Controls,,12/30/2022,Open AP Item,1,600.00,600.00,5
Bill,IV00535736,NAMEPLATES,2244,IV00535736,2,US Dollar,1.00,11/26/2022,Oct 2022,Sullivan Process Controls,,10/27/2022,Open AP Item,1,1361.25,1361.25,3
Bill,IV00535877,NAMEPLATES,2244,IV00535877,2,US Dollar,1.00,11/30/2022,Oct 2022,Sullivan Process Controls,,10/31/2022,Open AP Item,1,372.50,372.50,5
Bill,IV00535959,NAMEPLATES,2244,IV00535959,2,US Dollar,1.00,12/01/2022,Nov 2022,Sullivan Process Controls,,11/1/2022,Open AP Item,1,337.70,337.70,5
Bill,IV00536148,NAMEPLATES,2244,IV00536148,2,US Dollar,1.00,12/04/2022,Nov 2022,Sullivan Process Controls,,11/4/2022,Open AP Item,1,1140.00,1140.00,5
Bill,IV00536316,NAMEPLATES,2244,IV00536316,2,US Dollar,1.00,12/09/2022,Nov 2022,Sullivan Process Controls,,11/9/2022,Open AP Item,1,1017.70,1017.70,5
Bill,IV00537605,NAMEPLATES,2244,IV00537605,2,US Dollar,1.00,01/08/2023,Dec 2022,Sullivan Process Controls,,12/9/2022,Open AP Item,1,925.00,925.00,3
Bill,IV005388283,NAMEPLATES,2244,IV005388283,2,US Dollar,1.00,01/26/2023,Dec 2022,Sullivan Process Controls,,12/27/2022,Open AP Item,1,481.80,481.80,3
Bill,IV00538329,NAMEPLATES,2244,IV00538329,2,US Dollar,1.00,01/27/2023,Dec 2022,Sullivan Process Controls,,12/28/2022,Open AP Item,1,721.60,721.60,3
Bill,434208,NATIONAL SPECIALITY ALLOYS INC,2245,434208,2,US Dollar,1.00,12/18/2022,Nov 2022,Sullivan Process Controls,,11/18/2022,Open AP Item,1,520.00,520.00,3
Bill,2541301,NEC FINANCIAL SERVICES,2248,2541301,21,US Dollar,1.00,01/05/2023,Dec 2022,Sullivan Process Controls,,12/16/2022,Open AP Item,1,202.37,202.37,6
Bill,2541302,NEC FINANCIAL SERVICES,2248,2541302,21,US Dollar,1.00,01/05/2023,Dec 2022,Sullivan Process Controls,,12/16/2022,Open AP Item,1,151.92,151.92,4
Bill,40555513,OLIVER VAN HORN CO LLC,2256,40555513,2,US Dollar,1.00,12/08/2022,Dec 2022,Sullivan Process Controls,,12/8/2022,Open AP Item,1,158.92,158.92,3
Bill,02-20L-OVH-12022,OLIVER VAN HORN CO LLC,2256,02-20L-OVH-12022,2,US Dollar,1.00,12/12/2022,Dec 2022,Sullivan Process Controls,,12/12/2022,Open AP Item,1,158.92,158.92,3
Bill,40546960,OLIVER VAN HORN CO LLC,2256,40546960,2,US Dollar,1.00,12/23/2022,Nov 2022,Sullivan Process Controls,,11/23/2022,Open AP Item,1,217.44,217.44,3
Bill,40552209,OLIVER VAN HORN CO LLC,2256,40552209,2,US Dollar,1.00,01/04/2023,Dec 2022,Sullivan Process Controls,,12/5/2022,Open AP Item,1,218.09,218.09,3
Bill,DEC202,OMEGA-PAYTRACE MERCHANT BANKCARD,3115,DEC202,4,US Dollar,1.00,12/31/2022,Dec 2022,Sullivan Process Controls,,12/31/2022,Open AP Item,1,2920.55,2920.55,3
Bill,DEC2022,OMEGA-PAYTRACE MERCHANT BANKCARD,3115,DEC2022,4,US Dollar,1.00,12/31/2022,Dec 2022,Sullivan Process Controls,,12/31/2022,Open AP Item,1,15.65,15.65,6
Bill,32212,"O'NEALGAS, INC",2253,32212,2,US Dollar,1.00,01/07/2023,Dec 2022,Sullivan Process Controls,,12/8/2022,Open AP Item,1,169.73,169.73,3
Bill,07707-100064-02-6,OPTIMUM,2260,07707-100064-02-6,21,US Dollar,1.00,12/09/2022,Dec 2022,Sullivan Process Controls,,12/9/2022,Open AP Item,1,339.58,339.58,3
Bill,1381386,Optum Bank,2261,1381386,2,US Dollar,1.00,01/06/2023,Dec 2022,Sullivan Process Controls,,12/7/2022,Open AP Item,1,55.00,55.00,6
Bill,030-22/23,Phoenix Manufacturing,2273,030-22/23,2,US Dollar,1.00,12/16/2022,Dec 2022,Sullivan Process Controls,,12/1/2022,Open AP Item,1,6102.59,6102.59,5
Bill,032-22/23,Phoenix Manufacturing,2273,032-22/23,2,US Dollar,1.00,12/31/2022,Dec 2022,Sullivan Process Controls,,12/1/2022,Open AP Item,1,6715.00,6715.00,5
Bill,033-22/23,Phoenix Manufacturing,2273,033-22/23,2,US Dollar,1.00,01/07/2023,Dec 2022,Sullivan Process Controls,,12/8/2022,Open AP Item,1,2355.20,2355.20,3
Bill,031-22/23,Phoenix Manufacturing,2273,031-22/23,2,US Dollar,1.00,01/07/2023,Dec 2022,Sullivan Process Controls,,12/8/2022,Open AP Item,1,2328.06,2328.06,3
Bill,44195,PROGRESSIVE METAL SERVICE,2283,44195,2,US Dollar,1.00,01/04/2023,Dec 2022,Sullivan Process Controls,,12/5/2022,Open AP Item,1,175.00,175.00,3
Bill,44242,PROGRESSIVE METAL SERVICE,2283,44242,2,US Dollar,1.00,01/13/2023,Dec 2022,Sullivan Process Controls,,12/14/2022,Open AP Item,1,237.00,237.00,3
Bill,44253,PROGRESSIVE METAL SERVICE,2283,44253,2,US Dollar,1.00,01/21/2023,Dec 2022,Sullivan Process Controls,,12/22/2022,Open AP Item,1,175.00,175.00,3
Bill,4146335,PUFFER-SWEIVEN,2285,4146335,2,US Dollar,1.00,11/30/2022,Oct 2022,Sullivan Process Controls,,10/31/2022,Open AP Item,1,133.75,133.75,4
Bill,4145413,PUFFER-SWEIVEN,2285,4145413,2,US Dollar,1.00,12/01/2022,Nov 2022,Sullivan Process Controls,,11/1/2022,Open AP Item,1,863.10,863.10,3
Bill,4146729,PUFFER-SWEIVEN,2285,4146729,2,US Dollar,1.00,12/02/2022,Nov 2022,Sullivan Process Controls,,11/2/2022,Open AP Item,1,414.09,414.09,4
Bill,4147653,PUFFER-SWEIVEN,2285,4147653,2,US Dollar,1.00,12/08/2022,Nov 2022,Sullivan Process Controls,,11/8/2022,Open AP Item,1,5309.85,5309.85,5
Bill,4143902,PUFFER-SWEIVEN,2285,4143902,2,US Dollar,1.00,12/31/2022,Dec 2022,Sullivan Process Controls,,12/1/2022,Open AP Item,1,335.98,335.98,3
Bill,4152212,PUFFER-SWEIVEN,2285,4152212,2,US Dollar,1.00,01/08/2023,Dec 2022,Sullivan Process Controls,,12/9/2022,Open AP Item,1,1077.12,1077.12,4
Bill,4152468,PUFFER-SWEIVEN,2285,4152468,2,US Dollar,1.00,01/11/2023,Dec 2022,Sullivan Process Controls,,12/12/2022,Open AP Item,1,3516.24,3516.24,3
Bill,4155676,PUFFER-SWEIVEN,2285,4155676,2,US Dollar,1.00,01/19/2023,Dec 2022,Sullivan Process Controls,,12/20/2022,Open AP Item,1,2212.35,2212.35,5
Bill,4156422,PUFFER-SWEIVEN,2285,4156422,2,US Dollar,1.00,01/21/2023,Dec 2022,Sullivan Process Controls,,12/22/2022,Open AP Item,1,3324.10,3324.10,5
Bill,244979,QUALITY VALVE LLC,2287,244979,2,US Dollar,1.00,12/11/2022,Nov 2022,Sullivan Process Controls,,11/11/2022,Open AP Item,1,4935.00,4935.00,3
Bill,244986,QUALITY VALVE LLC,2287,244986,2,US Dollar,1.00,12/11/2022,Nov 2022,Sullivan Process Controls,,11/11/2022,Open AP Item,1,2459.00,2459.00,3
Bill,244982,QUALITY VALVE LLC,2287,244982,2,US Dollar,1.00,12/11/2022,Nov 2022,Sullivan Process Controls,,11/11/2022,Open AP Item,1,1880.00,1880.00,3
Bill,245222,QUALITY VALVE LLC,2287,245222,2,US Dollar,1.00,12/16/2022,Nov 2022,Sullivan Process Controls,,11/16/2022,Open AP Item,1,2675.00,2675.00,4
Bill,245662,QUALITY VALVE LLC,2287,245662,2,US Dollar,1.00,12/23/2022,Nov 2022,Sullivan Process Controls,,11/23/2022,Open AP Item,1,482.00,482.00,3
Bill,247058,QUALITY VALVE LLC,2287,247058,2,US Dollar,1.00,01/21/2023,Dec 2022,Sullivan Process Controls,,12/22/2022,Open AP Item,1,6500.00,6500.00,3
Bill,247057,QUALITY VALVE LLC,2287,247057,2,US Dollar,1.00,01/26/2023,Dec 2022,Sullivan Process Controls,,12/27/2022,Open AP Item,1,616.00,616.00,3
Bill,247107,QUALITY VALVE LLC,2287,247107,2,US Dollar,1.00,01/27/2023,Dec 2022,Sullivan Process Controls,,12/28/2022,Open AP Item,1,2862.00,2862.00,3
Bill,247213,QUALITY VALVE LLC,2287,247213,2,US Dollar,1.00,01/29/2023,Dec 2022,Sullivan Process Controls,,12/30/2022,Open AP Item,1,482.00,482.00,3
Bill,9201241351,QUEST DIAGNOSTICS,2288,9201241351,2,US Dollar,1.00,11/30/2022,Oct 2022,Sullivan Process Controls,,10/31/2022,Open AP Item,1,39.50,39.50,6
Bill,9201701032,QUEST DIAGNOSTICS,2288,9201701032,2,US Dollar,1.00,12/28/2022,Nov 2022,Sullivan Process Controls,,11/28/2022,Open AP Item,1,39.50,39.50,3
Bill,59906,R&S SUPPLY,2290,59906,2,US Dollar,1.00,12/04/2022,Nov 2022,Sullivan Process Controls,,11/4/2022,Open AP Item,1,1096.00,1096.00,3
Bill,60143,R&S SUPPLY,2290,60143,2,US Dollar,1.00,12/30/2022,Nov 2022,Sullivan Process Controls,,11/30/2022,Open AP Item,1,1198.00,1198.00,3
Bill,60410,R&S SUPPLY,2290,60410,2,US Dollar,1.00,01/08/2023,Dec 2022,Sullivan Process Controls,,12/9/2022,Open AP Item,1,887.50,887.50,3
Bill,60604,R&S SUPPLY,2290,60604,2,US Dollar,1.00,01/20/2023,Dec 2022,Sullivan Process Controls,,12/21/2022,Open AP Item,1,945.36,945.36,3
Bill,3192458,RAWSON OR INDUSTRIAL CONTROLS (ICD),2296,3192458,2,US Dollar,1.00,11/30/2022,Oct 2022,Sullivan Process Controls,,10/31/2022,Open AP Item,1,690.16,690.16,5
Bill,3187494,RAWSON OR INDUSTRIAL CONTROLS (ICD),2296,3187494,2,US Dollar,1.00,01/18/2023,Dec 2022,Sullivan Process Controls,,12/19/2022,Open AP Item,1,632.15,632.15,5
Bill,184003037906,RELIANT,2298,184003037906,21,US Dollar,1.00,01/11/2023,Dec 2022,Sullivan Process Controls,,12/22/2022,Open AP Item,1,352.12,352.12,4
Bill,0975-001138769,REPUBLIC SERVICES  #975,2300,0975-001138769,21,US Dollar,1.00,01/14/2023,Dec 2022,Sullivan Process Controls,,12/25/2022,Open AP Item,1,439.17,439.17,3
Bill,0853-007125466,REPUBLIC SERVICES #853,2301,0853-007125466,21,US Dollar,1.00,01/15/2023,Dec 2022,Sullivan Process Controls,,12/26/2022,Open AP Item,1,120.37,120.37,5
Bill,49728,RMC SALES INC,2304,49728,2,US Dollar,1.00,01/18/2023,Dec 2022,Sullivan Process Controls,,12/19/2022,Open AP Item,1,1280.00,1280.00,3
Bill,49738,RMC SALES INC,2304,49738,2,US Dollar,1.00,01/19/2023,Dec 2022,Sullivan Process Controls,,12/20/2022,Open AP Item,1,2687.86,2687.86,3
Bill,182047,RPP LLC,2306,182047,2,US Dollar,1.00,12/02/2022,Dec 2022,Sullivan Process Controls,,12/1/2022,Open AP Item,1,2450.50,2450.50,3
Bill,182183,RPP LLC,2306,182183,2,US Dollar,1.00,12/09/2022,Dec 2022,Sullivan Process Controls,,12/1/2022,Open AP Item,1,718.25,718.25,3
Bill,182281,RPP LLC,2306,182281,2,US Dollar,1.00,12/14/2022,Dec 2022,Sullivan Process Controls,,12/1/2022,Open AP Item,1,2055.75,2055.75,3
Bill,182961,RPP LLC,2306,182961,2,US Dollar,1.00,01/20/2023,Dec 2022,Sullivan Process Controls,,12/21/2022,Open AP Item,1,1279.40,1279.40,5
Bill,550949056,SEALED AIR CORP,2312,550949056,2,US Dollar,1.00,12/01/2022,Nov 2022,Sullivan Process Controls,,11/1/2022,Open AP Item,1,3909.71,3909.71,3
Bill,550962134,SEALED AIR CORP,2312,550962134,2,US Dollar,1.00,12/18/2022,Nov 2022,Sullivan Process Controls,,11/18/2022,Open AP Item,1,3341.02,3341.02,3
Bill,13201139-20221208,SECURITY PRO,2313,13201139-20221208,2,US Dollar,1.00,01/07/2023,Dec 2022,Sullivan Process Controls,,12/8/2022,Open AP Item,1,59.99,59.99,3
Bill,2120977,SETPOINT INTEGRATED SOLUTIONS,2314,2120977,2,US Dollar,1.00,11/27/2022,Oct 2022,Sullivan Process Controls,,10/28/2022,Open AP Item,1,618.96,618.96,4
Bill,2121327,SETPOINT INTEGRATED SOLUTIONS,2314,2121327,16,US Dollar,1.00,12/11/2022,Nov 2022,Sullivan Process Controls,,11/1/2022,Open AP Item,1,488.96,488.96,4
Bill,3291903,SIGMA SUPPLY,2316,3291903,2,US Dollar,1.00,12/08/2022,Nov 2022,Sullivan Process Controls,,11/8/2022,Open AP Item,1,1067.00,1067.00,3
Bill,3302368,SIGMA SUPPLY,2316,3302368,2,US Dollar,1.00,12/17/2022,Nov 2022,Sullivan Process Controls,,11/17/2022,Open AP Item,1,390.23,390.23,3
Bill,3311731,SIGMA SUPPLY,2316,3311731,2,US Dollar,1.00,12/29/2022,Nov 2022,Sullivan Process Controls,,11/29/2022,Open AP Item,1,390.23,390.23,3
Bill,3330024,SIGMA SUPPLY,2316,3330024,2,US Dollar,1.00,01/18/2023,Dec 2022,Sullivan Process Controls,,12/19/2022,Open AP Item,1,390.23,390.23,3
Bill,3331239,SIGMA SUPPLY,2316,3331239,2,US Dollar,1.00,01/19/2023,Dec 2022,Sullivan Process Controls,,12/20/2022,Open AP Item,1,1067.00,1067.00,3
Bill,1485914-01,SMITH FASTENER,2318,1485914-01,2,US Dollar,1.00,11/18/2022,Oct 2022,Sullivan Process Controls,,10/19/2022,Open AP Item,1,623.71,623.71,3
Bill,1492687,SMITH FASTENER,2318,1492687,2,US Dollar,1.00,12/16/2022,Nov 2022,Sullivan Process Controls,,11/16/2022,Open AP Item,1,760.76,760.76,3
Bill,1491367-01,SMITH FASTENER,2318,1491367-01,2,US Dollar,1.00,12/16/2022,Nov 2022,Sullivan Process Controls,,11/16/2022,Open AP Item,1,166.32,166.32,3
Bill,1494249,SMITH FASTENER,2318,1494249,2,US Dollar,1.00,12/22/2022,Nov 2022,Sullivan Process Controls,,11/22/2022,Open AP Item,1,662.97,662.97,3
Bill,1496410,SMITH FASTENER,2318,1496410,2,US Dollar,1.00,01/12/2023,Dec 2022,Sullivan Process Controls,,12/13/2022,Open AP Item,1,1619.58,1619.58,3
Bill,38107,"SMITHCO INDUSTRIES, INC.",2319,38107,2,US Dollar,1.00,01/05/2023,Dec 2022,Sullivan Process Controls,,12/6/2022,Open AP Item,1,156.00,156.00,3
Bill,38216,"SMITHCO INDUSTRIES, INC.",2319,38216,2,US Dollar,1.00,01/18/2023,Dec 2022,Sullivan Process Controls,,12/19/2022,Open AP Item,1,334.80,334.80,5
Bill,871901,SOL'S,2320,871901,2,US Dollar,1.00,12/21/2022,Nov 2022,Sullivan Process Controls,,11/21/2022,Open AP Item,1,586.15,586.15,3
Bill,VCT03-10585,SPARKMAN INDUSTRIES,2324,VCT03-10585,2,US Dollar,1.00,12/18/2022,Dec 2022,Sullivan Process Controls,,12/1/2022,Open AP Item,1,1850.00,1850.00,3
Bill,800043,SPC - Houston,2327,800043,2,US Dollar,1.00,12/01/2022,Dec 2022,Sullivan Process Controls,,12/1/2022,Open AP Item,1,10229.63,10229.63,3
Bill,800052,SPC - Houston,2327,800052,2,US Dollar,1.00,12/30/2022,Dec 2022,Sullivan Process Controls,,12/30/2022,Open AP Item,1,1119.85,1119.85,3
Bill,65677,SPC Haughton,2328,65677,2,US Dollar,1.00,12/06/2022,Dec 2022,Sullivan Process Controls,,12/6/2022,Open AP Item,1,2264.62,2264.62,5
Bill,65719,SPC Haughton,2328,65719,2,US Dollar,1.00,12/16/2022,Dec 2022,Sullivan Process Controls,,12/16/2022,Open AP Item,1,219.36,219.36,5
Bill,65704,SPC Haughton,2328,65704,2,US Dollar,1.00,12/20/2022,Dec 2022,Sullivan Process Controls,,12/20/2022,Open AP Item,1,1494.48,1494.48,5
Bill,65721,SPC Haughton,2328,65721,2,US Dollar,1.00,12/21/2022,Dec 2022,Sullivan Process Controls,,12/21/2022,Open AP Item,1,481.73,481.73,5
Bill,65726,SPC Haughton,2328,65726,2,US Dollar,1.00,12/27/2022,Dec 2022,Sullivan Process Controls,,12/27/2022,Open AP Item,1,1343.35,1343.35,5
Bill,65751,SPC Haughton,2328,65751,2,US Dollar,1.00,12/28/2022,Dec 2022,Sullivan Process Controls,,12/28/2022,Open AP Item,1,116.83,116.83,5
Bill,2365530,SPRING BRANCH I.S.D.,2331,2365530,2,US Dollar,1.00,01/31/2023,Oct 2022,Sullivan Process Controls,,10/27/2022,Open AP Item,1,369.33,369.33,5
Bill,186191,SPRINGER INDUSTRIAL,2332,186191,2,US Dollar,1.00,01/13/2023,Dec 2022,Sullivan Process Controls,,12/14/2022,Open AP Item,1,456.90,456.90,3
Bill,7601797951-0-1,STAPLES ADVANTAGE,2333,7601797951-0-1,2,US Dollar,1.00,12/20/2022,Oct 2022,Sullivan Process Controls,,10/27/2022,Open AP Item,1,107.05,107.05,3
Bill,7367303960-0-1,STAPLES ADVANTAGE,2333,7367303960-0-1,2,US Dollar,1.00,12/20/2022,Oct 2022,Sullivan Process Controls,,10/28/2022,Open AP Item,1,22.26,22.26,3
Bill,7367540810-0-1,STAPLES ADVANTAGE,2333,7367540810-0-1,2,US Dollar,1.00,12/20/2022,Nov 2022,Sullivan Process Controls,,11/1/2022,Open AP Item,1,13.95,13.95,5
Bill,7368587319-0-1,STAPLES ADVANTAGE,2333,7368587319-0-1,2,US Dollar,1.00,12/20/2022,Nov 2022,Sullivan Process Controls,,11/12/2022,Open AP Item,1,175.55,175.55,3
Bill,7368722853-0-1,STAPLES ADVANTAGE,2333,7368722853-0-1,2,US Dollar,1.00,12/20/2022,Nov 2022,Sullivan Process Controls,,11/14/2022,Open AP Item,1,46.79,46.79,5
Bill,7369053819-0-1,STAPLES ADVANTAGE,2333,7369053819-0-1,2,US Dollar,1.00,12/20/2022,Nov 2022,Sullivan Process Controls,,11/18/2022,Open AP Item,1,96.31,96.31,3
Bill,7602320400-0-1,STAPLES ADVANTAGE,2333,7602320400-0-1,2,US Dollar,1.00,12/20/2022,Nov 2022,Sullivan Process Controls,,11/18/2022,Open AP Item,1,33.14,33.14,3
Bill,7602381359-0-1,STAPLES ADVANTAGE,2333,7602381359-0-1,2,US Dollar,1.00,12/20/2022,Nov 2022,Sullivan Process Controls,,11/22/2022,Open AP Item,1,69.05,69.05,3
Bill,7371160377-0-2,STAPLES ADVANTAGE,2333,7371160377-0-2,2,US Dollar,1.00,12/29/2022,Dec 2022,Sullivan Process Controls,,12/29/2022,Open AP Item,1,298.02,298.02,5
Bill,7369781534-0-1,STAPLES ADVANTAGE,2333,7369781534-0-1,2,US Dollar,1.00,01/20/2023,Dec 2022,Sullivan Process Controls,,12/6/2022,Open AP Item,1,139.74,139.74,3
Bill,7369783000-0-1,STAPLES ADVANTAGE,2333,7369783000-0-1,2,US Dollar,1.00,01/20/2023,Dec 2022,Sullivan Process Controls,,12/6/2022,Open AP Item,1,31.91,31.91,5
Bill,7369931465-0-1,STAPLES ADVANTAGE,2333,7369931465-0-1,2,US Dollar,1.00,01/20/2023,Dec 2022,Sullivan Process Controls,,12/7/2022,Open AP Item,1,143.92,143.92,5
Bill,7369783000-0-2,STAPLES ADVANTAGE,2333,7369783000-0-2,2,US Dollar,1.00,01/20/2023,Dec 2022,Sullivan Process Controls,,12/12/2022,Open AP Item,1,43.28,43.28,5
Bill,7370366554-0-1,STAPLES ADVANTAGE,2333,7370366554-0-1,2,US Dollar,1.00,01/20/2023,Dec 2022,Sullivan Process Controls,,12/13/2022,Open AP Item,1,99.49,99.49,3
Bill,7603344289-0-1,STAPLES ADVANTAGE,2333,7603344289-0-1,2,US Dollar,1.00,01/20/2023,Dec 2022,Sullivan Process Controls,,12/15/2022,Open AP Item,1,8.32,8.32,5
Bill,7603622162-0-1,STAPLES ADVANTAGE,2333,7603622162-0-1,2,US Dollar,1.00,01/20/2023,Dec 2022,Sullivan Process Controls,,12/21/2022,Open AP Item,1,194.71,194.71,3
Bill,2199192,STEEL SUPPLY LP,2334,2199192,2,US Dollar,1.00,12/01/2022,Nov 2022,Sullivan Process Controls,,11/1/2022,Open AP Item,1,5593.62,5593.62,5
Bill,INV009772,SUMMIT PUMP INC,2339,INV009772,2,US Dollar,1.00,12/15/2022,Nov 2022,Sullivan Process Controls,,11/15/2022,Open AP Item,1,400.00,400.00,3
Bill,INV011618,SUMMIT PUMP INC,2339,INV011618,2,US Dollar,1.00,12/21/2022,Dec 2022,Sullivan Process Controls,,12/21/2022,Open AP Item,1,400.00,400.00,3
Bill,96791424714-12,SWEPCO,2344,96791424714-12,22,US Dollar,1.00,01/13/2023,Dec 2022,Sullivan Process Controls,,12/22/2022,Open AP Item,1,978.66,978.66,3
Bill,960-698-38710-12,SWEPCO,2344,960-698-38710-12,22,US Dollar,1.00,01/18/2023,Dec 2022,Sullivan Process Controls,,12/22/2022,Open AP Item,1,840.62,840.62,3
Bill,96217288412-12,SWEPCO,2344,96217288412-12,22,US Dollar,1.00,01/19/2023,Dec 2022,Sullivan Process Controls,,12/28/2022,Open AP Item,1,795.79,795.79,3
Bill,969-592-88414-12,SWEPCO,2344,969-592-88414-12,22,US Dollar,1.00,01/19/2023,Dec 2022,Sullivan Process Controls,,12/28/2022,Open AP Item,1,600.60,600.60,3
Bill,965-855-88419-12,SWEPCO,2344,965-855-88419-12,22,US Dollar,1.00,01/20/2023,Dec 2022,Sullivan Process Controls,,12/29/2022,Open AP Item,1,909.65,909.65,3
Bill,PSGS 090/22-23,SYNERGY GLOBAL,3120,PSGS 090/22-23,2,US Dollar,1.00,12/16/2022,Nov 2022,Sullivan Process Controls,,11/16/2022,Open AP Item,1,3867.75,3867.75,3
Bill,GES-153/2022-23,SYNERGY GLOBAL,3120,GES-153/2022-23,2,US Dollar,1.00,12/16/2022,Nov 2022,Sullivan Process Controls,,11/16/2022,Open AP Item,1,253.00,253.00,3
Bill,T008808,TGCI,2353,T008808,2,US Dollar,1.00,12/31/2022,Dec 2022,Sullivan Process Controls,,12/1/2022,Open AP Item,1,1206.54,1206.54,5
Bill,901740-1,THE NUT PLACE,2355,901740-1,2,US Dollar,1.00,11/24/2022,Oct 2022,Sullivan Process Controls,,10/25/2022,Open AP Item,1,46.00,46.00,5
Bill,905739-1,THE NUT PLACE,2355,905739-1,2,US Dollar,1.00,12/29/2022,Nov 2022,Sullivan Process Controls,,11/29/2022,Open AP Item,1,181.49,181.49,5
Bill,450884,THE PURPLE GUYS,2356,450884,1,US Dollar,1.00,12/15/2022,Nov 2022,Sullivan Process Controls,,11/15/2022,Open AP Item,1,82.50,82.50,6
Bill,453029-AGMT,THE PURPLE GUYS,2356,453029-AGMT,1,US Dollar,1.00,12/16/2022,Dec 2022,Sullivan Process Controls,,12/1/2022,Open AP Item,1,441.33,441.33,3
Bill,454745,THE PURPLE GUYS,2356,454745,1,US Dollar,1.00,12/29/2022,Dec 2022,Sullivan Process Controls,,12/14/2022,Open AP Item,1,166.25,166.25,5
Bill,4106809107,THYSSENKRUPP MATERIALS,2359,4106809107,2,US Dollar,1.00,12/14/2022,Dec 2022,Sullivan Process Controls,,12/1/2022,Open AP Item,1,5630.30,5630.30,3
Bill,4106810864,THYSSENKRUPP MATERIALS,2359,4106810864,2,US Dollar,1.00,12/15/2022,Dec 2022,Sullivan Process Controls,,12/1/2022,Open AP Item,1,1674.70,1674.70,3
Bill,4106812831,THYSSENKRUPP MATERIALS,2359,4106812831,2,US Dollar,1.00,12/16/2022,Dec 2022,Sullivan Process Controls,,12/1/2022,Open AP Item,1,3875.13,3875.13,3
Bill,6001405866,TOYOTA INDUSTRIES COMMERCIAL,2361,6001405866,2,US Dollar,1.00,01/03/2023,Dec 2022,Sullivan Process Controls,,12/9/2022,Open AP Item,1,649.69,649.69,3
Bill,4003691666,TOYOTA INDUSTRIES COMMERCIAL,2361,4003691666,21,US Dollar,1.00,01/16/2023,Dec 2022,Sullivan Process Controls,,12/22/2022,Open AP Item,1,481.44,481.44,4
Bill,8833R5229-12,TRAVELERS CL REMITTANCE CENTER,2362,8833R5229-12,21,US Dollar,1.00,01/12/2023,Dec 2022,Sullivan Process Controls,,12/23/2022,Open AP Item,1,2744.55,2744.55,6
Bill,14,TROY LEAR.,3201,14,20,US Dollar,1.00,12/30/2022,Dec 2022,Sullivan Process Controls,,12/30/2022,Open AP Item,1,400.00,400.00,3
Bill,155498507,ULINE,2371,155498507,2,US Dollar,1.00,11/23/2022,Oct 2022,Sullivan Process Controls,,10/24/2022,Open AP Item,1,25.98,25.98,5
Bill,155575029,ULINE,2371,155575029,2,US Dollar,1.00,11/24/2022,Oct 2022,Sullivan Process Controls,,10/25/2022,Open AP Item,1,333.55,333.55,3
Bill,156215517,ULINE,2371,156215517,2,US Dollar,1.00,12/09/2022,Nov 2022,Sullivan Process Controls,,11/9/2022,Open AP Item,1,719.97,719.97,5
Bill,156795968,ULINE,2371,156795968,2,US Dollar,1.00,12/22/2022,Nov 2022,Sullivan Process Controls,,11/22/2022,Open AP Item,1,83.89,83.89,4
Bill,156963639,ULINE,2371,156963639,2,US Dollar,1.00,12/29/2022,Nov 2022,Sullivan Process Controls,,11/29/2022,Open AP Item,1,327.73,327.73,3
Bill,157071006,ULINE,2371,157071006,2,US Dollar,1.00,12/31/2022,Dec 2022,Sullivan Process Controls,,12/1/2022,Open AP Item,1,695.45,695.45,3
Bill,157192341,ULINE,2371,157192341,2,US Dollar,1.00,01/04/2023,Dec 2022,Sullivan Process Controls,,12/5/2022,Open AP Item,1,46.20,46.20,3
Bill,157284342,ULINE,2371,157284342,2,US Dollar,1.00,01/05/2023,Dec 2022,Sullivan Process Controls,,12/6/2022,Open AP Item,1,306.89,306.89,5
Bill,157331703,ULINE,2371,157331703,2,US Dollar,1.00,01/06/2023,Dec 2022,Sullivan Process Controls,,12/7/2022,Open AP Item,1,358.85,358.85,5
Bill,157695036,ULINE,2371,157695036,2,US Dollar,1.00,01/14/2023,Dec 2022,Sullivan Process Controls,,12/15/2022,Open AP Item,1,545.13,545.13,3
Bill,157989129,ULINE,2371,157989129,2,US Dollar,1.00,01/14/2023,Dec 2022,Sullivan Process Controls,,12/15/2022,Open AP Item,1,81.53,81.53,3
Bill,157989035,ULINE,2371,157989035,2,US Dollar,1.00,01/21/2023,Dec 2022,Sullivan Process Controls,,12/22/2022,Open AP Item,1,225.72,225.72,3
Bill,158068964,ULINE,2371,158068964,2,US Dollar,1.00,01/27/2023,Dec 2022,Sullivan Process Controls,,12/28/2022,Open AP Item,1,148.84,148.84,3
Bill,0000X40605472,UPS.H,2378,0000X40605472,23,US Dollar,1.00,11/28/2022,Nov 2022,Sullivan Process Controls,,11/19/2022,Open AP Item,1,954.67,954.67,3
Bill,000000X40605502,UPS.H,2378,000000X40605502,20,US Dollar,1.00,12/19/2022,Dec 2022,Sullivan Process Controls,,12/10/2022,Open AP Item,1,1243.17,1243.17,3
Bill,000000R26488502,UPS.H,2378,000000R26488502,20,US Dollar,1.00,12/19/2022,Dec 2022,Sullivan Process Controls,,12/10/2022,Open AP Item,1,196.94,196.94,3
Bill,000000X40605502,UPS.H,2378,000000X40605502,20,US Dollar,1.00,12/19/2022,Dec 2022,Sullivan Process Controls,,12/10/2022,Open AP Item,1,195.19,195.19,5
Bill,0000X40605522,UPS.H,2378,0000X40605522,20,US Dollar,1.00,01/02/2023,Dec 2022,Sullivan Process Controls,,12/24/2022,Open AP Item,1,581.06,581.06,3
Bill,0000X40605522,UPS.H,2378,0000X40605522,20,US Dollar,1.00,01/02/2023,Dec 2022,Sullivan Process Controls,,12/24/2022,Open AP Item,1,209.21,209.21,5
Bill,0000X40605532,UPS.H,2378,0000X40605532,20,US Dollar,1.00,01/09/2023,Dec 2022,Sullivan Process Controls,,12/31/2022,Open AP Item,1,457.04,457.04,3
Bill,0000X40605532,UPS.H,2378,0000X40605532,20,US Dollar,1.00,01/09/2023,Dec 2022,Sullivan Process Controls,,12/31/2022,Open AP Item,1,91.44,91.44,5
Bill,0000X40605472,UPS.V,2379,0000X40605472,20,US Dollar,1.00,11/28/2022,Nov 2022,Sullivan Process Controls,,11/19/2022,Open AP Item,1,10.98,10.98,4
Bill,000000X40605502,UPS.V,2379,000000X40605502,20,US Dollar,1.00,12/19/2022,Dec 2022,Sullivan Process Controls,,12/10/2022,Open AP Item,1,29.18,29.18,3
Bill,000000R26488502,UPS.V,2379,000000R26488502,20,US Dollar,1.00,12/19/2022,Dec 2022,Sullivan Process Controls,,12/10/2022,Open AP Item,1,10.92,10.92,4
Bill,0000R26488522,UPS.V,2379,0000R26488522,20,US Dollar,1.00,01/02/2023,Dec 2022,Sullivan Process Controls,,12/24/2022,Open AP Item,1,10.90,10.90,4
Bill,75974,VALVE PARTS USA,2381,75974,2,US Dollar,1.00,12/23/2022,Nov 2022,Sullivan Process Controls,,11/23/2022,Open AP Item,1,86.40,86.40,3
Bill,75975,VALVE PARTS USA,2381,75975,2,US Dollar,1.00,12/23/2022,Nov 2022,Sullivan Process Controls,,11/23/2022,Open AP Item,1,86.40,86.40,3
Bill,P326003,VICTORIA COUNTY TAX OFFICE,2387,P326003,2,US Dollar,1.00,01/31/2023,Oct 2022,Sullivan Process Controls,,10/31/2022,Open AP Item,1,10558.78,10558.78,4
Bill,996405001-12,VICTORIA ELECTRIC COOP,2388,996405001-12,21,US Dollar,1.00,01/16/2023,Dec 2022,Sullivan Process Controls,,12/27/2022,Open AP Item,1,2156.40,2156.40,4
Bill,070051204-12,VICTORIA UTILITY BILLING OFFICE,2389,070051204-12,1,US Dollar,1.00,12/30/2022,Dec 2022,Sullivan Process Controls,,12/15/2022,Open AP Item,1,40.89,40.89,4
Bill,10008-12,"VILLAGE WATER SYSTEMS, INC.",2392,10008-12,2,US Dollar,1.00,01/12/2023,Dec 2022,Sullivan Process Controls,,12/13/2022,Open AP Item,1,59.75,59.75,3
Bill,10009-12,"VILLAGE WATER SYSTEMS, INC.",2392,10009-12,2,US Dollar,1.00,01/12/2023,Dec 2022,Sullivan Process Controls,,12/13/2022,Open AP Item,1,29.28,29.28,3
Bill,6369281-2848-8,WASTE MANAGEMENT CORP,2394,6369281-2848-8,2,US Dollar,1.00,01/27/2023,Dec 2022,Sullivan Process Controls,,12/28/2022,Open AP Item,1,129.52,129.52,4
Bill,PSI0012359,WILLIAMS VALVE CORP,2403,PSI0012359,2,US Dollar,1.00,12/09/2022,Dec 2022,Sullivan Process Controls,,12/1/2022,Open AP Item,1,250.00,250.00,4
Bill,3660048,XEROX FINANCIAL SERVICES,2408,3660048,21,US Dollar,1.00,12/31/2022,Dec 2022,Sullivan Process Controls,,12/11/2022,Open AP Item,1,114.95,114.95,4
Bill,3698369,XEROX FINANCIAL SERVICES,2408,3698369,21,US Dollar,1.00,01/17/2023,Dec 2022,Sullivan Process Controls,,12/28/2022,Open AP Item,1,129.50,129.50,6
Bill,3698368,XEROX FINANCIAL SERVICES,2408,3698368,21,US Dollar,1.00,01/17/2023,Dec 2022,Sullivan Process Controls,,12/28/2022,Open AP Item,1,109.89,109.89,3
