externalid,binnumber,location,Concat
A1A2,A1A2,Houston,A1A2Houston
A1B1,A1B1,Houston,A1B1Houston
A1B2,A1B2,Houston,A1B2Houston
A1C1,A1C1,Houston,A1C1Houston
A1C2,A1C2,Houston,A1C2Houston
A1D1,A1D1,Houston,A1D1Houston
A1D2,A1D2,Houston,A1D2Houston
A1E1,A1E1,Houston,A1E1Houston
A1E2,A1E2,Houston,A1E2Houston
A2A1,A2A1,Houston,A2A1Houston
A2A2,A2A2,Houston,A2A2Houston
A2B1,A2B1,Houston,A2B1Houston
A2B2,A2B2,Houston,A2B2Houston
A2C1,A2C1,Houston,A2C1Houston
A2C2,A2C2,Houston,A2C2Houston
A2D1,A2D1,Houston,A2D1Houston
A2D2,A2D2,Houston,A2D2Houston
A2E1,A2E1,Houston,A2E1Houston
A2E2,A2E2,Houston,A2E2Houston
A3A1,A3A1,Houston,A3A1Houston
A3A2,A3A2,Houston,A3A2Houston
A3B1,A3B1,Houston,A3B1Houston
A3B2,A3B2,Houston,A3B2Houston
A3C1,A3C1,Houston,A3C1Houston
A3C2,A3C2,Houston,A3C2Houston
A3D1,A3D1,Houston,A3D1Houston
A3D2,A3D2,Houston,A3D2Houston
A3E1,A3E1,Houston,A3E1Houston
A3E2,A3E2,Houston,A3E2Houston
A4A1,A4A1,Houston,A4A1Houston
A4A2,A4A2,Houston,A4A2Houston
A4B1,A4B1,Houston,A4B1Houston
A4B2,A4B2,Houston,A4B2Houston
A4C1,A4C1,Houston,A4C1Houston
A4C2,A4C2,Houston,A4C2Houston
A4D1,A4D1,Houston,A4D1Houston
A4D2,A4D2,Houston,A4D2Houston
A4E1,A4E1,Houston,A4E1Houston
A4E2,A4E2,Houston,A4E2Houston
A5A1,A5A1,Houston,A5A1Houston
A5A2,A5A2,Houston,A5A2Houston
A5B1,A5B1,Houston,A5B1Houston
A5B2,A5B2,Houston,A5B2Houston
A5C1,A5C1,Houston,A5C1Houston
A5C2,A5C2,Houston,A5C2Houston
A5D1,A5D1,Houston,A5D1Houston
A5D2,A5D2,Houston,A5D2Houston
A5E1,A5E1,Houston,A5E1Houston
A5E2,A5E2,Houston,A5E2Houston
A6A1,A6A1,Houston,A6A1Houston
A6A2,A6A2,Houston,A6A2Houston
A6B1,A6B1,Houston,A6B1Houston
A6B2,A6B2,Houston,A6B2Houston
A6C1,A6C1,Houston,A6C1Houston
A6C2,A6C2,Houston,A6C2Houston
A6D1,A6D1,Houston,A6D1Houston
A6D2,A6D2,Houston,A6D2Houston
A6E1,A6E1,Houston,A6E1Houston
A6E2,A6E2,Houston,A6E2Houston
A7A1,A7A1,Houston,A7A1Houston
A7A2,A7A2,Houston,A7A2Houston
A7B1,A7B1,Houston,A7B1Houston
A7B2,A7B2,Houston,A7B2Houston
A7C1,A7C1,Houston,A7C1Houston
A7C2,A7C2,Houston,A7C2Houston
A7D1,A7D1,Houston,A7D1Houston
A7D2,A7D2,Houston,A7D2Houston
A7E1,A7E1,Houston,A7E1Houston
A7E2,A7E2,Houston,A7E2Houston
B1A1,B1A1,Houston,B1A1Houston
B1A2,B1A2,Houston,B1A2Houston
B1B1,B1B1,Houston,B1B1Houston
B1B2,B1B2,Houston,B1B2Houston
B1C1,B1C1,Houston,B1C1Houston
B1C2,B1C2,Houston,B1C2Houston
B1D1,B1D1,Houston,B1D1Houston
B1D2,B1D2,Houston,B1D2Houston
B1E1,B1E1,Houston,B1E1Houston
B1E2,B1E2,Houston,B1E2Houston
B2A1,B2A1,Houston,B2A1Houston
B2A2,B2A2,Houston,B2A2Houston
B2B1,B2B1,Houston,B2B1Houston
B2B2,B2B2,Houston,B2B2Houston
B2C1,B2C1,Houston,B2C1Houston
B2C2,B2C2,Houston,B2C2Houston
B2D1,B2D1,Houston,B2D1Houston
B2D2,B2D2,Houston,B2D2Houston
B2E1,B2E1,Houston,B2E1Houston
B2E2,B2E2,Houston,B2E2Houston
B3A1,B3A1,Houston,B3A1Houston
B3A2,B3A2,Houston,B3A2Houston
B3B1,B3B1,Haughton,B3B1Haughton
B3B1,B3B1,Houston,B3B1Houston
B3B2,B3B2,Houston,B3B2Houston
B3C1,B3C1,Houston,B3C1Houston
B3C2,B3C2,Houston,B3C2Houston
B3D1,B3D1,Houston,B3D1Houston
B3D2,B3D2,Houston,B3D2Houston
B3E1,B3E1,Houston,B3E1Houston
B3E2,B3E2,Houston,B3E2Houston
B4A1,B4A1,Haughton,B4A1Haughton
B4A1,B4A1,Houston,B4A1Houston
B4A2,B4A2,Haughton,B4A2Haughton
B4A2,B4A2,Houston,B4A2Houston
B4B1,B4B1,Haughton,B4B1Haughton
B4B1,B4B1,Houston,B4B1Houston
B4B2,B4B2,Haughton,B4B2Haughton
B4B2,B4B2,Houston,B4B2Houston
B4C1,B4C1,Haughton,B4C1Haughton
B4C1,B4C1,Houston,B4C1Houston
B4C2,B4C2,Haughton,B4C2Haughton
B4C2,B4C2,Houston,B4C2Houston
B4D1,B4D1,Haughton,B4D1Haughton
B4D1,B4D1,Houston,B4D1Houston
B4D2,B4D2,Haughton,B4D2Haughton
B4D2,B4D2,Houston,B4D2Houston
B4E1,B4E1,Houston,B4E1Houston
B4E2,B4E2,Houston,B4E2Houston
B5A1,B5A1,Haughton,B5A1Haughton
B5A1,B5A1,Houston,B5A1Houston
B5A2,B5A2,Haughton,B5A2Haughton
B5A2,B5A2,Houston,B5A2Houston
B5B1,B5B1,Haughton,B5B1Haughton
B5B1,B5B1,Houston,B5B1Houston
B5B2,B5B2,Haughton,B5B2Haughton
B5B2,B5B2,Houston,B5B2Houston
B5C1,B5C1,Haughton,B5C1Haughton
B5C1,B5C1,Houston,B5C1Houston
B5C2,B5C2,Haughton,B5C2Haughton
B5C2,B5C2,Houston,B5C2Houston
B5D1,B5D1,Haughton,B5D1Haughton
B5D1,B5D1,Houston,B5D1Houston
B5D2,B5D2,Haughton,B5D2Haughton
B5D2,B5D2,Houston,B5D2Houston
B5E1,B5E1,Houston,B5E1Houston
B5E2,B5E2,Houston,B5E2Houston
B6A1,B6A1,Haughton,B6A1Haughton
B6A2,B6A2,Haughton,B6A2Haughton
B6B1,B6B1,Haughton,B6B1Haughton
B6B2,B6B2,Haughton,B6B2Haughton
B6C1,B6C1,Haughton,B6C1Haughton
B6C2,B6C2,Haughton,B6C2Haughton
B6D1,B6D1,Haughton,B6D1Haughton
B6D2,B6D2,Haughton,B6D2Haughton
B7A1,B7A1,Haughton,B7A1Haughton
B7A2,B7A2,Haughton,B7A2Haughton
B7B1,B7B1,Haughton,B7B1Haughton
B7B2,B7B2,Haughton,B7B2Haughton
B7C1,B7C1,Haughton,B7C1Haughton
B7C2,B7C2,Haughton,B7C2Haughton
B7D1,B7D1,Haughton,B7D1Haughton
B7D2,B7D2,Haughton,B7D2Haughton
BAR RACK,BAR RACK,Haughton,BAR RACKHaughton
C1A1,C1A1,Houston,C1A1Houston
C1A2,C1A2,Houston,C1A2Houston
C1B1,C1B1,Houston,C1B1Houston
C1B2,C1B2,Houston,C1B2Houston
C1C1,C1C1,Houston,C1C1Houston
C1C2,C1C2,Houston,C1C2Houston
C1D1,C1D1,Houston,C1D1Houston
C1D2,C1D2,Houston,C1D2Houston
C1E1,C1E1,Houston,C1E1Houston
C1E2,C1E2,Houston,C1E2Houston
C2A1,C2A1,Houston,C2A1Houston
C2A2,C2A2,Houston,C2A2Houston
C2B1,C2B1,Houston,C2B1Houston
C2B2,C2B2,Houston,C2B2Houston
C2C1,C2C1,Houston,C2C1Houston
C2C2,C2C2,Houston,C2C2Houston
C2D1,C2D1,Houston,C2D1Houston
C2D2,C2D2,Houston,C2D2Houston
C2E1,C2E1,Houston,C2E1Houston
C2E2,C2E2,Houston,C2E2Houston
C3A1,C3A1,Houston,C3A1Houston
C3A2,C3A2,Houston,C3A2Houston
C3B1,C3B1,Houston,C3B1Houston
C3B2,C3B2,Houston,C3B2Houston
C3C1,C3C1,Houston,C3C1Houston
C3C2,C3C2,Houston,C3C2Houston
C3D1,C3D1,Houston,C3D1Houston
C3D2,C3D2,Houston,C3D2Houston
C3E1,C3E1,Houston,C3E1Houston
C3E2,C3E2,Houston,C3E2Houston
C4A1,C4A1,Haughton,C4A1Haughton
C4A1,C4A1,Houston,C4A1Houston
C4A2,C4A2,Haughton,C4A2Haughton
C4A2,C4A2,Houston,C4A2Houston
C4B1,C4B1,Haughton,C4B1Haughton
C4B1,C4B1,Houston,C4B1Houston
C4B2,C4B2,Haughton,C4B2Haughton
C4B2,C4B2,Houston,C4B2Houston
C4C1,C4C1,Haughton,C4C1Haughton
C4C1,C4C1,Houston,C4C1Houston
C4C2,C4C2,Haughton,C4C2Haughton
C4C2,C4C2,Houston,C4C2Houston
C4D1,C4D1,Haughton,C4D1Haughton
C4D1,C4D1,Houston,C4D1Houston
C4D2,C4D2,Haughton,C4D2Haughton
C4D2,C4D2,Houston,C4D2Houston
C4E1,C4E1,Houston,C4E1Houston
C4E2,C4E2,Houston,C4E2Houston
C5A1,C5A1,Haughton,C5A1Haughton
C5A1,C5A1,Houston,C5A1Houston
C5A2,C5A2,Haughton,C5A2Haughton
C5A2,C5A2,Houston,C5A2Houston
C5B1,C5B1,Haughton,C5B1Haughton
C5B1,C5B1,Houston,C5B1Houston
C5B2,C5B2,Haughton,C5B2Haughton
C5B2,C5B2,Houston,C5B2Houston
C5C1,C5C1,Haughton,C5C1Haughton
C5C1,C5C1,Houston,C5C1Houston
C5C2,C5C2,Haughton,C5C2Haughton
C5C2,C5C2,Houston,C5C2Houston
C5D1,C5D1,Haughton,C5D1Haughton
C5D1,C5D1,Houston,C5D1Houston
C5D2,C5D2,Haughton,C5D2Haughton
C5D2,C5D2,Houston,C5D2Houston
C5E1,C5E1,Houston,C5E1Houston
C5E2,C5E2,Houston,C5E2Houston
C6A1,C6A1,Haughton,C6A1Haughton
C6A2,C6A2,Haughton,C6A2Haughton
C6B1,C6B1,Haughton,C6B1Haughton
C6B2,C6B2,Haughton,C6B2Haughton
C6C1,C6C1,Haughton,C6C1Haughton
C6C2,C6C2,Haughton,C6C2Haughton
C6D1,C6D1,Haughton,C6D1Haughton
C6D2,C6D2,Haughton,C6D2Haughton
C7A1,C7A1,Haughton,C7A1Haughton
C7A2,C7A2,Haughton,C7A2Haughton
C7B1,C7B1,Haughton,C7B1Haughton
C7B2,C7B2,Haughton,C7B2Haughton
C7C1,C7C1,Haughton,C7C1Haughton
C7C2,C7C2,Haughton,C7C2Haughton
C7D1,C7D1,Haughton,C7D1Haughton
C7D2,C7D2,Haughton,C7D2Haughton
D1A1,D1A1,Houston,D1A1Houston
D1A2,D1A2,Houston,D1A2Houston
D1B1,D1B1,Houston,D1B1Houston
D1B2,D1B2,Houston,D1B2Houston
D1C1,D1C1,Houston,D1C1Houston
D1C2,D1C2,Houston,D1C2Houston
D1D1,D1D1,Houston,D1D1Houston
D1D2,D1D2,Houston,D1D2Houston
D1E1,D1E1,Houston,D1E1Houston
D1E2,D1E2,Houston,D1E2Houston
D2A1,D2A1,Houston,D2A1Houston
D2A2,D2A2,Houston,D2A2Houston
D2B1,D2B1,Houston,D2B1Houston
D2B2,D2B2,Houston,D2B2Houston
D2C1,D2C1,Houston,D2C1Houston
D2C2,D2C2,Houston,D2C2Houston
D2D1,D2D1,Houston,D2D1Houston
D2D2,D2D2,Houston,D2D2Houston
D2E1,D2E1,Houston,D2E1Houston
D2E2,D2E2,Houston,D2E2Houston
D3A1,D3A1,Houston,D3A1Houston
D3A2,D3A2,Houston,D3A2Houston
D3B1,D3B1,Houston,D3B1Houston
D3B2,D3B2,Houston,D3B2Houston
D3C1,D3C1,Houston,D3C1Houston
D3C2,D3C2,Houston,D3C2Houston
D3D1,D3D1,Houston,D3D1Houston
D3D2,D3D2,Houston,D3D2Houston
D3E1,D3E1,Houston,D3E1Houston
D3E2,D3E2,Houston,D3E2Houston
D4A1,D4A1,Haughton,D4A1Haughton
D4A1,D4A1,Houston,D4A1Houston
D4A2,D4A2,Haughton,D4A2Haughton
D4A2,D4A2,Houston,D4A2Houston
D4B1,D4B1,Haughton,D4B1Haughton
D4B1,D4B1,Houston,D4B1Houston
D4B2,D4B2,Haughton,D4B2Haughton
D4B2,D4B2,Houston,D4B2Houston
D4C1,D4C1,Haughton,D4C1Haughton
D4C1,D4C1,Houston,D4C1Houston
D4C2,D4C2,Haughton,D4C2Haughton
D4C2,D4C2,Houston,D4C2Houston
D4D1,D4D1,Haughton,D4D1Haughton
D4D1,D4D1,Houston,D4D1Houston
D4D2,D4D2,Haughton,D4D2Haughton
D4D2,D4D2,Houston,D4D2Houston
D4E1,D4E1,Houston,D4E1Houston
D4E2,D4E2,Houston,D4E2Houston
D5A1,D5A1,Haughton,D5A1Haughton
D5A1,D5A1,Houston,D5A1Houston
D5A2,D5A2,Haughton,D5A2Haughton
D5A2,D5A2,Houston,D5A2Houston
D5B1,D5B1,Haughton,D5B1Haughton
D5B1,D5B1,Houston,D5B1Houston
D5B2,D5B2,Haughton,D5B2Haughton
D5B2,D5B2,Houston,D5B2Houston
D5C1,D5C1,Haughton,D5C1Haughton
D5C1,D5C1,Houston,D5C1Houston
D5C2,D5C2,Haughton,D5C2Haughton
D5C2,D5C2,Houston,D5C2Houston
D5D1,D5D1,Haughton,D5D1Haughton
D5D1,D5D1,Houston,D5D1Houston
D5D2,D5D2,Haughton,D5D2Haughton
D5D2,D5D2,Houston,D5D2Houston
D5E1,D5E1,Houston,D5E1Houston
D5E2,D5E2,Houston,D5E2Houston
D6A1,D6A1,Haughton,D6A1Haughton
D6A2,D6A2,Haughton,D6A2Haughton
D6B1,D6B1,Haughton,D6B1Haughton
D6B2,D6B2,Haughton,D6B2Haughton
D6C1,D6C1,Haughton,D6C1Haughton
D6C2,D6C2,Haughton,D6C2Haughton
D6D1,D6D1,Haughton,D6D1Haughton
D6D2,D6D2,Haughton,D6D2Haughton
D7A1,D7A1,Haughton,D7A1Haughton
D7A2,D7A2,Haughton,D7A2Haughton
D7B1,D7B1,Haughton,D7B1Haughton
D7B2,D7B2,Haughton,D7B2Haughton
D7C1,D7C1,Haughton,D7C1Haughton
D7C2,D7C2,Haughton,D7C2Haughton
D7D1,D7D1,Haughton,D7D1Haughton
D7D2,D7D2,Haughton,D7D2Haughton
E1A1,E1A1,Haughton,E1A1Haughton
E1A1,E1A1,Houston,E1A1Houston
E1A2,E1A2,Haughton,E1A2Haughton
E1A2,E1A2,Houston,E1A2Houston
E1B1,E1B1,Haughton,E1B1Haughton
E1B1,E1B1,Houston,E1B1Houston
E1B2,E1B2,Haughton,E1B2Haughton
E1B2,E1B2,Houston,E1B2Houston
E1C,E1C,Haughton,E1CHaughton
E1C1,E1C1,Haughton,E1C1Haughton
E1C1,E1C1,Houston,E1C1Houston
E1C2,E1C2,Haughton,E1C2Haughton
E1C2,E1C2,Houston,E1C2Houston
E1D1,E1D1,Haughton,E1D1Haughton
E1D1,E1D1,Houston,E1D1Houston
E1D2,E1D2,Haughton,E1D2Haughton
E1D2,E1D2,Houston,E1D2Houston
E1E1,E1E1,Houston,E1E1Houston
E1E2,E1E2,Houston,E1E2Houston
E2A1,E2A1,Haughton,E2A1Haughton
E2A1,E2A1,Houston,E2A1Houston
E2A2,E2A2,Haughton,E2A2Haughton
E2A2,E2A2,Houston,E2A2Houston
E2B1,E2B1,Haughton,E2B1Haughton
E2B1,E2B1,Houston,E2B1Houston
E2B2,E2B2,Haughton,E2B2Haughton
E2B2,E2B2,Houston,E2B2Houston
E2C1,E2C1,Haughton,E2C1Haughton
E2C1,E2C1,Houston,E2C1Houston
E2C2,E2C2,Haughton,E2C2Haughton
E2C2,E2C2,Houston,E2C2Houston
E2D1,E2D1,Haughton,E2D1Haughton
E2D1,E2D1,Houston,E2D1Houston
E2D2,E2D2,Haughton,E2D2Haughton
E2D2,E2D2,Houston,E2D2Houston
E2E1,E2E1,Houston,E2E1Houston
E2E2,E2E2,Houston,E2E2Houston
E3A1,E3A1,Haughton,E3A1Haughton
E3A1,E3A1,Houston,E3A1Houston
E3A2,E3A2,Haughton,E3A2Haughton
E3A2,E3A2,Houston,E3A2Houston
E3B1,E3B1,Haughton,E3B1Haughton
E3B1,E3B1,Houston,E3B1Houston
E3B2,E3B2,Haughton,E3B2Haughton
E3B2,E3B2,Houston,E3B2Houston
E3C1,E3C1,Haughton,E3C1Haughton
E3C1,E3C1,Houston,E3C1Houston
E3C2,E3C2,Haughton,E3C2Haughton
E3C2,E3C2,Houston,E3C2Houston
E3D1,E3D1,Haughton,E3D1Haughton
E3D1,E3D1,Houston,E3D1Houston
E3D2,E3D2,Haughton,E3D2Haughton
E3D2,E3D2,Houston,E3D2Houston
E3E1,E3E1,Houston,E3E1Houston
E3E2,E3E2,Houston,E3E2Houston
E4A1,E4A1,Haughton,E4A1Haughton
E4A1,E4A1,Houston,E4A1Houston
E4A2,E4A2,Haughton,E4A2Haughton
E4A2,E4A2,Houston,E4A2Houston
E4B1,E4B1,Haughton,E4B1Haughton
E4B1,E4B1,Houston,E4B1Houston
E4B2,E4B2,Haughton,E4B2Haughton
E4B2,E4B2,Houston,E4B2Houston
E4C1,E4C1,Haughton,E4C1Haughton
E4C1,E4C1,Houston,E4C1Houston
E4C2,E4C2,Haughton,E4C2Haughton
E4C2,E4C2,Houston,E4C2Houston
E4D1,E4D1,Haughton,E4D1Haughton
E4D1,E4D1,Houston,E4D1Houston
E4D2,E4D2,Haughton,E4D2Haughton
E4D2,E4D2,Houston,E4D2Houston
E4E1,E4E1,Houston,E4E1Houston
E4E2,E4E2,Houston,E4E2Houston
E5A1,E5A1,Haughton,E5A1Haughton
E5A1,E5A1,Houston,E5A1Houston
E5A2,E5A2,Haughton,E5A2Haughton
E5A2,E5A2,Houston,E5A2Houston
E5B1,E5B1,Haughton,E5B1Haughton
E5B1,E5B1,Houston,E5B1Houston
E5B2,E5B2,Haughton,E5B2Haughton
E5B2,E5B2,Houston,E5B2Houston
E5C1,E5C1,Haughton,E5C1Haughton
E5C1,E5C1,Houston,E5C1Houston
E5C2,E5C2,Haughton,E5C2Haughton
E5C2,E5C2,Houston,E5C2Houston
E5D1,E5D1,Haughton,E5D1Haughton
E5D1,E5D1,Houston,E5D1Houston
E5D2,E5D2,Haughton,E5D2Haughton
E5D2,E5D2,Houston,E5D2Houston
E5E1,E5E1,Houston,E5E1Houston
E5E2,E5E2,Houston,E5E2Houston
E6A1,E6A1,Haughton,E6A1Haughton
E6A2,E6A2,Haughton,E6A2Haughton
E6B1,E6B1,Haughton,E6B1Haughton
E6B2,E6B2,Haughton,E6B2Haughton
E6C1,E6C1,Haughton,E6C1Haughton
E6C2,E6C2,Haughton,E6C2Haughton
E6D1,E6D1,Haughton,E6D1Haughton
E6D2,E6D2,Haughton,E6D2Haughton
E7A1,E7A1,Haughton,E7A1Haughton
E7A2,E7A2,Haughton,E7A2Haughton
E7B1,E7B1,Haughton,E7B1Haughton
E7B2,E7B2,Haughton,E7B2Haughton
E7C1,E7C1,Haughton,E7C1Haughton
E7C2,E7C2,Haughton,E7C2Haughton
E7D1,E7D1,Haughton,E7D1Haughton
E7D2,E7D2,Haughton,E7D2Haughton
F1A1,F1A1,Haughton,F1A1Haughton
F1A1,F1A1,Houston,F1A1Houston
F1A2,F1A2,Haughton,F1A2Haughton
F1A2,F1A2,Houston,F1A2Houston
F1B,F1B,Haughton,F1BHaughton
F1B1,F1B1,Haughton,F1B1Haughton
F1B1,F1B1,Houston,F1B1Houston
F1B2,F1B2,Haughton,F1B2Haughton
F1B2,F1B2,Houston,F1B2Houston
F1C1,F1C1,Haughton,F1C1Haughton
F1C1,F1C1,Houston,F1C1Houston
F1C2,F1C2,Haughton,F1C2Haughton
F1C2,F1C2,Houston,F1C2Houston
F1D1,F1D1,Haughton,F1D1Haughton
F1D1,F1D1,Houston,F1D1Houston
F1D2,F1D2,Haughton,F1D2Haughton
F1D2,F1D2,Houston,F1D2Houston
F1E1,F1E1,Haughton,F1E1Haughton
F1E1,F1E1,Houston,F1E1Houston
F1E2,F1E2,Haughton,F1E2Haughton
F1E2,F1E2,Houston,F1E2Houston
F2A1,F2A1,Haughton,F2A1Haughton
F2A1,F2A1,Houston,F2A1Houston
F2A2,F2A2,Haughton,F2A2Haughton
F2A2,F2A2,Houston,F2A2Houston
F2B1,F2B1,Haughton,F2B1Haughton
F2B1,F2B1,Houston,F2B1Houston
F2B2,F2B2,Haughton,F2B2Haughton
F2B2,F2B2,Houston,F2B2Houston
F2C1,F2C1,Haughton,F2C1Haughton
F2C1,F2C1,Houston,F2C1Houston
F2C2,F2C2,Haughton,F2C2Haughton
F2C2,F2C2,Houston,F2C2Houston
F2D1,F2D1,Haughton,F2D1Haughton
F2D1,F2D1,Houston,F2D1Houston
F2D2,F2D2,Haughton,F2D2Haughton
F2D2,F2D2,Houston,F2D2Houston
F2E1,F2E1,Haughton,F2E1Haughton
F2E1,F2E1,Houston,F2E1Houston
F2E2,F2E2,Haughton,F2E2Haughton
F2E2,F2E2,Houston,F2E2Houston
F3 PALLET,F3 PALLET,Haughton,F3 PALLETHaughton
F3A1,F3A1,Haughton,F3A1Haughton
F3A1,F3A1,Houston,F3A1Houston
F3A2,F3A2,Haughton,F3A2Haughton
F3A2,F3A2,Houston,F3A2Houston
F3B1,F3B1,Haughton,F3B1Haughton
F3B1,F3B1,Houston,F3B1Houston
F3B2,F3B2,Haughton,F3B2Haughton
F3B2,F3B2,Houston,F3B2Houston
F3C1,F3C1,Haughton,F3C1Haughton
F3C1,F3C1,Houston,F3C1Houston
F3C2,F3C2,Haughton,F3C2Haughton
F3C2,F3C2,Houston,F3C2Houston
F3D1,F3D1,Haughton,F3D1Haughton
F3D1,F3D1,Houston,F3D1Houston
F3D2,F3D2,Haughton,F3D2Haughton
F3D2,F3D2,Houston,F3D2Houston
F3E1,F3E1,Haughton,F3E1Haughton
F3E1,F3E1,Houston,F3E1Houston
F3E2,F3E2,Haughton,F3E2Haughton
F3E2,F3E2,Houston,F3E2Houston
F4A1,F4A1,Haughton,F4A1Haughton
F4A1,F4A1,Houston,F4A1Houston
F4A2,F4A2,Haughton,F4A2Haughton
F4A2,F4A2,Houston,F4A2Houston
F4B1,F4B1,Haughton,F4B1Haughton
F4B1,F4B1,Houston,F4B1Houston
F4B2,F4B2,Haughton,F4B2Haughton
F4B2,F4B2,Houston,F4B2Houston
F4C1,F4C1,Haughton,F4C1Haughton
F4C1,F4C1,Houston,F4C1Houston
F4C2,F4C2,Haughton,F4C2Haughton
F4C2,F4C2,Houston,F4C2Houston
F4D1,F4D1,Haughton,F4D1Haughton
F4D1,F4D1,Houston,F4D1Houston
F4D2,F4D2,Haughton,F4D2Haughton
F4D2,F4D2,Houston,F4D2Houston
F4E1,F4E1,Haughton,F4E1Haughton
F4E1,F4E1,Houston,F4E1Houston
F4E2,F4E2,Haughton,F4E2Haughton
F4E2,F4E2,Houston,F4E2Houston
F5A1,F5A1,Haughton,F5A1Haughton
F5A1,F5A1,Houston,F5A1Houston
F5A2,F5A2,Haughton,F5A2Haughton
F5A2,F5A2,Houston,F5A2Houston
F5B1,F5B1,Haughton,F5B1Haughton
F5B1,F5B1,Houston,F5B1Houston
F5B2,F5B2,Haughton,F5B2Haughton
F5B2,F5B2,Houston,F5B2Houston
F5C1,F5C1,Haughton,F5C1Haughton
F5C1,F5C1,Houston,F5C1Houston
F5C2,F5C2,Haughton,F5C2Haughton
F5C2,F5C2,Houston,F5C2Houston
F5D1,F5D1,Haughton,F5D1Haughton
F5D1,F5D1,Houston,F5D1Houston
F5D2,F5D2,Haughton,F5D2Haughton
F5D2,F5D2,Houston,F5D2Houston
F5E1,F5E1,Haughton,F5E1Haughton
F5E1,F5E1,Houston,F5E1Houston
F5E2,F5E2,Haughton,F5E2Haughton
F5E2,F5E2,Houston,F5E2Houston
F6A1,F6A1,Haughton,F6A1Haughton
F6A1,F6A1,Houston,F6A1Houston
F6A2,F6A2,Haughton,F6A2Haughton
F6A2,F6A2,Houston,F6A2Houston
F6B1,F6B1,Haughton,F6B1Haughton
F6B1,F6B1,Houston,F6B1Houston
F6B2,F6B2,Haughton,F6B2Haughton
F6B2,F6B2,Houston,F6B2Houston
F6C1,F6C1,Haughton,F6C1Haughton
F6C1,F6C1,Houston,F6C1Houston
F6C2,F6C2,Haughton,F6C2Haughton
F6C2,F6C2,Houston,F6C2Houston
F6D1,F6D1,Haughton,F6D1Haughton
F6D1,F6D1,Houston,F6D1Houston
F6D2,F6D2,Haughton,F6D2Haughton
F6D2,F6D2,Houston,F6D2Houston
F6E1,F6E1,Haughton,F6E1Haughton
F6E1,F6E1,Houston,F6E1Houston
F6E2,F6E2,Haughton,F6E2Haughton
F6E2,F6E2,Houston,F6E2Houston
F7A1,F7A1,Haughton,F7A1Haughton
F7A2,F7A2,Haughton,F7A2Haughton
F7B1,F7B1,Haughton,F7B1Haughton
F7B2,F7B2,Haughton,F7B2Haughton
F7C1,F7C1,Haughton,F7C1Haughton
F7C2,F7C2,Haughton,F7C2Haughton
F7D1,F7D1,Haughton,F7D1Haughton
F7D2,F7D2,Haughton,F7D2Haughton
F7E1,F7E1,Haughton,F7E1Haughton
F7E2,F7E2,Haughton,F7E2Haughton
G1A1,G1A1,Haughton,G1A1Haughton
G1A2,G1A2,Haughton,G1A2Haughton
G1B1,G1B1,Haughton,G1B1Haughton
G1B2,G1B2,Haughton,G1B2Haughton
G1C1,G1C1,Haughton,G1C1Haughton
G1C2,G1C2,Haughton,G1C2Haughton
G1D1,G1D1,Haughton,G1D1Haughton
G1D2,G1D2,Haughton,G1D2Haughton
G1E1,G1E1,Haughton,G1E1Haughton
G1E2,G1E2,Haughton,G1E2Haughton
G2A1,G2A1,Haughton,G2A1Haughton
G2A2,G2A2,Haughton,G2A2Haughton
G2B1,G2B1,Haughton,G2B1Haughton
G2B2,G2B2,Haughton,G2B2Haughton
G2C,G2C,Haughton,G2CHaughton
G2C1,G2C1,Haughton,G2C1Haughton
G2C2,G2C2,Haughton,G2C2Haughton
G2D1,G2D1,Haughton,G2D1Haughton
G2D2,G2D2,Haughton,G2D2Haughton
G2E1,G2E1,Haughton,G2E1Haughton
G2E2,G2E2,Haughton,G2E2Haughton
G3A,G3A,Haughton,G3AHaughton
G3A1,G3A1,Haughton,G3A1Haughton
G3A2,G3A2,Haughton,G3A2Haughton
G3B,G3B,Haughton,G3BHaughton
G3B1,G3B1,Haughton,G3B1Haughton
G3B2,G3B2,Haughton,G3B2Haughton
G3C,G3C,Haughton,G3CHaughton
G3C1,G3C1,Haughton,G3C1Haughton
G3C2,G3C2,Haughton,G3C2Haughton
G3D1,G3D1,Haughton,G3D1Haughton
G3D2,G3D2,Haughton,G3D2Haughton
G3E1,G3E1,Haughton,G3E1Haughton
G3E2,G3E2,Haughton,G3E2Haughton
G4A1,G4A1,Haughton,G4A1Haughton
G4A2,G4A2,Haughton,G4A2Haughton
G4B1,G4B1,Haughton,G4B1Haughton
G4B2,G4B2,Haughton,G4B2Haughton
G4C1,G4C1,Haughton,G4C1Haughton
G4C2,G4C2,Haughton,G4C2Haughton
G4D1,G4D1,Haughton,G4D1Haughton
G4D2,G4D2,Haughton,G4D2Haughton
G4E1,G4E1,Haughton,G4E1Haughton
G4E2,G4E2,Haughton,G4E2Haughton
G5A1,G5A1,Haughton,G5A1Haughton
G5A2,G5A2,Haughton,G5A2Haughton
G5B1,G5B1,Haughton,G5B1Haughton
G5B2,G5B2,Haughton,G5B2Haughton
G5C1,G5C1,Haughton,G5C1Haughton
G5C2,G5C2,Haughton,G5C2Haughton
G5D1,G5D1,Haughton,G5D1Haughton
G5D2,G5D2,Haughton,G5D2Haughton
G5E1,G5E1,Haughton,G5E1Haughton
G5E2,G5E2,Haughton,G5E2Haughton
G6A1,G6A1,Haughton,G6A1Haughton
G6A2,G6A2,Haughton,G6A2Haughton
G6B1,G6B1,Haughton,G6B1Haughton
G6B2,G6B2,Haughton,G6B2Haughton
G6C1,G6C1,Haughton,G6C1Haughton
G6C2,G6C2,Haughton,G6C2Haughton
G6D1,G6D1,Haughton,G6D1Haughton
G6D2,G6D2,Haughton,G6D2Haughton
G6E1,G6E1,Haughton,G6E1Haughton
G6E2,G6E2,Haughton,G6E2Haughton
G7A1,G7A1,Haughton,G7A1Haughton
G7A2,G7A2,Haughton,G7A2Haughton
G7B1,G7B1,Haughton,G7B1Haughton
G7B2,G7B2,Haughton,G7B2Haughton
G7C1,G7C1,Haughton,G7C1Haughton
G7C2,G7C2,Haughton,G7C2Haughton
G7D1,G7D1,Haughton,G7D1Haughton
G7D2,G7D2,Haughton,G7D2Haughton
G7E1,G7E1,Haughton,G7E1Haughton
G7E2,G7E2,Haughton,G7E2Haughton
H1A,H1A,Haughton,H1AHaughton
H1A1,H1A1,Haughton,H1A1Haughton
H1A2,H1A2,Haughton,H1A2Haughton
H1B,H1B,Haughton,H1BHaughton
H1B1,H1B1,Haughton,H1B1Haughton
H1B2,H1B2,Haughton,H1B2Haughton
H1C1,H1C1,Haughton,H1C1Haughton
H1C2,H1C2,Haughton,H1C2Haughton
H1D1,H1D1,Haughton,H1D1Haughton
H1D2,H1D2,Haughton,H1D2Haughton
H2A,H2A,Haughton,H2AHaughton
H2A1,H2A1,Haughton,H2A1Haughton
H2A2,H2A2,Haughton,H2A2Haughton
H2B,H2B,Haughton,H2BHaughton
H2B1,H2B1,Haughton,H2B1Haughton
H2B2,H2B2,Haughton,H2B2Haughton
H2C1,H2C1,Haughton,H2C1Haughton
H2C2,H2C2,Haughton,H2C2Haughton
H2D1,H2D1,Haughton,H2D1Haughton
H2D2,H2D2,Haughton,H2D2Haughton
H3A1,H3A1,Haughton,H3A1Haughton
H3A2,H3A2,Haughton,H3A2Haughton
H3B,H3B,Haughton,H3BHaughton
H3B1,H3B1,Haughton,H3B1Haughton
H3B2,H3B2,Haughton,H3B2Haughton
H3C1,H3C1,Haughton,H3C1Haughton
H3C2,H3C2,Haughton,H3C2Haughton
H3D1,H3D1,Haughton,H3D1Haughton
H3D2,H3D2,Haughton,H3D2Haughton
H4A1,H4A1,Haughton,H4A1Haughton
H4A2,H4A2,Haughton,H4A2Haughton
H4B1,H4B1,Haughton,H4B1Haughton
H4B2,H4B2,Haughton,H4B2Haughton
H4C1,H4C1,Haughton,H4C1Haughton
H4C2,H4C2,Haughton,H4C2Haughton
H4D1,H4D1,Haughton,H4D1Haughton
H4D2,H4D2,Haughton,H4D2Haughton
H5A1,H5A1,Haughton,H5A1Haughton
H5A2,H5A2,Haughton,H5A2Haughton
H5B1,H5B1,Haughton,H5B1Haughton
H5B2,H5B2,Haughton,H5B2Haughton
H5C1,H5C1,Haughton,H5C1Haughton
H5C2,H5C2,Haughton,H5C2Haughton
H5D1,H5D1,Haughton,H5D1Haughton
H5D2,H5D2,Haughton,H5D2Haughton
H6A1,H6A1,Haughton,H6A1Haughton
H6A2,H6A2,Haughton,H6A2Haughton
H6B1,H6B1,Haughton,H6B1Haughton
H6B2,H6B2,Haughton,H6B2Haughton
H6C1,H6C1,Haughton,H6C1Haughton
H6C2,H6C2,Haughton,H6C2Haughton
H6D1,H6D1,Haughton,H6D1Haughton
H6D2,H6D2,Haughton,H6D2Haughton
H7A1,H7A1,Haughton,H7A1Haughton
H7A2,H7A2,Haughton,H7A2Haughton
H7B1,H7B1,Haughton,H7B1Haughton
H7B2,H7B2,Haughton,H7B2Haughton
H7C1,H7C1,Haughton,H7C1Haughton
H7C2,H7C2,Haughton,H7C2Haughton
H7D1,H7D1,Haughton,H7D1Haughton
H7D2,H7D2,Haughton,H7D2Haughton
HDWR,HDWR,Victoria,HDWRVictoria
I1A1,I1A1,Haughton,I1A1Haughton
I1A2,I1A2,Haughton,I1A2Haughton
I1A3,I1A3,Haughton,I1A3Haughton
I1A4,I1A4,Haughton,I1A4Haughton
I1B1,I1B1,Haughton,I1B1Haughton
I1B2,I1B2,Haughton,I1B2Haughton
I1B3,I1B3,Haughton,I1B3Haughton
I1C1,I1C1,Haughton,I1C1Haughton
I1C2,I1C2,Haughton,I1C2Haughton
I1C3,I1C3,Haughton,I1C3Haughton
I1C4,I1C4,Haughton,I1C4Haughton
I1C5,I1C5,Haughton,I1C5Haughton
I1CI,I1CI,Haughton,I1CIHaughton
I1D1,I1D1,Haughton,I1D1Haughton
I1D2,I1D2,Haughton,I1D2Haughton
I2A,I2A,Haughton,I2AHaughton
I2A1,I2A1,Haughton,I2A1Haughton
I2A2,I2A2,Haughton,I2A2Haughton
I2B1,I2B1,Haughton,I2B1Haughton
I2B2,I2B2,Haughton,I2B2Haughton
I2C1,I2C1,Haughton,I2C1Haughton
I2C2,I2C2,Haughton,I2C2Haughton
I2D1,I2D1,Haughton,I2D1Haughton
I2D2,I2D2,Haughton,I2D2Haughton
I3A,I3A,Haughton,I3AHaughton
I3A1,I3A1,Haughton,I3A1Haughton
I3A2,I3A2,Haughton,I3A2Haughton
I3B1,I3B1,Haughton,I3B1Haughton
I3B2,I3B2,Haughton,I3B2Haughton
I3C1,I3C1,Haughton,I3C1Haughton
I3C2,I3C2,Haughton,I3C2Haughton
I3D1,I3D1,Haughton,I3D1Haughton
I3D2,I3D2,Haughton,I3D2Haughton
I4A1,I4A1,Haughton,I4A1Haughton
I4A2,I4A2,Haughton,I4A2Haughton
I4B1,I4B1,Haughton,I4B1Haughton
I4B2,I4B2,Haughton,I4B2Haughton
I4C1,I4C1,Haughton,I4C1Haughton
I4C2,I4C2,Haughton,I4C2Haughton
I4D1,I4D1,Haughton,I4D1Haughton
I4D2,I4D2,Haughton,I4D2Haughton
I5A1,I5A1,Haughton,I5A1Haughton
I5A2,I5A2,Haughton,I5A2Haughton
I5B1,I5B1,Haughton,I5B1Haughton
I5B2,I5B2,Haughton,I5B2Haughton
I5C1,I5C1,Haughton,I5C1Haughton
I5C2,I5C2,Haughton,I5C2Haughton
I5D1,I5D1,Haughton,I5D1Haughton
I5D2,I5D2,Haughton,I5D2Haughton
I6A1,I6A1,Haughton,I6A1Haughton
I6A2,I6A2,Haughton,I6A2Haughton
I6B1,I6B1,Haughton,I6B1Haughton
I6B2,I6B2,Haughton,I6B2Haughton
I6C1,I6C1,Haughton,I6C1Haughton
I6C2,I6C2,Haughton,I6C2Haughton
I6D1,I6D1,Haughton,I6D1Haughton
I6D2,I6D2,Haughton,I6D2Haughton
I7A1,I7A1,Haughton,I7A1Haughton
I7A2,I7A2,Haughton,I7A2Haughton
I7B1,I7B1,Haughton,I7B1Haughton
I7B2,I7B2,Haughton,I7B2Haughton
I7C1,I7C1,Haughton,I7C1Haughton
I7C2,I7C2,Haughton,I7C2Haughton
I7D1,I7D1,Haughton,I7D1Haughton
I7D2,I7D2,Haughton,I7D2Haughton
L1A1,L1A1,Haughton,L1A1Haughton
L1A2,L1A2,Haughton,L1A2Haughton
L1B1,L1B1,Haughton,L1B1Haughton
L1B2,L1B2,Haughton,L1B2Haughton
L1C1,L1C1,Haughton,L1C1Haughton
L1C2,L1C2,Haughton,L1C2Haughton
L1D1,L1D1,Haughton,L1D1Haughton
L1D2,L1D2,Haughton,L1D2Haughton
L2A1,L2A1,Haughton,L2A1Haughton
L2A2,L2A2,Haughton,L2A2Haughton
L2B1,L2B1,Haughton,L2B1Haughton
L2B2,L2B2,Haughton,L2B2Haughton
L2C1,L2C1,Haughton,L2C1Haughton
L2C2,L2C2,Haughton,L2C2Haughton
L2D1,L2D1,Haughton,L2D1Haughton
L2D2,L2D2,Haughton,L2D2Haughton
L3A1,L3A1,Haughton,L3A1Haughton
L3A2,L3A2,Haughton,L3A2Haughton
L3B1,L3B1,Haughton,L3B1Haughton
L3B2,L3B2,Haughton,L3B2Haughton
L3C1,L3C1,Haughton,L3C1Haughton
L3C2,L3C2,Haughton,L3C2Haughton
L3D1,L3D1,Haughton,L3D1Haughton
L3D2,L3D2,Haughton,L3D2Haughton
L4A1,L4A1,Haughton,L4A1Haughton
L4A2,L4A2,Haughton,L4A2Haughton
L4B1,L4B1,Haughton,L4B1Haughton
L4B2,L4B2,Haughton,L4B2Haughton
L4C1,L4C1,Haughton,L4C1Haughton
L4C2,L4C2,Haughton,L4C2Haughton
L4D1,L4D1,Haughton,L4D1Haughton
L4D2,L4D2,Haughton,L4D2Haughton
L4E1,L4E1,Haughton,L4E1Haughton
L4E2,L4E2,Haughton,L4E2Haughton
L5A1,L5A1,Haughton,L5A1Haughton
L5A2,L5A2,Haughton,L5A2Haughton
L5B1,L5B1,Haughton,L5B1Haughton
L5B2,L5B2,Haughton,L5B2Haughton
L5C1,L5C1,Haughton,L5C1Haughton
L5C2,L5C2,Haughton,L5C2Haughton
L5D1,L5D1,Haughton,L5D1Haughton
L5D2,L5D2,Haughton,L5D2Haughton
L5E1,L5E1,Haughton,L5E1Haughton
L5E2,L5E2,Haughton,L5E2Haughton
L6A1,L6A1,Haughton,L6A1Haughton
L6A2,L6A2,Haughton,L6A2Haughton
L6B1,L6B1,Haughton,L6B1Haughton
L6B2,L6B2,Haughton,L6B2Haughton
L6C1,L6C1,Haughton,L6C1Haughton
L6C2,L6C2,Haughton,L6C2Haughton
L6D1,L6D1,Haughton,L6D1Haughton
L6D2,L6D2,Haughton,L6D2Haughton
L6E1,L6E1,Haughton,L6E1Haughton
L6E2,L6E2,Haughton,L6E2Haughton
L7A1,L7A1,Haughton,L7A1Haughton
L7A2,L7A2,Haughton,L7A2Haughton
L7B,L7B,Haughton,L7BHaughton
L7B1,L7B1,Haughton,L7B1Haughton
L7B2,L7B2,Haughton,L7B2Haughton
L7B3,L7B3,Haughton,L7B3Haughton
L7B5,L7B5,Haughton,L7B5Haughton
L7C1,L7C1,Haughton,L7C1Haughton
L7C2,L7C2,Haughton,L7C2Haughton
L7D1,L7D1,Haughton,L7D1Haughton
L7D2,L7D2,Haughton,L7D2Haughton
L7E1,L7E1,Haughton,L7E1Haughton
L7E2,L7E2,Haughton,L7E2Haughton
L8C1,L8C1,Haughton,L8C1Haughton
L8C2,L8C2,Haughton,L8C2Haughton
L9A2,L9A2,Haughton,L9A2Haughton
Red Tag,Red Tag,Haughton,Red TagHaughton
TBD,TBD,Haughton,TBDHaughton
V1A,V1A,Haughton,V1AHaughton
V1B,V1B,Haughton,V1BHaughton
V1C,V1C,Haughton,V1CHaughton
V1D,V1D,Haughton,V1DHaughton
V1E,V1E,Haughton,V1EHaughton
V1F,V1F,Haughton,V1FHaughton
V1G,V1G,Haughton,V1GHaughton
V1H,V1H,Haughton,V1HHaughton
V2A,V2A,Haughton,V2AHaughton
V2B,V2B,Haughton,V2BHaughton
V2C,V2C,Haughton,V2CHaughton
V2C1,V2C1,Haughton,V2C1Haughton
V2C11,V2C11,Haughton,V2C11Haughton
V2C12,V2C12,Haughton,V2C12Haughton
V2C2,V2C2,Haughton,V2C2Haughton
V2C3,V2C3,Haughton,V2C3Haughton
V2C4,V2C4,Haughton,V2C4Haughton
V2C5,V2C5,Haughton,V2C5Haughton
V2C6,V2C6,Haughton,V2C6Haughton
V2C7,V2C7,Haughton,V2C7Haughton
V2C8,V2C8,Haughton,V2C8Haughton
V2C9,V2C9,Haughton,V2C9Haughton
V2D,V2D,Haughton,V2DHaughton
V2D1,V2D1,Haughton,V2D1Haughton
V2D2,V2D2,Haughton,V2D2Haughton
V2D3,V2D3,Haughton,V2D3Haughton
V2D4,V2D4,Haughton,V2D4Haughton
V2D5,V2D5,Haughton,V2D5Haughton
V2D6,V2D6,Haughton,V2D6Haughton
V2D7,V2D7,Haughton,V2D7Haughton
V2D8,V2D8,Haughton,V2D8Haughton
V2D9,V2D9,Haughton,V2D9Haughton
V2E,V2E,Haughton,V2EHaughton
V2F,V2F,Haughton,V2FHaughton
V2G,V2G,Haughton,V2GHaughton
V2H,V2H,Haughton,V2HHaughton
VMI,VMI,Haughton,VMIHaughton
VMI,VMI,Victoria,VMIVictoria
VMI,VMI,Houston,VMIHouston
W1A1,W1A1,Haughton,W1A1Haughton
W1A2,W1A2,Haughton,W1A2Haughton
W1A3,W1A3,Haughton,W1A3Haughton
W1A4,W1A4,Haughton,W1A4Haughton
W1A5,W1A5,Haughton,W1A5Haughton
W1A6,W1A6,Haughton,W1A6Haughton
W1B1,W1B1,Haughton,W1B1Haughton
W1B2,W1B2,Haughton,W1B2Haughton
W1B3,W1B3,Haughton,W1B3Haughton
W1B4,W1B4,Haughton,W1B4Haughton
W1B5,W1B5,Haughton,W1B5Haughton
W1B6,W1B6,Haughton,W1B6Haughton
W1B7,W1B7,Haughton,W1B7Haughton
W1B8,W1B8,Haughton,W1B8Haughton
W1C1,W1C1,Haughton,W1C1Haughton
W1C2,W1C2,Haughton,W1C2Haughton
W1C3,W1C3,Haughton,W1C3Haughton
W1C4,W1C4,Haughton,W1C4Haughton
W1C5,W1C5,Haughton,W1C5Haughton
W1C6,W1C6,Haughton,W1C6Haughton
W1C7,W1C7,Haughton,W1C7Haughton
W1D,W1D,Haughton,W1DHaughton
W2A,W2A,Haughton,W2AHaughton
W2A1,W2A1,Haughton,W2A1Haughton
W2A2,W2A2,Haughton,W2A2Haughton
W2A3,W2A3,Haughton,W2A3Haughton
W2A4,W2A4,Haughton,W2A4Haughton
W2A5,W2A5,Haughton,W2A5Haughton
W2A6,W2A6,Haughton,W2A6Haughton
W2B,W2B,Haughton,W2BHaughton
W2B1,W2B1,Haughton,W2B1Haughton
W2B5,W2B5,Haughton,W2B5Haughton
W2B6,W2B6,Haughton,W2B6Haughton
W2B7,W2B7,Haughton,W2B7Haughton
W2B8,W2B8,Haughton,W2B8Haughton
W2B9,W2B9,Haughton,W2B9Haughton
W2C1,W2C1,Haughton,W2C1Haughton
W2C2,W2C2,Haughton,W2C2Haughton
W2C3,W2C3,Haughton,W2C3Haughton
W2C4,W2C4,Haughton,W2C4Haughton
W2C5,W2C5,Haughton,W2C5Haughton
W2C6,W2C6,Haughton,W2C6Haughton
W2C7,W2C7,Haughton,W2C7Haughton
W2C8,W2C8,Haughton,W2C8Haughton
W3A,W3A,Haughton,W3AHaughton
W3B,W3B,Haughton,W3BHaughton
W3C,W3C,Haughton,W3CHaughton
W3D,W3D,Haughton,W3DHaughton
W3E,W3E,Haughton,W3EHaughton
W3F,W3F,Haughton,W3FHaughton
W3G,W3G,Haughton,W3GHaughton
W3H,W3H,Haughton,W3HHaughton
W4A,W4A,Haughton,W4AHaughton
W4B,W4B,Haughton,W4BHaughton
W4C,W4C,Haughton,W4CHaughton
W4D,W4D,Haughton,W4DHaughton
W4E,W4E,Haughton,W4EHaughton
W4F,W4F,Haughton,W4FHaughton
W4G,W4G,Haughton,W4GHaughton
W4H,W4H,Haughton,W4HHaughton
WHSE,WHSE,Haughton,WHSEHaughton
WHSE,WHSE,Victoria,WHSEVictoria
WHSE,WHSE,Houston,WHSEHouston
WIP,WIP,Haughton,WIPHaughton
WIP,WIP,Victoria,WIPVictoria
WIP,WIP,Houston,WIPHouston
X1A,X1A,Haughton,X1AHaughton
X1B,X1B,Haughton,X1BHaughton
X1B1,X1B1,Haughton,X1B1Haughton
X1B2,X1B2,Haughton,X1B2Haughton
X1B3,X1B3,Haughton,X1B3Haughton
X1C,X1C,Haughton,X1CHaughton
X1C2,X1C2,Haughton,X1C2Haughton
X1C3,X1C3,Haughton,X1C3Haughton
X1D,X1D,Haughton,X1DHaughton
X1D1,X1D1,Haughton,X1D1Haughton
X1D2,X1D2,Haughton,X1D2Haughton
X1D3,X1D3,Haughton,X1D3Haughton
X1D4,X1D4,Haughton,X1D4Haughton
X1D5,X1D5,Haughton,X1D5Haughton
X1D6,X1D6,Haughton,X1D6Haughton
X1D7,X1D7,Haughton,X1D7Haughton
X1D8,X1D8,Haughton,X1D8Haughton
X1E,X1E,Haughton,X1EHaughton
X1F,X1F,Haughton,X1FHaughton
X2A,X2A,Haughton,X2AHaughton
X2A1,X2A1,Haughton,X2A1Haughton
X2A2,X2A2,Haughton,X2A2Haughton
X2B,X2B,Haughton,X2BHaughton
X2B4,X2B4,Haughton,X2B4Haughton
X2B5,X2B5,Haughton,X2B5Haughton
X2B7,X2B7,Haughton,X2B7Haughton
X2C,X2C,Haughton,X2CHaughton
X2C3,X2C3,Haughton,X2C3Haughton
X2C4,X2C4,Haughton,X2C4Haughton
X2D,X2D,Haughton,X2DHaughton
X2D1,X2D1,Haughton,X2D1Haughton
X2D2,X2D2,Haughton,X2D2Haughton
X2E,X2E,Haughton,X2EHaughton
X2E1,X2E1,Haughton,X2E1Haughton
X2E2,X2E2,Haughton,X2E2Haughton
X2F,X2F,Haughton,X2FHaughton
X2F1,X2F1,Haughton,X2F1Haughton
X2F2,X2F2,Haughton,X2F2Haughton
X3A,X3A,Haughton,X3AHaughton
X3B,X3B,Haughton,X3BHaughton
X3C,X3C,Haughton,X3CHaughton
X4B,X4B,Haughton,X4BHaughton
Y1A,Y1A,Haughton,Y1AHaughton
Y1A1,Y1A1,Haughton,Y1A1Haughton
Y1A2,Y1A2,Haughton,Y1A2Haughton
Y1B,Y1B,Haughton,Y1BHaughton
Y1B1,Y1B1,Haughton,Y1B1Haughton
Y1B2,Y1B2,Haughton,Y1B2Haughton
Y1B3,Y1B3,Haughton,Y1B3Haughton
Y1C,Y1C,Haughton,Y1CHaughton
Y1C2,Y1C2,Haughton,Y1C2Haughton
Y1C3,Y1C3,Haughton,Y1C3Haughton
Y1D,Y1D,Haughton,Y1DHaughton
Y1D1,Y1D1,Haughton,Y1D1Haughton
Y1E,Y1E,Haughton,Y1EHaughton
Y1E1,Y1E1,Haughton,Y1E1Haughton
Y1E2,Y1E2,Haughton,Y1E2Haughton
Y1E3,Y1E3,Haughton,Y1E3Haughton
Y1E4,Y1E4,Haughton,Y1E4Haughton
Y1F,Y1F,Haughton,Y1FHaughton
Y1F1,Y1F1,Haughton,Y1F1Haughton
Y1F2,Y1F2,Haughton,Y1F2Haughton
Y1F3,Y1F3,Haughton,Y1F3Haughton
Y1F4,Y1F4,Haughton,Y1F4Haughton
Y1F5,Y1F5,Haughton,Y1F5Haughton
Y1F6,Y1F6,Haughton,Y1F6Haughton
Y2A,Y2A,Haughton,Y2AHaughton
Y2A1,Y2A1,Haughton,Y2A1Haughton
Y2A2,Y2A2,Haughton,Y2A2Haughton
Y2A3,Y2A3,Haughton,Y2A3Haughton
Y2B,Y2B,Haughton,Y2BHaughton
Y2B2,Y2B2,Haughton,Y2B2Haughton
Y2C,Y2C,Haughton,Y2CHaughton
Y2D,Y2D,Haughton,Y2DHaughton
Y2D1,Y2D1,Haughton,Y2D1Haughton
Y2D2,Y2D2,Haughton,Y2D2Haughton
Y2E,Y2E,Haughton,Y2EHaughton
Y2E1,Y2E1,Haughton,Y2E1Haughton
Y2E3,Y2E3,Haughton,Y2E3Haughton
Y2F,Y2F,Haughton,Y2FHaughton
Y5B,Y5B,Haughton,Y5BHaughton
Y5D,Y5D,Haughton,Y5DHaughton
Z1A,Z1A,Haughton,Z1AHaughton
Z1A1,Z1A1,Houston,Z1A1Houston
Z1A2,Z1A2,Houston,Z1A2Houston
Z1A3,Z1A3,Houston,Z1A3Houston
Z1A4,Z1A4,Houston,Z1A4Houston
Z1A5,Z1A5,Houston,Z1A5Houston
Z1B,Z1B,Haughton,Z1BHaughton
Z1B1,Z1B1,Haughton,Z1B1Haughton
Z1B1,Z1B1,Houston,Z1B1Houston
Z1B2,Z1B2,Houston,Z1B2Houston
Z1B3,Z1B3,Houston,Z1B3Houston
Z1B4,Z1B4,Houston,Z1B4Houston
Z1C,Z1C,Haughton,Z1CHaughton
Z1C1,Z1C1,Houston,Z1C1Houston
Z1C2,Z1C2,Houston,Z1C2Houston
Z1C3,Z1C3,Houston,Z1C3Houston
Z1C4,Z1C4,Houston,Z1C4Houston
Z1C5,Z1C5,Houston,Z1C5Houston
Z1D,Z1D,Haughton,Z1DHaughton
Z1D1,Z1D1,Houston,Z1D1Houston
Z1D2,Z1D2,Houston,Z1D2Houston
Z1D3,Z1D3,Houston,Z1D3Houston
Z1E,Z1E,Haughton,Z1EHaughton
Z1E1,Z1E1,Houston,Z1E1Houston
Z1E2,Z1E2,Houston,Z1E2Houston
Z1F,Z1F,Haughton,Z1FHaughton
Z1G,Z1G,Haughton,Z1GHaughton
Z1H,Z1H,Haughton,Z1HHaughton
Z2A,Z2A,Haughton,Z2AHaughton
Z2A1,Z2A1,Houston,Z2A1Houston
Z2A2,Z2A2,Houston,Z2A2Houston
Z2B,Z2B,Haughton,Z2BHaughton
Z2B1,Z2B1,Houston,Z2B1Houston
Z2B2,Z2B2,Houston,Z2B2Houston
Z2B4,Z2B4,Houston,Z2B4Houston
Z2C,Z2C,Haughton,Z2CHaughton
Z2C1,Z2C1,Houston,Z2C1Houston
Z2C2,Z2C2,Houston,Z2C2Houston
Z2C4,Z2C4,Houston,Z2C4Houston
Z2D,Z2D,Haughton,Z2DHaughton
Z2D1,Z2D1,Houston,Z2D1Houston
Z2D2,Z2D2,Houston,Z2D2Houston
Z2E,Z2E,Haughton,Z2EHaughton
Z2E1,Z2E1,Houston,Z2E1Houston
Z2E2,Z2E2,Houston,Z2E2Houston
Z2F,Z2F,Haughton,Z2FHaughton
Z2G,Z2G,Haughton,Z2GHaughton
Z2H,Z2H,Haughton,Z2HHaughton
Z3A1,Z3A1,Houston,Z3A1Houston
Z3A2,Z3A2,Houston,Z3A2Houston
Z3B1,Z3B1,Houston,Z3B1Houston
Z3B2,Z3B2,Houston,Z3B2Houston
Z3C1,Z3C1,Houston,Z3C1Houston
Z3C2,Z3C2,Houston,Z3C2Houston
Z3C3,Z3C3,Houston,Z3C3Houston
Z3C4,Z3C4,Houston,Z3C4Houston
Z3C5,Z3C5,Houston,Z3C5Houston
Z3D1,Z3D1,Houston,Z3D1Houston
Z3D2,Z3D2,Houston,Z3D2Houston
Z3E1,Z3E1,Houston,Z3E1Houston
Z3E2,Z3E2,Houston,Z3E2Houston
Z3G,Z3G,Haughton,Z3GHaughton
Z4A1,Z4A1,Houston,Z4A1Houston
Z4A2,Z4A2,Houston,Z4A2Houston
Z4A3,Z4A3,Houston,Z4A3Houston
Z4B,Z4B,Haughton,Z4BHaughton
Z4B1,Z4B1,Houston,Z4B1Houston
Z4B2,Z4B2,Houston,Z4B2Houston
Z4C,Z4C,Haughton,Z4CHaughton
Z4C1,Z4C1,Houston,Z4C1Houston
Z4C2,Z4C2,Houston,Z4C2Houston
Z4C3,Z4C3,Houston,Z4C3Houston
Z4D1,Z4D1,Houston,Z4D1Houston
Z4D2,Z4D2,Houston,Z4D2Houston
Z4E1,Z4E1,Houston,Z4E1Houston
Z4E2,Z4E2,Houston,Z4E2Houston
Z4G,Z4G,Haughton,Z4GHaughton
Z5A,Z5A,Haughton,Z5AHaughton
Z5C,Z5C,Haughton,Z5CHaughton
Z5D,Z5D,Haughton,Z5DHaughton
Z5D5,Z5D5,Houston,Z5D5Houston
Z6B,Z6B,Haughton,Z6BHaughton
Z6C,Z6C,Haughton,Z6CHaughton
Z6D,Z6D,Haughton,Z6DHaughton
Z6E,Z6E,Haughton,Z6EHaughton
Z6F,Z6F,Haughton,Z6FHaughton
Z7C,Z7C,Haughton,Z7CHaughton
Z7D,Z7D,Haughton,Z7DHaughton
Z8C,Z8C,Haughton,Z8CHaughton
ZID,ZID,Haughton,ZIDHaughton
