entityid,isperson,companyname,email,phone,address1_addressName,address1_addressee,address1_phone,address1_line1,address1_line2,address1_city,address1_state,address1_zipCode,address1_country,terms,Track 1099,Tax ID
3S INTERNATIONAL COMPANY LIMITED,FALSE,3S INTERNATIONAL COMPANY LIMITED,MARKETING_03@NJPROSPER.COM,+86 25 58612095,Bill-To,3S INTERNATIONAL COMPANY LIMITED,,"NO. 21 HUSASHEN AVENUE
YUHUA DISTRICT",,NANJING,China,210012,CHINA,2,No,
5 SONS SERVICES,FALSE,5 SONS SERVICES,,,Bill-To,5 SONS SERVICES,,HCR 65 BOX 705,,MCKINNON,WY,82938,United States,2,No,
A 1 CARPET AND TILE,FALSE,A 1 CARPET AND TILE,,(361) 652-5870,Bill-To,A 1 CARPET AND TILE,,2502 E AIRLINE,,VICTORIA,TX,77901,United States,2,No,
A.J. ROD COMPANY LTD.,FALSE,A.J. ROD COMPANY LTD.,,,Bill-To,A.J. ROD COMPANY LTD.,,PO BOX 40067,,HOUSTON,TX,77251-1759,United States,2,No,
A.W. CHESTERTON COMPANY,FALSE,A.W. CHESTERTON COMPANY,,(781) 438-7000,Bill-To,A.W. CHESTERTON COMPANY,,POB 3351,,BOSTON,MA,02241,United States,2,No,
AAA COOPER TRANSPORTATION,FALSE,AAA COOPER TRANSPORTATION,,(334) 793-2284,Bill-To,AAA COOPER TRANSPORTATION,,POB 935003,,ATLANTA,GA,31193-5003,United States,2,No,
ABBOT PROMOTIONAL PRODUCTS,FALSE,ABBOT PROMOTIONAL PRODUCTS,,,Bill-To,ABBOT PROMOTIONAL PRODUCTS,,4301 GREENWOOD RD.,,SHREVEPORT,LA,71109,United States,2,No,
ACME TRUCK LINE,FALSE,ACME TRUCK LINE,credit@acmetruck.com,(504) 368-2510,Bill-To,ACME TRUCK LINE,,"MSC-410683
POB 415000",,NASHVILLE,TN,37241-5000,United States,2,No,
ACUREN INSPECTION,FALSE,ACUREN INSPECTION,,(903) 753-2375,Bill-To,ACUREN INSPECTION,,POB 846313,,DALLAS,TX,75284-6313,United States,2,No,
ADP SCREENING & SELECTION SERVICES,FALSE,ADP SCREENING & SELECTION SERVICES,,,Bill-To,ADP SCREENING & SELECTION SERVICES,,POB 645177,,CINCINNATI,OH,45264,United States,2,No,
ADT SECURITY,FALSE,ADT SECURITY,switte@adt.com,(830) 534-5632,Bill-To,ADT SECURITY,,POB 371878,,PITTSBURG,PA,15250-7878,United States,2,No,
ADVANCED CRANE & HOIST SERVICES,FALSE,ADVANCED CRANE & HOIST SERVICES,,(281) 485-0795,Bill-To,ADVANCED CRANE & HOIST SERVICES,,POB 446,,PEARLAND,TX,77588,United States,2,No,
Advanced Valve Design,FALSE,Advanced Valve Design,carol@advancedvalve.com,(610) 435-8820,Bill-To,Advanced Valve Design,,480 Mickley Road,,Whitehall,PA,18052,United States,2,No,
AEON PEC.,FALSE,AEON PEC.,,(318) 221-0122,Bill-To,AEON PEC.,,POB 7607,,SHREVEPORT,LA,71137-7607,United States,2,No,
AFCO,FALSE,AFCO,,,Bill-To,AFCO,,POB 360572,,PITTSBURGH,PA,15250-6572,United States,2,No,
AIRGAS USA,FALSE,AIRGAS USA,,,Bill-To,AIRGAS USA,,POB 734671,,DALLAS,TX,75373-4671,United States,2,No,
AIRTECH SPRAY SYS,FALSE,AIRTECH SPRAY SYS,,,Bill-To,AIRTECH SPRAY SYS,,POB 74321,,CLEVELAND,OH,44194,United States,2,No,
AIV L.P.,FALSE,AIV L.P.,,,Bill-To,AIV L.P.,,22806 NORTHWEST LAKE DRIVE,,HOUSTON,TX,77095,United States,2,No,
ALLREDI,FALSE,ALLREDI,,,Bill-To,ALLREDI,,POB 670560,,DALLAS,TX,75267-0560,United States,2,No,
ALPHA PROCESS SALES (VENDOR),FALSE,ALPHA PROCESS SALES (VENDOR),,,Bill-To,ALPHA PROCESS SALES (VENDOR),,12850 E BOURNEWOOD DRIVE,,SUGAR LAND,TX,77478,United States,2,Yes,74-1606087
"AMARK METALS, INC",FALSE,"AMARK METALS, INC",,,Bill-To,"AMARK METALS, INC",,3853 INDUSTRIAL CIRCLE,,BOSSIER CITY,LA,71112,United States,2,No,
AMAZON CAPITAL SERVICES,FALSE,AMAZON CAPITAL SERVICES,,,Bill-To,AMAZON CAPITAL SERVICES,,POB 035184,,SEATTLE,WA,98124-5184,United States,2,No,
AMERICAN PAPER & JANITORIAL SUPPLIES INC.,FALSE,AMERICAN PAPER & JANITORIAL SUPPLIES INC.,,(361) 578-0031,Bill-To,AMERICAN PAPER & JANITORIAL SUPPLIES INC.,,P.O. BOX 3966,,VICTORIA,TX,77903,United States,2,No,
ANN HARRIS BENNETT,FALSE,ANN HARRIS BENNETT,,,Bill-To,ANN HARRIS BENNETT,,"TAX ASSESSOR-COLLECTOR
P.O. BOX 4622",,HOUSTON,TX,77210,United States,2,No,
APPALACHIA MIDSTREAM SERVICES,FALSE,APPALACHIA MIDSTREAM SERVICES,,,Bill-To,APPALACHIA MIDSTREAM SERVICES,,"ONE WILLIAMS CENTER
TREASURY MD 50",,TULSA,OK,74172,United States,2,No,
APPLIED MSS,FALSE,APPLIED MSS,,,Bill-To,APPLIED MSS,,22510 NETWORK PLACE,,CHICAGO,IL,60673-1225,United States,2,No,
ARCA FLOW CONTROLS,FALSE,ARCA FLOW CONTROLS,,,Bill-To,ARCA FLOW CONTROLS,,10671 SHADOW WOOD DR,,HOUSTON,TX,77043,United States,2,No,
ARCBEST INTERNATIONAL,FALSE,ARCBEST INTERNATIONAL,,,Bill-To,ARCBEST INTERNATIONAL,,"ECS ACCTS REC
POB 10048",,FORT SMITH,AR,72917-0048,United States,2,No,
ARGON,FALSE,ARGON,,,Bill-To,ARGON,,345 W CHESTNUT AVE,,MONROVIA,CA,91016,United States,2,No,
ARK-LA-TEX PALLET SALES,FALSE,ARK-LA-TEX PALLET SALES,,,Bill-To,ARK-LA-TEX PALLET SALES,,4191 BELLEVUE ROAD,,HAUGHTON,LA,71037-8392,United States,2,No,
ARTURO VIESCA,FALSE,ARTURO VIESCA,,,Bill-To,ARTURO VIESCA,,13102 N NAVARRO STREET,,VICTORIA,TX,77904,United States,2,No,
ASC ENGINEERED SOLUTIONS,FALSE,ASC ENGINEERED SOLUTIONS,,,Bill-To,ASC ENGINEERED SOLUTIONS,,26009 NETWORK PLACE,,CHICAGO,IL,60673-1260,United States,16,No,
ASSET RECOVERY SURPLUS,FALSE,ASSET RECOVERY SURPLUS,,318-470-0996,Bill-To,ASSET RECOVERY SURPLUS,,2810 CAMP ZION ROAD,,DOYLINE,LA,71023,United States,2,Yes,85-2252959
AT&T,FALSE,AT&T,,,Bill-To,AT&T,,PO BOX 5019,,CAROL STREAM,IL,60197-5019,United States,2,No,
AT&T Mobility,FALSE,AT&T Mobility,,,Bill-To,AT&T Mobility,,P.O. BOX  6463,,CAROL STREAM,IL,60197-6463,United States,2,No,
AT&T(NEW),FALSE,AT&T(NEW),,,Bill-To,AT&T(NEW),,POB 5019,,CAROL STREAM,IL,60197-5019,United States,2,No,
ATLANTIC GROUP INC - AGI,FALSE,ATLANTIC GROUP INC - AGI,,(281) 578-0366,Bill-To,ATLANTIC GROUP INC - AGI,,26077 NELSON WAY STE. 1503,,KATY,TX,77494,United States,2,No,
AUTOMATION SERVICE.,FALSE,AUTOMATION SERVICE.,credit@automationservice.com,(314) 785-6060,Bill-To,AUTOMATION SERVICE.,,13871 PARKS STEED DRIVE,,EARTH CITY,MO,63045,United States,2,No,
AVES INDUSTRIES,FALSE,AVES INDUSTRIES,,,Bill-To,AVES INDUSTRIES,,POB 40737,,FORT WORTH,TX,76140,United States,17,No,
AWC INC,FALSE,AWC INC,,(361) 504-4179,Bill-To,AWC INC,,POB 974800,,DALLAS,TX,75397-4800,United States,2,No,
AXALTA  POWDER COATING,FALSE,AXALTA  POWDER COATING,,,Bill-To,AXALTA  POWDER COATING,,DEPT 3490,,CAROL STREAM,IL,60132-3490,United States,2,No,
B&L Lock and Safe,FALSE,B&L Lock and Safe,,(281) 481-0234,Bill-To,B&L Lock and Safe,,10638 Almeda Genoa Rd,,Houston,TX,77034,United States,4,No,
BADGER METER,FALSE,BADGER METER,,(414) 355-0400,Bill-To,BADGER METER,,BOX 88223,,MILWAUKEE,WI,53288-0223,United States,2,No,
BANKCARD CENTER,FALSE,BANKCARD CENTER,,,Bill-To,BANKCARD CENTER,,POB 30833,,SALT LAKE CITY,UT,84130-0833,United States,2,No,
"BARSTOCK SPECIALTIES, INC",FALSE,"BARSTOCK SPECIALTIES, INC",,,Bill-To,"BARSTOCK SPECIALTIES, INC",,POB 974039,,DALLAS,TX,75397-4039,United States,2,No,
BAY AREA/GENERAL CRANE SERVICE CO,FALSE,BAY AREA/GENERAL CRANE SERVICE CO,,,Bill-To,BAY AREA/GENERAL CRANE SERVICE CO,,4206 WESLOW,,HOUSTON,TX,77087,United States,2,No,
"BAYOU AIR REPAIR, LLC",FALSE,"BAYOU AIR REPAIR, LLC",,,Bill-To,"BAYOU AIR REPAIR, LLC",,4285 MONTGOMERY CROSSING,,DOYLINE,LA,71023,United States,2,No,
BAYOU CITY BOLT & SUPPLY INC.,FALSE,BAYOU CITY BOLT & SUPPLY INC.,,,Bill-To,BAYOU CITY BOLT & SUPPLY INC.,,"6331 CULLEN, P.O. BOX 330264",,HOUSTON,TX,77041,United States,2,No,
BBP,FALSE,BBP,,,Bill-To,BBP,,337 HIGHLANDIA DRIVE,,BATON ROUGE,LA,70810,United States,2,No,
BDO,FALSE,BDO,lloving@bdo.com,(713) 960-1706,Bill-To,BDO,,POB 677973,,DALLAS,TX,75267-7973,United States,2,Yes,13-5381590
BEARING SERVICE & SUPPLY INC,FALSE,BEARING SERVICE & SUPPLY INC,,318-424-1447,Bill-To,BEARING SERVICE & SUPPLY INC,,POB 7750,,SHREVEPORT,LA,71137-7750,United States,2,No,
BEGNEAUD MANUFACTURING INC,FALSE,BEGNEAUD MANUFACTURING INC,,(337) 237-5069,Bill-To,BEGNEAUD MANUFACTURING INC,,POB 62949,,LAFAYETTE,LA,70596-2949,United States,2,No,
BITTER END TRADING LLC.,FALSE,BITTER END TRADING LLC.,,,Bill-To,BITTER END TRADING LLC.,,POB 215,,ELKINS,NH,03233,United States,2,No,
BKG MACHINE & FAB,FALSE,BKG MACHINE & FAB,,,Bill-To,BKG MACHINE & FAB,,5509 STATE HWY 185,,VICTORIA,TX,77905,United States,4,No,
BOB HERBERT & ASSOCIATES,FALSE,BOB HERBERT & ASSOCIATES,,,Bill-To,BOB HERBERT & ASSOCIATES,,2213 ALDINE BENDAR,,HOUSTON,TX,77032,United States,2,No,
BOB JONES WELDING & FABRICATION,FALSE,BOB JONES WELDING & FABRICATION,,(210) 818-0044,Bill-To,BOB JONES WELDING & FABRICATION,,1601 PORT LAVACA DRIVE,,VICTORIA,TX,77901,United States,2,Yes,42-1570976
BOBBY SHAW,FALSE,BOBBY SHAW,,,Bill-To,BOBBY SHAW,,426 FREEDOM CHURCH ROAD,,HARNED,KY,40144,United States,2,No,
"BOEDEKER PLASTICS, INC",FALSE,"BOEDEKER PLASTICS, INC",,,Bill-To,"BOEDEKER PLASTICS, INC",,904 WEST 6TH STREET,,SHINER,TX,77984,United States,2,No,
BOSSLASER,FALSE,BOSSLASER,accounting@bosslaser.com,(888) 652-1555,Bill-To,BOSSLASER,,608 Trestle Point,,Sanford,FL,32771,United States,2,No,
BPS SUPPLY GROUP.,FALSE,BPS SUPPLY GROUP.,,(885) 725-2366,Bill-To,BPS SUPPLY GROUP.,,"BPS SUPPLY GROUP
POB 842876",,DALLAS,TX,75284-2876,United States,2,No,
BRACKNELL ELECTRIC,FALSE,BRACKNELL ELECTRIC,troyexcel@yahoo.com,(361) 218-9245,Bill-To,BRACKNELL ELECTRIC,,POB 7943,,VICTORIA,TX,77903,United States,2,No,
BRADY WORLDWIDE,FALSE,BRADY WORLDWIDE,,,Bill-To,BRADY WORLDWIDE,,POB 71995,,CHICAGO,IL,60694-1995,United States,2,No,
Bridgefield Casualty Insurance Company,FALSE,Bridgefield Casualty Insurance Company,,,Bill-To,Bridgefield Casualty Insurance Company,,PPO Box 32034,,Lakeland,FL,33802-2034,United States,2,No,
BROWN'S BAYOU GLASS,FALSE,BROWN'S BAYOU GLASS,,,Bill-To,BROWN'S BAYOU GLASS,,1226 HOMER ROAD,,MINDEN,LA,71055,United States,4,No,
BUSINESS PROCESS ORGANIZATION,FALSE,BUSINESS PROCESS ORGANIZATION,,,Bill-To,BUSINESS PROCESS ORGANIZATION,,POB 2883,,HOUSTON,TX,77252-2883,United States,2,No,
C I ACTUATION,FALSE,C I ACTUATION,,,Bill-To,C I ACTUATION,,POB 842348,,DALLAS,TX,75284-2348,United States,2,No,
C.F. BIGGS CO,FALSE,C.F. BIGGS CO,,,Bill-To,C.F. BIGGS CO,,816 BENTON RD,,BOSSIER CITY,LA,71111,United States,2,No,
CADDO SIGNS LLC,FALSE,CADDO SIGNS LLC,,,Bill-To,CADDO SIGNS LLC,,8041 CONLEY ROAD,,VIVIAN,LA,71082,United States,2,No,
Caliber Valve& Controls,FALSE,Caliber Valve& Controls,,,Bill-To,Caliber Valve& Controls,,6896 Hwy 90 East,,Lake Charles,LA,70615,United States,2,No,
CAMERON INTERNATIONAL CORP,FALSE,CAMERON INTERNATIONAL CORP,,(225) 287-4058,Bill-To,CAMERON INTERNATIONAL CORP,,POB 731412,,DALLAS,TX,75373-1412,United States,2,No,
CAN-AM MACHINERY,FALSE,CAN-AM MACHINERY,,(978) 343-4400,Bill-To,CAN-AM MACHINERY,,44 OLD PRINCETON ROAD,,FITCHBURG,MA,01420,United States,2,No,
CAPITAL ONE,FALSE,CAPITAL ONE,,,Bill-To,CAPITAL ONE,,POB 60599,,CITY OF INDUSTRY,CA,91716-0599,United States,21,No,
CARBIDE TECH,FALSE,CARBIDE TECH,,(713) 475-0444,Bill-To,CARBIDE TECH,,POB 1852,,PASADENA,TX,77506,United States,2,No,
CASCADE AUTOMATION.,FALSE,CASCADE AUTOMATION.,,(541) 747-7979,Bill-To,CASCADE AUTOMATION.,,1702 28TH STREET,,SPRINGFIELD,OR,97477,United States,2,No,
CATAMARAN  INDUSTRIAL SERVICES,FALSE,CATAMARAN  INDUSTRIAL SERVICES,ar@catamaransolutions.com,(844) 422-8262,Bill-To,CATAMARAN  INDUSTRIAL SERVICES,,142 OLD SHREVEPORT ROAD,,MINDEN,LA,71055,United States,2,No,
"CC GASKET & FASTENER, INC",FALSE,"CC GASKET & FASTENER, INC",,(361) 884-6366,Bill-To,"CC GASKET & FASTENER, INC",,POB 4074,,CORPUS CHRISTI,TX,78469,United States,2,No,
CENTERPOINT ENERGY,FALSE,CENTERPOINT ENERGY,,,Bill-To,CENTERPOINT ENERGY,,PO BOX 4583,,HOUSTON,TX,77210-4583,United States,2,No,
CENTRO INC,FALSE,CENTRO INC,,,Bill-To,CENTRO INC,,"POB 1000, DEPT 532",,MEMPHIS,TN,38148,United States,2,No,
Charles Bison,FALSE,Charles Bison,,,Bill-To,Charles Bison,,8657 Chalmette Dr,,Shreveport,LA,71115,United States,2,No,
Charles K Thompson,FALSE,Charles K Thompson,charlie@pinhighcap.com,,Bill-To,Charles K Thompson,,"2311 Mid Lane, Apt 907",,Houston,TX,77027,United States,2,Yes,155-36-4761
CHASE CONTROLS LP,FALSE,CHASE CONTROLS LP,,,Bill-To,CHASE CONTROLS LP,,"702 S PERSIMMON STREET
SUITE # 1C",,TOMBALL,TX,77375,United States,2,No,
CHEETAH TRANSPORTATION,FALSE,CHEETAH TRANSPORTATION,,(281) 388-2300,Bill-To,CHEETAH TRANSPORTATION,,POB 5498,,HOUSTON,TX,77262,United States,2,No,
CHINA SHEET METAL & STAMPING SYNERGY GROUP,FALSE,CHINA SHEET METAL & STAMPING SYNERGY GROUP,,,Bill-To,CHINA SHEET METAL & STAMPING SYNERGY GROUP,,"RM 202, NO 33 BUILDING
1555 WEST JINSHAJIANG RD",,SHANGHAI,SHANGHAI,,CHINA,2,No,
CINTAS CORP,FALSE,CINTAS CORP,,,Bill-To,CINTAS CORP,,POB 650838,,DALLAS,TX,75265-0838,United States,2,No,
CINTAS CORP (OH),FALSE,CINTAS CORP (OH),,(469) 248-4763,Bill-To,CINTAS CORP (OH),,POB 631025,,CINCINNATI,OH,45263-1025,United States,2,No,
CISCO SYSTEMS INC,FALSE,CISCO SYSTEMS INC,,(866) 229-3239,Bill-To,CISCO SYSTEMS INC,,POB 91232,,CHICAGO,IL,60693-1232,United States,2,No,
City of Houston - Burglar Alarm Administration,FALSE,City of Houston - Burglar Alarm Administration,,,Bill-To,City of Houston - Burglar Alarm Administration,,PO Box 203887,,Houston,TX,77216-3887,United States,2,No,
CITY OF HOUSTON WATER,FALSE,CITY OF HOUSTON WATER,Diana.Morales2@houstontx.gov,(713) 371-1400,Bill-To,CITY OF HOUSTON WATER,,PO BOX 1560,,HOUSTON,TX,77251-1560,United States,2,No,
CLB ELECTRICAL SYSTEMS LLC,FALSE,CLB ELECTRICAL SYSTEMS LLC,electric1299@gmail.com,,Bill-To,CLB ELECTRICAL SYSTEMS LLC,,1511 CHIA ST.,,HOUSTON,TX,77017,United States,2,No,
CLEAN POWER SUPPLY,FALSE,CLEAN POWER SUPPLY,,(717) 859-4234,Bill-To,CLEAN POWER SUPPLY,,118 ROYER RD.,,EPHRATA,PA,17522,United States,2,No,
CLIFFORD CRUMP,FALSE,CLIFFORD CRUMP,,,Bill-To,CLIFFORD CRUMP,,3503 MEADOW LANE,,VICTORIA,TX,77901,United States,2,No,
Climax Portable Machining & Welding Systems,FALSE,Climax Portable Machining & Welding Systems,AR@CPMT.com,(800) 333-8311,Bill-To,Climax Portable Machining & Welding Systems,,PO Box 83402,,Chicago,IL,60691-0402,United States,2,No,
CNA SURETY DIRECT BILL,FALSE,CNA SURETY DIRECT BILL,,,Bill-To,CNA SURETY DIRECT BILL,,POB 957312,,ST LOUIS,MO,63195-7312,United States,2,No,
COASTAL FLOW LIQUID,FALSE,COASTAL FLOW LIQUID,,(713) 430-8923,Bill-To,COASTAL FLOW LIQUID,,POB 734979,,DALLAS,TX,75373-4979,United States,2,No,
COASTAL POWDER COATING,FALSE,COASTAL POWDER COATING,,(361) 485-9791,Bill-To,COASTAL POWDER COATING,,POB 3501,,VICTORIA,TX,77903,United States,2,No,
COILING TECHNOLOGIES,FALSE,COILING TECHNOLOGIES,ACCOUNTING@COILINGTECH.COM,,Bill-To,COILING TECHNOLOGIES,,7777 WRIGHT ROAD,,HOUSTON,TX,77041-2427,United States,2,No,
COLLINS SUPPLY,FALSE,COLLINS SUPPLY,,(361) 578-7473,Bill-To,COLLINS SUPPLY,,118-C STONER ROAD,,VICTORIA,TX,77901,United States,2,No,
COMCAST,FALSE,COMCAST,,,Bill-To,COMCAST,,POB 60533,,CITY OF INDUSTRY,CA,91716-0533,United States,20,No,
COMPADRES DESIGN INC.,FALSE,COMPADRES DESIGN INC.,,(361) 570-7446,Bill-To,COMPADRES DESIGN INC.,,"4002 N MAIN STREET
STE# 400",,VICTORIA,TX,77901,United States,2,No,
CONTROLSETPOINT CORP,FALSE,CONTROLSETPOINT CORP,,(281) 507-9429,Bill-To,CONTROLSETPOINT CORP,,6725 SOUTH FRY ROAD,,KATY,TX,77494,United States,2,No,
CONVERGE DESIGN,FALSE,CONVERGE DESIGN,,,Bill-To,CONVERGE DESIGN,,"C/O ADVANCE FINANCIAL CORP
POB 1147",,ALPHARETTA,GA,30009-1147,United States,2,No,
CORROSION MATERIALS,FALSE,CORROSION MATERIALS,,,Bill-To,CORROSION MATERIALS,,PO BOX 1640,,ZACHARY,LA,70791,United States,2,No,
CPI,FALSE,CPI,,,Bill-To,CPI,,6421 PERKINS RD,,BATON ROUGE,LA,70808,United States,2,No,
CSC,FALSE,CSC,,,Bill-To,CSC,,POB 7410023,,CHICAGO,IL,60674-5023,United States,2,No,
CUSTOM AEROSOL PRODUCTS,FALSE,CUSTOM AEROSOL PRODUCTS,JDOWNING@CUSTOM-AEROSOL.COM,(972) 382-4321,Bill-To,CUSTOM AEROSOL PRODUCTS,,919 N LOUISIANA DRIVE,,CELINA,TX,75009,United States,2,No,
CUSTOM HOSE AND SUPPLY,FALSE,CUSTOM HOSE AND SUPPLY,,,Bill-To,CUSTOM HOSE AND SUPPLY,,PO BOX 679,,PALENSTINE,TX,75802,United States,2,No,
CVS CONTROLS LTD.,FALSE,CVS CONTROLS LTD.,,,Bill-To,CVS CONTROLS LTD.,,3900-101 STREET,,EDMONTON,ALBERTA,T6E 0A5,CANADA,2,No,
David Marshall,FALSE,David Marshall,dmarshall@sullivanprocess.com,,Bill-To,David Marshall,,423 Wilchester Blvd,,Houston,TX,77079,United States,2,Yes,097-60-9065
DAVID NORCROSS,FALSE,DAVID NORCROSS,Epower4u@comcast.net,(603) 438-1977,Bill-To,DAVID NORCROSS,,2 AUDREY LANE,,NEWTON,NH,03858,United States,4,No,
DC ELITE LLC,FALSE,DC ELITE LLC,,,Bill-To,DC ELITE LLC,,"19830 FM 1093 
Suite 1401",,RICHMOND,TX,77407,United States,4,No,
DEBBIE'S HOT SHOT,FALSE,DEBBIE'S HOT SHOT,,(361) 788-4088,Bill-To,DEBBIE'S HOT SHOT,,POB 1717,,VICTORIA,TX,77902-1717,United States,2,No,
DECA SYSTEMS,FALSE,DECA SYSTEMS,,504-273-2770,Bill-To,DECA SYSTEMS,,11411-B DARRYL DR,,BATON ROUGE,LA,70815,United States,2,No,
Delaware Secretary of State,FALSE,Delaware Secretary of State,,,Bill-To,Delaware Secretary of State,,"DIVISION OF CORPORATIONS
POB 5509",,BINGHAMTON,NY,13902-5509,United States,2,No,
DELL BUSINESS CREDIT,FALSE,DELL BUSINESS CREDIT,,,Bill-To,DELL BUSINESS CREDIT,,"PAYMENT PROCESSING CENTER
POB 5275",,CAROL STREAM,IL,60197-5275,United States,21,No,
DHL EXPRESS,FALSE,DHL EXPRESS,,,Bill-To,DHL EXPRESS,,16592 COLLECTIONS CNTR DR,,CHICAGO,IL,60693,United States,2,No,
DIGIBOX CREATIVE,FALSE,DIGIBOX CREATIVE,duke@digiboxcreative.com,(318) 918-6178,Bill-To,DIGIBOX CREATIVE,,"1200 N HUMBOLDT STREET
#302",,DENVER,CO,80218,United States,2,No,
"DISA GLOBAL SOLUTIONS, INC",FALSE,"DISA GLOBAL SOLUTIONS, INC",,,Bill-To,"DISA GLOBAL SOLUTIONS, INC",,DEPT 3731 POB 123731,,DALLAS,TX,75312-3731,United States,2,No,
DMR MECHANICAL,FALSE,DMR MECHANICAL,,,Bill-To,DMR MECHANICAL,,POB 19507,,SHREVEPORT,LA,71149,United States,4,No,
DOUGLAS MACHINE INC,FALSE,DOUGLAS MACHINE INC,,(318) 425-8376,Bill-To,DOUGLAS MACHINE INC,,1540 GRIMMETT DRIVE,,SHREVEPORT,LA,71107,United States,17,No,
DWYER INSTRUMENTS INC,FALSE,DWYER INSTRUMENTS INC,,(219) 879-8868,Bill-To,DWYER INSTRUMENTS INC,,POB 338,,MICHIGAN CITY,IN,46361,United States,16,No,
DXP ENTERPRISES INC,FALSE,DXP ENTERPRISES INC,,,Bill-To,DXP ENTERPRISES INC,,POB 840511,,DALLAS,TX,75284-0511,United States,2,No,
DYNAMOVA SOLUTION,FALSE,DYNAMOVA SOLUTION,,,Bill-To,DYNAMOVA SOLUTION,,,,,,,INDIA,2,No,
EARLE M JORGENSEN CO,FALSE,EARLE M JORGENSEN CO,,(214) 741-1761,Bill-To,EARLE M JORGENSEN CO,,POB 951607,,DALLAS,TX,75395-1607,United States,2,No,
EDGE COMMUNICATIONS,FALSE,EDGE COMMUNICATIONS,,,Bill-To,EDGE COMMUNICATIONS,,POB 610311,,DALLAS,TX,75261-0311,United States,2,No,
EDGE OFFICE PRODUCTS,FALSE,EDGE OFFICE PRODUCTS,,(800) 657-5220,Bill-To,EDGE OFFICE PRODUCTS,,1909 JUDSON ROAD,,LONGVIEW,TX,75605,United States,2,No,
EHTEREDGE INDUSTRIAL,FALSE,EHTEREDGE INDUSTRIAL,,(318) 688-5351,Bill-To,EHTEREDGE INDUSTRIAL,,POB 19570,,SHREVEPORT,LA,71149,United States,2,No,
ELECTROLESS NICKEL PLATING OF LA,FALSE,ELECTROLESS NICKEL PLATING OF LA,,(985) 345-6352,Bill-To,ELECTROLESS NICKEL PLATING OF LA,,44211 STEIN ROAD,,HAMMOND,LA,70403-2515,United States,2,No,
ELITE CRETE SYSTEMS SETX,FALSE,ELITE CRETE SYSTEMS SETX,,(713) 823-5410,Bill-To,ELITE CRETE SYSTEMS SETX,,18703 W LITTLE YORK RD STE# 304,,KATY,TX,77449,United States,4,No,
ELLIOTT ELECTRIC SUPPLY,FALSE,ELLIOTT ELECTRIC SUPPLY,,,Bill-To,ELLIOTT ELECTRIC SUPPLY,,POB 206524,,DALLAS,TX,75320-6524,United States,2,No,
Engineworxs Sales & Services,FALSE,Engineworxs Sales & Services,,(575) 616-1775,Bill-To,Engineworxs Sales & Services,,225 Lake Arthur Hwy,,Artesia,NM,88210,United States,2,No,
"ENVIRONMENTAL STERI-CLEAN, LLC",FALSE,"ENVIRONMENTAL STERI-CLEAN, LLC",,(318) 301-1035,Bill-To,"ENVIRONMENTAL STERI-CLEAN, LLC",,1180 HWY 80,,HAUGHTON,LA,71037,United States,4,No,
EPCO OF LA,FALSE,EPCO OF LA,,(504) 254-1199,Bill-To,EPCO OF LA,,4330 POCHE COURT WEST,,NEW ORLEANS,LA,70129,United States,2,No,
EPSI,FALSE,EPSI,ar@epsi.com,(262) 835-0782,Bill-To,EPSI,,DEPT CH 18215,,PALATINE,IL,60055-8215,United States,2,No,
EPTEX Coatings,FALSE,EPTEX Coatings,sales@eptexcoatings.com,(915) 313-9333,Bill-To,EPTEX Coatings,,5559 El Paso Dr,,El Paso,TX,79905,United States,2,No,
EQUIPMENT INC,FALSE,EQUIPMENT INC,,(318) 674-8824,Bill-To,EQUIPMENT INC,,POB 1987,,JACKSON,MS,39215,United States,2,No,
ESP,FALSE,ESP,,,Bill-To,ESP,,3295 COBB INTERNATIONAL BLVD,,KENNESAW,GA,30152,United States,2,No,
EULER HERMES,FALSE,EULER HERMES,,,Bill-To,EULER HERMES,,"C/O FINANCE DEPT
800 RED BROOK BLVD",,OWINGS MILL,MD,21117-1008,United States,2,No,
FAIRCHILD INDUSTRIAL PRODUCTS,FALSE,FAIRCHILD INDUSTRIAL PRODUCTS,,,Bill-To,FAIRCHILD INDUSTRIAL PRODUCTS,,POB 6318,,CAROL STREAM,IL,60197-6318,United States,2,No,
FASTENAL COMPANY,FALSE,FASTENAL COMPANY,,(866) 880-3278,Bill-To,FASTENAL COMPANY,,POB 1286,,WINONA,MN,55987-1286,United States,2,No,
FEDEX  FREIGHT,FALSE,FEDEX  FREIGHT,,800-845-4647,Bill-To,FEDEX  FREIGHT,,PO BOX 10306,,PALATINE,IL,60055-0306,United States,2,No,
FEDEX GROUND,FALSE,FEDEX GROUND,,,Bill-To,FEDEX GROUND,,POB 660481,,DALLAS,TX,75266-0481,United States,2,No,
FERGUSON INDUSTRIAL #2735,FALSE,FERGUSON INDUSTRIAL #2735,,(713) 491-5000,Bill-To,FERGUSON INDUSTRIAL #2735,,POB 847411,,DALLAS,TX,75284-7411,United States,21,No,
FIRE MONSTER,FALSE,FIRE MONSTER,,(361) 579-7929,Bill-To,FIRE MONSTER,,POB 339,,GOLIAD,TX,77963,United States,2,No,
FLEXITALLIC,FALSE,FLEXITALLIC,,,Bill-To,FLEXITALLIC,,6915 HWY 225,,DEER PARK,TX,77536,United States,2,No,
FLOW CONTROL EQUIPMENT,FALSE,FLOW CONTROL EQUIPMENT,,,Bill-To,FLOW CONTROL EQUIPMENT,,POB 60939,,LAFAYETTE,LA,70596-0939,United States,2,No,
FLOW LINK SYSTEMS,FALSE,FLOW LINK SYSTEMS,,,Bill-To,FLOW LINK SYSTEMS,,,,,,,INDIA,2,No,
FLOWSERVE CORP,FALSE,FLOWSERVE CORP,,,Bill-To,FLOWSERVE CORP,,POB 98325,,CHICAGO,IL,60693,United States,2,No,
FORD CREDIT.,FALSE,FORD CREDIT.,,,Bill-To,FORD CREDIT.,,PO BOX 650575,,DALLAS,TX,75265-0575,United States,2,No,
"FORUM US, INC",FALSE,"FORUM US, INC",,(620) 437-2440,Bill-To,"FORUM US, INC",,POB 203325,,DALLAS,TX,75320-3325,United States,2,No,
FRIO A.C. & MECHANICAL,FALSE,FRIO A.C. & MECHANICAL,frioac77901@gmail.com,(361) 550-1580,Bill-To,FRIO A.C. & MECHANICAL,,POB 4030,,VICTORIA,TX,77903,United States,1,No,
FUELMAN,FALSE,FUELMAN,,,Bill-To,FUELMAN,,POB 70887,,CHARLOTTE,NC,28272-0887,United States,2,No,
GAS AND SUPPLY OF TEXAS,FALSE,GAS AND SUPPLY OF TEXAS,,,Bill-To,GAS AND SUPPLY OF TEXAS,,125 THRUWAY PARK,,BROUSSARD,LA,70518-3602,United States,2,No,
"GEMTRIM OF HOUMA, LLC",FALSE,"GEMTRIM OF HOUMA, LLC",,,Bill-To,"GEMTRIM OF HOUMA, LLC",,148 EQUITY BLVD,,HOUMA,LA,70360,United States,2,No,
GENE'S MACHINE,FALSE,GENE'S MACHINE,genes@genesmachine.com,(361) 573-7146,Bill-To,GENE'S MACHINE,,3585 NURSERY ROAD,,VICTORIA,TX,77904,United States,2,No,
GERONIMO ALLOYS,FALSE,GERONIMO ALLOYS,,,Bill-To,GERONIMO ALLOYS,,"ATTN: ACCTS REC
285 NAVARRO DRIVE",,SEQUIN,TX,78155,United States,2,No,
GMEC Industries,FALSE,GMEC Industries,,(713) 996-7772,Bill-To,GMEC Industries,,PO Box 421841,,Houston,TX,77242,United States,11,No,
GOODWIN,FALSE,GOODWIN,,,Bill-To,GOODWIN,,2306 N NAVARRO,,VICTORIA,TX,77901,United States,2,No,
GORDON INSTRUMENT LABS,FALSE,GORDON INSTRUMENT LABS,,,Bill-To,GORDON INSTRUMENT LABS,,2017 NE ADAMS STREET,,PEORIA,IL,61603,United States,2,No,
GRAINGER,FALSE,GRAINGER,,,Bill-To,GRAINGER,,"DEPT 822572434
POB 419267",,KANSAS CITY,MO,64141-6267,United States,2,No,
GREAT WESTERN VALVE INC,FALSE,GREAT WESTERN VALVE INC,,,Bill-To,GREAT WESTERN VALVE INC,,"POB 4356
DEPT# 1909",,HOUSTON,TX,77210-4356,United States,2,No,
Guardian,FALSE,Guardian,,(800) 627-4200,Bill-To,Guardian,,PO Box 677458,,Dallas,TX,75267-7458,United States,20,No,
GUJARAT ALLOYS CAST,FALSE,GUJARAT ALLOYS CAST,,,Bill-To,GUJARAT ALLOYS CAST,,"6-ANKUR INDUSTRIAL COMPLEX
SHAPAR",,RAJKOT,,360004,INDIA,2,No,
GULF BOLT AND SUPPLY,FALSE,GULF BOLT AND SUPPLY,,(361) 575-6441,Bill-To,GULF BOLT AND SUPPLY,,POB 2054,,VICTORIA,TX,77902,United States,2,No,
GULF CAPITAL BANK,FALSE,GULF CAPITAL BANK,,(713) 999-8800,Bill-To,GULF CAPITAL BANK,,"1 RIVERWAY
SUITE 150",,HOUSTON,TX,77056,United States,2,No,
GULF COAST TMC.,FALSE,GULF COAST TMC.,bw@gulfcoasttmc.com,(225) 683-6636,Bill-To,GULF COAST TMC.,,POB 8337,,CLINTON,LA,70722,United States,2,No,
GULF-SENSORS,FALSE,GULF-SENSORS,,,Bill-To,GULF-SENSORS,,POB 45543,,BATON ROUGE,LA,70895,United States,2,No,
Gustavo Villafuerte,FALSE,Gustavo Villafuerte,,,Bill-To,Gustavo Villafuerte,,12811 Shannon Hills Dr,,Houston,TX,77099,United States,20,Yes,629-44-9803
H&E EQUIPMENT SERVICES,FALSE,H&E EQUIPMENT SERVICES,,,Bill-To,H&E EQUIPMENT SERVICES,,POB 849850,,DALLAS,TX,75284-9850,United States,2,No,
HANSON SPRING CO,FALSE,HANSON SPRING CO,,(972) 398-9938,Bill-To,HANSON SPRING CO,,1609 PRECISION DRIVE STE# 1000,,PLANO,TX,75074-8642,United States,2,No,
HARTZ PEST CONTROLS,FALSE,HARTZ PEST CONTROLS,,(713) 461-4866,Bill-To,HARTZ PEST CONTROLS,,1814 W SAM HOUSTON PKW N,,HOUSTON,TX,77043,United States,1,No,
HAUGHTON VISION,FALSE,HAUGHTON VISION,,,Bill-To,HAUGHTON VISION,,4010 HWY 80,,HAUGHTON,LA,71037,United States,2,No,
HAWKVALVE,FALSE,HAWKVALVE,,,Bill-To,HAWKVALVE,,"9101 JAMEEL ROAD
STE #110",,HOUSTON,TX,77040,United States,2,No,
"HAYGOR INSTRUMENT & ENG., INC.",FALSE,"HAYGOR INSTRUMENT & ENG., INC.",,713-641-1791,Bill-To,"HAYGOR INSTRUMENT & ENG., INC.",,6322 NUNN ST,,HOUSTON,TX,77087,United States,2,No,
HCTRA-VIOLATIONS,FALSE,HCTRA-VIOLATIONS,,,Bill-To,HCTRA-VIOLATIONS,,"POB 4440
DEPT 8",,HOUSTON,TX,77210-4440,United States,2,No,
HEMISPHERE FREIGHT & BROKERAGE,FALSE,HEMISPHERE FREIGHT & BROKERAGE,,(416) 252-5661,Bill-To,HEMISPHERE FREIGHT & BROKERAGE,,"21 GOODRICH RD
UNIT #3",,ETOBICOKE,ONTARIO,M8Z 6A3,CANADA,2,No,
HERC RENTALS,FALSE,HERC RENTALS,,,Bill-To,HERC RENTALS,,POB 936257,,ATLANTA,GA,31193,United States,2,No,
HILES CONTROL.,FALSE,HILES CONTROL.,hilemail@hilealabama.com,(205) 620-4000,Bill-To,HILES CONTROL.,,311 APPLEGATE PKWY,,PELHAM,AL,35124,United States,2,No,
HMS - HOUSTON MANF SPECIALTY,FALSE,HMS - HOUSTON MANF SPECIALTY,,,Bill-To,HMS - HOUSTON MANF SPECIALTY,,POB 24339,,HOUSTON,TX,77229-4339,United States,2,No,
Hollingsworth & Vose Company.,FALSE,Hollingsworth & Vose Company.,,,Bill-To,Hollingsworth & Vose Company.,,112 Washington Street,,East Walpole,MA,02032,United States,2,No,
HOOPER COMMUNICATIONS,FALSE,HOOPER COMMUNICATIONS,,,Bill-To,HOOPER COMMUNICATIONS,,14811 ST MARYS LN #202,,HOUSTON,TX,77079,United States,2,No,
HOOPERS MACHINE & WELD SERVICE,FALSE,HOOPERS MACHINE & WELD SERVICE,hoopersmachine@yahoo.com,318-382-8464,Bill-To,HOOPERS MACHINE & WELD SERVICE,,9822 HWY 80,,MINDEN,LA,71055,United States,2,No,
HOUMA VALVE SERVICE,FALSE,HOUMA VALVE SERVICE,,,Bill-To,HOUMA VALVE SERVICE,,POB 5041,,HOUMA,LA,70361-5041,United States,2,No,
HOUSTON UNLIMITED INC,FALSE,HOUSTON UNLIMITED INC,,(979) 836-7568,Bill-To,HOUSTON UNLIMITED INC,,"METAL PROCESSING
P.O. BOX 143",,CHAPPELL HILL,TX,7568,United States,2,No,
HUGG & HALL EQUIPMENT CO,FALSE,HUGG & HALL EQUIPMENT CO,,(501) 562-1262,Bill-To,HUGG & HALL EQUIPMENT CO,,POB 194110,,LITTLE ROCK,AR,72219-4110,United States,4,No,
Hydrorex,FALSE,Hydrorex,eli@hydrorex.com,,Bill-To,Hydrorex,,13360 Telge Rd #606,,Cypress,TX,77429,United States,2,No,
IMPRESSIONS ADVERTISING,FALSE,IMPRESSIONS ADVERTISING,,,Bill-To,IMPRESSIONS ADVERTISING,,128 FRONTAGE ROAD,,MINDEN,LA,71055-7705,United States,2,No,
INDUSTRIAL BEARING & SERVICES,FALSE,INDUSTRIAL BEARING & SERVICES,,,Bill-To,INDUSTRIAL BEARING & SERVICES,,PO BOX 41325,,HOUSTON,TX,77241,United States,2,No,
INDUSTRIAL EQUIPMENT CO,FALSE,INDUSTRIAL EQUIPMENT CO,,,Bill-To,INDUSTRIAL EQUIPMENT CO,,POB 14790,,HOUSTON,TX,77221-4790,United States,2,No,
INDUSTRIAL MILL & MAINTENANCE,FALSE,INDUSTRIAL MILL & MAINTENANCE,,(800) 537-1218,Bill-To,INDUSTRIAL MILL & MAINTENANCE,,POB 6188,,TEXARKANA,TX,75505,United States,2,No,
Industrial Valves,FALSE,Industrial Valves,,,Bill-To,Industrial Valves,,"215/216 Vijay Industrial Estate
Chincholi Bunder, Link Road",,"Malad West, Mumbai",Mumbai,400 064,India,2,No,
INTERSTATE INDUSTRIES,FALSE,INTERSTATE INDUSTRIES,,318-425-7771,Bill-To,INTERSTATE INDUSTRIES,,PO BOX 7774,,SHREVEPORT,LA,71137-7774,United States,2,No,
IRISNDT,FALSE,IRISNDT,,(713) 722-7177,Bill-To,IRISNDT,,1115 W 41 STREET,,TULSA,OK,74107,United States,2,No,
ISN SOFTWARE CORP,FALSE,ISN SOFTWARE CORP,,,Bill-To,ISN SOFTWARE CORP,,POB 841808,,DALLAS,TX,75284-1808,United States,3,No,
IVEY'S HAUGHTON,FALSE,IVEY'S HAUGHTON,,,Bill-To,IVEY'S HAUGHTON,,900 POLK STREET,,MANSFIELD,LA,71052,United States,20,No,
J&J EXTERMINATERS,FALSE,J&J EXTERMINATERS,,(318) 219-3500,Bill-To,J&J EXTERMINATERS,,POB 51286,,LAFAYETTE,LA,70505-1286,United States,2,No,
JARECKI VALVES,FALSE,JARECKI VALVES,sales@jareckivalves.com,(814) 474-2666,Bill-To,JARECKI VALVES,,6910 WEST RIDGE ROAD,,FAIRVIEW,PA,16415,United States,2,No,
"JEAN SIMPSON TEMP. EMPLOYMENT, INC.",FALSE,"JEAN SIMPSON TEMP. EMPLOYMENT, INC.",,318-869-3494,Bill-To,"JEAN SIMPSON TEMP. EMPLOYMENT, INC.",,1318 SHREVEPORT BARKSDALE HWY,,SHREVEPORT,LA,71105-2408,United States,2,No,
JOE NETTLES PLUMBING,FALSE,JOE NETTLES PLUMBING,,(713) 463-6080,Bill-To,JOE NETTLES PLUMBING,,"MPL#509
10834 WARWANA ROAD",,HOUSTON,TX,77043,United States,2,No,
JOHN H. CARTER,FALSE,JOHN H. CARTER,,504-887-8550,Bill-To,JOHN H. CARTER,,PO BOX 669220,,DALLAS,TX,75266-9220,United States,2,No,
JORY L. BERNARD,FALSE,JORY L. BERNARD,,,Bill-To,JORY L. BERNARD,,POB 82448,,LAFAYETTE,LA,70598-2448,United States,2,No,
JOSEPH T RYERSON & SON,FALSE,JOSEPH T RYERSON & SON,,,Bill-To,JOSEPH T RYERSON & SON,,POB 731036,,DALLAS,TX,75373,United States,2,No,
JULIAN C WHITTINGTON TAX COLLECTOR,FALSE,JULIAN C WHITTINGTON TAX COLLECTOR,,,Bill-To,JULIAN C WHITTINGTON TAX COLLECTOR,,POB 850,,BENTON,LA,71006-0850,United States,2,No,
"JYD-Bamboo, Ltd",FALSE,"JYD-Bamboo, Ltd",cbiehle@derrickinterests.com,(713) 529-4244,Bill-To,"JYD-Bamboo, Ltd",,"3900 Essex Lane, Suite 340",,Houston,TX,77027,United States,4,Yes,87-3744961
KAISER FRANCIS OIL COMPANY,FALSE,KAISER FRANCIS OIL COMPANY,,,Bill-To,KAISER FRANCIS OIL COMPANY,,PO BOX 21468,,TULSA,OK,74121,United States,2,No,
KALSI ENGINEERING INC.,FALSE,KALSI ENGINEERING INC.,,(281) 240-6500,Bill-To,KALSI ENGINEERING INC.,,745 PARK TWO DRIVE,,SUGARLAND,TX,77478,United States,2,No,
"Kinder Morgan, Inc",FALSE,"Kinder Morgan, Inc",,,Bill-To,"Kinder Morgan, Inc",,"Attn: Sharon Mosby
1001 Louisiana Street, Suite 1000",,Houston,TX,77002,United States,2,No,
"KOESTLER PALLET SALES, INC",FALSE,"KOESTLER PALLET SALES, INC",,,Bill-To,"KOESTLER PALLET SALES, INC",,POB 162,,EDWARDS,MS,39066,United States,2,No,
KPA,FALSE,KPA,,866-356-1735,Bill-To,KPA,,POB 83301,,WOBURN,MA,01813-3301,United States,2,No,
LEAF,FALSE,LEAF,,,Bill-To,LEAF,,POB 5066,,HARTFORD,CT,06115-5066,United States,2,No,
LEGACY HOTSHOT & LOGISTICS,FALSE,LEGACY HOTSHOT & LOGISTICS,legacyhotshot361@gmail.com,(210) 501-2603,Bill-To,LEGACY HOTSHOT & LOGISTICS,,610 MASON CIRCLE,,VICTORIA,TX,77904,United States,4,No,
LFM Investments,FALSE,LFM Investments,franklin.myers@comcast.net,,Bill-To,LFM Investments,,84 SADLEBROOK LANE,,HOUSTON,TX,77024,United States,2,Yes,47-1664485
LINDE GAS & EQUIPMENT,FALSE,LINDE GAS & EQUIPMENT,,(361) 575-6473,Bill-To,LINDE GAS & EQUIPMENT,,"DEPT 0812
POB 120812",,DALLAS,TX,75312-0812,United States,2,No,
LOGIX FIBER NETWORKS,FALSE,LOGIX FIBER NETWORKS,,,Bill-To,LOGIX FIBER NETWORKS,,POB 734120,,DALLAS,TX,75373-4120,United States,2,No,
LOUISIANA DEPARTMENT OF REVENUE,FALSE,LOUISIANA DEPARTMENT OF REVENUE,,,Bill-To,LOUISIANA DEPARTMENT OF REVENUE,,POB 201,,BATON ROUGE,LA,70821-0201,United States,2,No,
Louisiana Secretary of State,FALSE,Louisiana Secretary of State,,(225) 922-2880,Bill-To,Louisiana Secretary of State,,PO Box 94125,,Baton Rouge,LA,70804-9125,United States,2,No,
LST HEAT TREATING,FALSE,LST HEAT TREATING,chinson@lstheattreating.com,(903) 757-2115,Bill-To,LST HEAT TREATING,,POB 2569,,LONGVIEW,TX,75606,United States,2,No,
"M & R MACHINE WORKS, INC",FALSE,"M & R MACHINE WORKS, INC",m.rmachineworks@att.net,(713) 462-0746,Bill-To,"M & R MACHINE WORKS, INC",,P.O. Box 431709,,Houston,TX,77243-1709,United States,2,No,
M&M GUTTERS AND CONSTRUCTION,FALSE,M&M GUTTERS AND CONSTRUCTION,,(832) 274-1315,Bill-To,M&M GUTTERS AND CONSTRUCTION,,1723 PACKER LANE,,STAFFORD,TX,77477,United States,2,No,
M&P FLANGE & PIPE PROTECTION,FALSE,M&P FLANGE & PIPE PROTECTION,shaun@m-p.com,(800) 888-2605,Bill-To,M&P FLANGE & PIPE PROTECTION,,9426 KATY FWY BLDG #11,,HOUSTON,TX,77055,United States,2,No,
M.A. Lindley Interests,FALSE,M.A. Lindley Interests,stevel@jlllc.net,,Bill-To,M.A. Lindley Interests,,3900 Essex Lane #400,,Houston,TX,77027,United States,2,Yes,75-2736273
M/S SHIVAMTECH ENGINEERING DESIGN PVT. LTD.,FALSE,M/S SHIVAMTECH ENGINEERING DESIGN PVT. LTD.,,,Bill-To,M/S SHIVAMTECH ENGINEERING DESIGN PVT. LTD.,,"A-603, TEERTH TECHNOSPACE, BANER",,PUNE,,411045,INDIA,2,No,
MACKEY LAW FIRM PLLC,FALSE,MACKEY LAW FIRM PLLC,cole@mackey.legal,(346) 954-8287,Bill-To,MACKEY LAW FIRM PLLC,,"9525 KATY FREEWAY
STE# 260",,HOUSTON,TX,77024,United States,2,Yes,83-1314263
MAINE INDUSTRIAL,FALSE,MAINE INDUSTRIAL,sales@maineindustrialsupply.com,(207) 451-8886,Bill-To,MAINE INDUSTRIAL,,POB 301,,YORK,ME,03909,United States,2,No,
"MAINLINE MACHINE, INC",FALSE,"MAINLINE MACHINE, INC",,337-837-2014,Bill-To,"MAINLINE MACHINE, INC",,POB 1105,,BROUSSARD,LA,70518,United States,2,No,
MARCO,FALSE,MARCO,,,Bill-To,MARCO,,3425 E LOCUST STREET,,DAVENPORT,IA,52803,United States,2,No,
MARSH MCLENNAN AGENCY,FALSE,MARSH MCLENNAN AGENCY,,,Bill-To,MARSH MCLENNAN AGENCY,,POB 843054,,DALLAS,TX,75284-3054,United States,4,No,
MARSH WORTHAM,FALSE,MARSH WORTHAM,,,Bill-To,MARSH WORTHAM,,POB 301513,,DALLAS,TX,75303-1513,United States,2,No,
MARSHBELLOFRAM,FALSE,MARSHBELLOFRAM,,,Bill-To,MARSHBELLOFRAM,,POB 772254,,DETROIT,MI,48277-2254,United States,2,No,
"MASS FLOW TECHNOLOGY, INC",FALSE,"MASS FLOW TECHNOLOGY, INC",,,Bill-To,"MASS FLOW TECHNOLOGY, INC",,3523 HWY 146,,BAYTOWN,TX,77520,United States,2,No,
MCMASTER-CARR,FALSE,MCMASTER-CARR,,,Bill-To,MCMASTER-CARR,,POB 7690,,CHICAGO,IL,60680-7690,United States,2,No,
MEC-TRIC CONTROL,FALSE,MEC-TRIC CONTROL,susan.neumann@mec-tric.com,(704) 953-2999,Bill-To,MEC-TRIC CONTROL,,PO BOX 221918,,CHARLOTTE,NC,28222,United States,2,No,
"MID SOUTH FIRE SOLUTIONS, LLC",FALSE,"MID SOUTH FIRE SOLUTIONS, LLC",,318-226-9821,Bill-To,"MID SOUTH FIRE SOLUTIONS, LLC",,669 AERO DRIVE,,SHREVEPORT,LA,71107,United States,2,No,
MIDWEST VALVE PARTS SUPPLY,FALSE,MIDWEST VALVE PARTS SUPPLY,Miranda.Temple@iss-na.com,(440) 729-0008,Bill-To,MIDWEST VALVE PARTS SUPPLY,,2601 HAPPY VALLEY ROAD,,GLASGOW,KY,42141,United States,2,No,
Midwestern Equipment LC,FALSE,Midwestern Equipment LC,accounting@midwesternequip.com,(888) 328-0880,Bill-To,Midwestern Equipment LC,,1914 Tostevin Street,,Council Bluffs,IA,51503,United States,2,No,
MIHLFELD & ASSOCIATES,FALSE,MIHLFELD & ASSOCIATES,,,Bill-To,MIHLFELD & ASSOCIATES,,POB 11047,,SPRINGFIELD,MO,65808-1047,United States,4,No,
MILLER VALVE & CONTROLS,FALSE,MILLER VALVE & CONTROLS,,(205) 871-7778,Bill-To,MILLER VALVE & CONTROLS,,POB 531087,,BIRMINGHAM,AL,35253,United States,2,No,
MIMS STEEL COMPANY,FALSE,MIMS STEEL COMPANY,paul@mimssteel.net,(972) 243-1314,Bill-To,MIMS STEEL COMPANY,,POB 59925,,DALLAS,TX,75229,United States,2,No,
MLC CAD SYSTEMS LLC,FALSE,MLC CAD SYSTEMS LLC,,,Bill-To,MLC CAD SYSTEMS LLC,,"4625 W WILLIAM CANNON DRIVE
BLDG #4",,AUSTIN,TX,78749,United States,2,No,
MONARCH STAINLESS LTD,FALSE,MONARCH STAINLESS LTD,,(713) 690-0483,Bill-To,MONARCH STAINLESS LTD,,"4545 PINE TIMBERS 
STE# 300",,HOUSTON,TX,77041-9324,United States,2,No,
"Monroe Iron & Metal Co, Inc",FALSE,"Monroe Iron & Metal Co, Inc",,318-221-8355,Bill-To,"Monroe Iron & Metal Co, Inc",,200 N McNeil St,,Shreveport,LA,71101,United States,2,No,
"MOODY PRICE, L.L.C.",FALSE,"MOODY PRICE, L.L.C.",,504-344-0511,Bill-To,"MOODY PRICE, L.L.C.",,"DEPT 0592
POB 120592",,DALLAS,TX,75312-0592,United States,2,No,
MOORE & MOORE TRANSPORT,FALSE,MOORE & MOORE TRANSPORT,moorealbert@bellsouth.net,,Bill-To,MOORE & MOORE TRANSPORT,,4816 SCOTT DRIVE,,GREENWOOD,LA,71033,United States,2,Yes,26-3380581
MOORE METAL PLATING,FALSE,MOORE METAL PLATING,,,Bill-To,MOORE METAL PLATING,,POB 6045,,BOSSIER CITY,LA,71171,United States,2,No,
MRC GLOBAL,FALSE,MRC GLOBAL,,,Bill-To,MRC GLOBAL,,POB 204392,,DALLAS,TX,75320-4392,United States,2,No,
MSC,FALSE,MSC,,,Bill-To,MSC,,POB 953635,,SAINT LOUIS,MO,63195-3635,United States,2,No,
MSM,FALSE,MSM,,,Bill-To,MSM,,"DEPT 40261
POB 2153",,BIRMINGHAM,AL,35287-9330,United States,2,No,
MUELLER MFG INC,FALSE,MUELLER MFG INC,eric@muellermfg.com,(979) 265-8303,Bill-To,MUELLER MFG INC,,2200 N BRAZOSPORT BLVD,,RICHWOOD,TX,77531,United States,2,No,
MURRAY RESOURCES,FALSE,MURRAY RESOURCES,,(713) 935-0009,Bill-To,MURRAY RESOURCES,,"800 GESSNER ROAD
SUITE # 170",,HOUSTON,TX,77024-4256,United States,1,No,
MUSIC MOUNTAIN,FALSE,MUSIC MOUNTAIN,,318-425-1122,Bill-To,MUSIC MOUNTAIN,,305 STONER AVENUE,,SHREVEPORT,LA,71101,United States,20,No,
MW Energy West Texas.,FALSE,MW Energy West Texas.,,,Bill-To,MW Energy West Texas.,,"1515 Arapahoe Street
Tower 1, ste# 1600",,Denver,CO,80202,United States,2,No,
N & R MACHINE SALES,FALSE,N & R MACHINE SALES,,(936) 825-2600,Bill-To,N & R MACHINE SALES,,9292 INDUSTRIAL DRIVE,,NAVASOTA,TX,77868,United States,4,No,
NAMEPLATES,FALSE,NAMEPLATES,,,Bill-To,NAMEPLATES,,POB 860613,,MINNEAPOLIS,MN,55486-0613,United States,2,No,
NATIONAL SPECIALITY ALLOYS INC,FALSE,NATIONAL SPECIALITY ALLOYS INC,,,Bill-To,NATIONAL SPECIALITY ALLOYS INC,,P.O. BOX 677692,,DALLAS,TX,75267-7692,United States,2,No,
NATIONWIDE TRAILERS,FALSE,NATIONWIDE TRAILERS,,,Bill-To,NATIONWIDE TRAILERS,,8410 N FRWY,,HOUSTON,TX,77037,United States,2,No,
NATTIN SEPTIC SERVICE,FALSE,NATTIN SEPTIC SERVICE,,318-464-6619,Bill-To,NATTIN SEPTIC SERVICE,,1903 MARS DRIVE,,BOSSIER CITY,LA,71112,United States,4,No,
NEC FINANCIAL SERVICES,FALSE,NEC FINANCIAL SERVICES,,,Bill-To,NEC FINANCIAL SERVICES,,POB 100558,,PASADENA,CA,911890558,United States,2,No,
NEIL JOHNSON PHOTOS,FALSE,NEIL JOHNSON PHOTOS,,,Bill-To,NEIL JOHNSON PHOTOS,,1301 LOUISIANA AVENUE,,SHREVEPORT,LA,71101,United States,2,No,
NINGBO WWS INDUSTRIAL,FALSE,NINGBO WWS INDUSTRIAL,,,Bill-To,NINGBO WWS INDUSTRIAL,,12 ZHONG SHAN DONG YILU,,SHANGHAI,CHINA,,CHINA,2,No,
Nouryon Surface Chemistry LLC,FALSE,Nouryon Surface Chemistry LLC,,,Bill-To,Nouryon Surface Chemistry LLC,,PO Box 742582,,Atlanta,GA,30374-2582,United States,2,No,
NSA,FALSE,NSA,,(281) 345-2115,Bill-To,NSA,,POB 677692,,DALLAS,TX,75267-7692,United States,16,No,
"O'NEALGAS, INC",FALSE,"O'NEALGAS, INC",,(800) 259-5051,Bill-To,"O'NEALGAS, INC",,POB 505,,CHOUDRANT,LA,71227,United States,2,No,
"OLD DOMINION FREIGHT LINE, INC.",FALSE,"OLD DOMINION FREIGHT LINE, INC.",,336-802-5166,Bill-To,"OLD DOMINION FREIGHT LINE, INC.",,PO BOX 841324,,DALLAS,TX,75284-1324,United States,2,No,
OLIPHINT ENTERPRISES,FALSE,OLIPHINT ENTERPRISES,,(318) 347-8853,Bill-To,OLIPHINT ENTERPRISES,,3813-2 SHED ROAD,,BOSSIER CITY,LA,71111,United States,20,No,
OLIVER VAN HORN CO LLC,FALSE,OLIVER VAN HORN CO LLC,,,Bill-To,OLIVER VAN HORN CO LLC,,POB 733455,,DALLAS,TX,75373-3455,United States,2,No,
ON THE SPOT SERVICES,FALSE,ON THE SPOT SERVICES,tashamartin@aol.com,318-584-2192,Bill-To,ON THE SPOT SERVICES,,294 LONGHORN DRIVE,,BOSSIER CITY,LA,71112,United States,2,Yes,90-1187817
ONSITE DRUG & ALCOHOL TESTING,FALSE,ONSITE DRUG & ALCOHOL TESTING,,,Bill-To,ONSITE DRUG & ALCOHOL TESTING,,"2438 EAST TEXAS STREET
STE# 1",,BOSSIER CITY,LA,71111,United States,2,No,
OPPORTUNE LLP,FALSE,OPPORTUNE LLP,,,Bill-To,OPPORTUNE LLP,,711 LOUISIANA STE# 3100,,HOUSTON,TX,77002,United States,2,No,
OPTIMUM,FALSE,OPTIMUM,,,Bill-To,OPTIMUM,,PO BOX 70340,,PHILADELPHIA,PA,19176-0340,United States,2,No,
Optum Bank,FALSE,Optum Bank,,,Bill-To,Optum Bank,,POB 84019,,CHICAGO,IL,60689-4019,United States,2,No,
Oracle NetSuite,FALSE,Oracle NetSuite,,(800) 762-5524,Bill-To,Oracle NetSuite,,2300 Oracle Way,,Austin,TX,78741,United States,2,No,
OSCAR'S PEST & TERMITE,FALSE,OSCAR'S PEST & TERMITE,,,Bill-To,OSCAR'S PEST & TERMITE,,POB 4198,,VICTORIA,TX,77903-4198,United States,2,No,
OX BOX,FALSE,OX BOX,,,Bill-To,OX BOX,,POB 5442,,CAROL STREAM,IL,60197-5442,United States,2,No,
Paapri Cloud Technologies,FALSE,Paapri Cloud Technologies,,,Bill-To,Paapri Cloud Technologies,,1007 S Chapin St,,South Bend,IN,46601,United States,2,No,
PARISH OF SABINE SALES AND USE TAX COMMISSION,FALSE,PARISH OF SABINE SALES AND USE TAX COMMISSION,,,Bill-To,PARISH OF SABINE SALES AND USE TAX COMMISSION,,POB 249,,MANY,LA,71449,United States,2,No,
PARKER WHOLESALE,FALSE,PARKER WHOLESALE,,,Bill-To,PARKER WHOLESALE,,POB 751,,BASTROP,LA,71220,United States,2,No,
PAYSAFE,FALSE,PAYSAFE,,,Bill-To,PAYSAFE,,"2600 MICHELSON DRIVE
STE# 1600",,IRVINE,CA,92616,United States,2,No,
PEAK MACHINERY,FALSE,PEAK MACHINERY,lorena@peakmachinery.com,(612) 802-4791,Bill-To,PEAK MACHINERY,,12084 JAMESTOWN ST NE,,BLAINE,MN,55449,United States,2,No,
PERFORMANCE LINE TOOL CENTER,FALSE,PERFORMANCE LINE TOOL CENTER,,,Bill-To,PERFORMANCE LINE TOOL CENTER,,"ACCOUNTING
130 SOUTH TELEGRAPH ROAD",,WATERFORD,MI,48328,United States,2,No,
PETTUS OFFICE PRODUCTS,FALSE,PETTUS OFFICE PRODUCTS,,(800) 530-7445,Bill-To,PETTUS OFFICE PRODUCTS,,2 FREEWAY DRIVE,,LITTLE ROCK,AR,72204,United States,2,No,
"PHASE ENGINEERING, INC",FALSE,"PHASE ENGINEERING, INC",,,Bill-To,"PHASE ENGINEERING, INC",,5524 CORNISH STREET,,HOUSTON,TX,77007,United States,2,No,
Phoenix Manufacturing,FALSE,Phoenix Manufacturing,phoenix_040121@yahoo.com,+91 9148789939,Bill-To,Phoenix Manufacturing,,"#350 6th Main Road, BHCS Layout, Uttarhalli",,Bangalore,,560061,India,2,No,
PIONEER METAL FINISHING LLC,FALSE,PIONEER METAL FINISHING LLC,,,Bill-To,PIONEER METAL FINISHING LLC,,POB 28440,,GREEN BAY,WI,54324-0440,United States,2,No,
PLAN B SERVICES & SOLUTIONS,FALSE,PLAN B SERVICES & SOLUTIONS,accounting@planbtulsa.com,(918) 806-2327,Bill-To,PLAN B SERVICES & SOLUTIONS,,25 N LAWTON AVENUE,,TULSA,OK,74127,United States,2,No,
PLIC - SBD Grand Island,FALSE,PLIC - SBD Grand Island,,,Bill-To,PLIC - SBD Grand Island,,POB 10372,,DES MOINES,IA,50306-0372,United States,2,No,
POWDER MARKET,FALSE,POWDER MARKET,,(888) 358-3444,Bill-To,POWDER MARKET,,852 INTERSTATE DRIVE,,MANCHESTER,TN,37355,United States,2,No,
POWDER-X COATING SYSTEMS,FALSE,POWDER-X COATING SYSTEMS,consumables@powderx.com,,Bill-To,POWDER-X COATING SYSTEMS,,824 INDUSTRIAL DRIVE,,MURFREESBORO,TN,37129,United States,2,No,
POWER-X COATING SYSTEMS,FALSE,POWER-X COATING SYSTEMS,consumables@powderx.com,(888) 326-4840,Bill-To,POWER-X COATING SYSTEMS,,824 INDUSTRIAL DRIVE,,MURFREESBORO,TN,37129,United States,2,No,
POWERUP POWER SYSTEMS,FALSE,POWERUP POWER SYSTEMS,poweruppowersystems@gmail.com,(318) 741-0810,Bill-To,POWERUP POWER SYSTEMS,,3080 KNOLIN DRIVE STE# 5,,BOSSIER CITY,LA,71112,United States,4,No,
PRAXAIR DISTRIBUTION,FALSE,PRAXAIR DISTRIBUTION,,(361) 575-6473,Bill-To,PRAXAIR DISTRIBUTION,,"DEPT 0812
POB 120812",,DALLAS,TX,75312-0812,United States,2,No,
Pressure Geeks,FALSE,Pressure Geeks,,,Bill-To,Pressure Geeks,,1907 Pine River Drive,,Kingwood,TX,77339,United States,2,No,
PROGRESSIVE METAL SERVICE,FALSE,PROGRESSIVE METAL SERVICE,,,Bill-To,PROGRESSIVE METAL SERVICE,,4117 MEADOW LANE,,BOSSIER CITY,LA,71111,United States,2,No,
PROMAR INTERNATIONAL MFG,FALSE,PROMAR INTERNATIONAL MFG,,(713) 272-7191,Bill-To,PROMAR INTERNATIONAL MFG,,POB 1721,,STAFFORD,TX,77497,United States,2,No,
PUFFER-SWEIVEN,FALSE,PUFFER-SWEIVEN,Lana.Schammaa@puffer.com,(281) 240-2000,Bill-To,PUFFER-SWEIVEN,,POB 301124,,DALLAS,TX,75303-1124,United States,2,No,
QTRCO INC,FALSE,QTRCO INC,Accounting@qtrco.com,(281) 516-0277,Bill-To,QTRCO INC,,13120 THEIS LANE,,TOMBALL,TX,77375,United States,2,No,
QUALITY VALVE LLC,FALSE,QUALITY VALVE LLC,,,Bill-To,QUALITY VALVE LLC,,PO BOX 16107,,MOBILE,AL,36616,United States,2,No,
QUEST DIAGNOSTICS,FALSE,QUEST DIAGNOSTICS,,,Bill-To,QUEST DIAGNOSTICS,,POB 740709,,ATLANTA,GA,30374-0709,United States,2,No,
"QUEST VALVE & CONTROLS, LLC",FALSE,"QUEST VALVE & CONTROLS, LLC",,(281) 975-2429,Bill-To,"QUEST VALVE & CONTROLS, LLC",,14623 Rosehill Drive,,HOUSTON,TX,77070,United States,2,No,
R&S SUPPLY,FALSE,R&S SUPPLY,,,Bill-To,R&S SUPPLY,,3556 NEW MONROE ROAD,,BASTROP,LA,71220,United States,2,No,
RADWELL INTERNATIONAL,FALSE,RADWELL INTERNATIONAL,,,Bill-To,RADWELL INTERNATIONAL,,POB 419343,,BOSTON,MA,02241-9343,United States,2,No,
RAMTEC TRAINING SERVICES,FALSE,RAMTEC TRAINING SERVICES,,(281) 597-9637,Bill-To,RAMTEC TRAINING SERVICES,,POB 940637,,HOUSTON,TX,77094-7637,United States,2,No,
Raptor Blasting Systems LLC,FALSE,Raptor Blasting Systems LLC,infor@raptorblaster.com,(916) 409-2458,Bill-To,Raptor Blasting Systems LLC,,5800 88th St,,Sacramento,CA,95828,United States,2,No,
RASAII FLOW LINES PRIVATE LTD,FALSE,RASAII FLOW LINES PRIVATE LTD,ADMIN@RLFVALVES.COM,(950) 018-6786,Bill-To,RASAII FLOW LINES PRIVATE LTD,,"FERNDALE, 1ST, AVENUE, RWD LAYOUT
NEAR GAYATHRI NAGAR",,MEDAVAKKAM,CHENNAI,600100,INDIA,2,No,
RAWSON INC.,FALSE,RAWSON INC.,laura.janak@rawsonlp.com,(713) 684-1400,Bill-To,RAWSON INC.,,POB 732161,,DALLAS,TX,75373-2161,United States,2,No,
RAWSON OR INDUSTRIAL CONTROLS (ICD),FALSE,RAWSON OR INDUSTRIAL CONTROLS (ICD),ar@relevantsolutions.com,,Bill-To,RAWSON OR INDUSTRIAL CONTROLS (ICD),,PO BOX 95605,,GRAPEVINE,TX,76099-9730,United States,2,No,
"REGIONAL STEEL PRODUCTS, INC",FALSE,"REGIONAL STEEL PRODUCTS, INC",,(361) 578-5277,Bill-To,"REGIONAL STEEL PRODUCTS, INC",,POB 3887,,VICTORIA,TX,77903,United States,2,No,
RELIANT,FALSE,RELIANT,,,Bill-To,RELIANT,,POB 650475,,DALLAS,TX,75265-0475,United States,2,No,
Renegade Parts Washers,FALSE,Renegade Parts Washers,dtylka@renegadepartswashers.com,(800) 774-7900,Bill-To,Renegade Parts Washers,,2320 Zinga Dr,,Reedsburg,WI,53959,United States,2,No,
REPUBLIC SERVICES  #975,FALSE,REPUBLIC SERVICES  #975,,,Bill-To,REPUBLIC SERVICES  #975,,POB 9001099,,LOUISVILLE,KY,40290-1099,United States,21,No,
REPUBLIC SERVICES #853,FALSE,REPUBLIC SERVICES #853,,,Bill-To,REPUBLIC SERVICES #853,,PO BOX 78829,,PHOENIX,AZ,85062-8829,United States,2,No,
RGA,FALSE,RGA,,,Bill-To,RGA,,3905 EAST PROGRESS STREET,,NORTH LITTLE ROCK,AR,72114,United States,16,No,
RMA TOLL PROCESSING,FALSE,RMA TOLL PROCESSING,,,Bill-To,RMA TOLL PROCESSING,,POB 734182,,DALLAS,TX,75373-4182,United States,2,No,
RMC SALES INC,FALSE,RMC SALES INC,,,Bill-To,RMC SALES INC,,POB 5956,,SHREVEPORT,LA,71135,United States,2,No,
ROGERS PALLET CO,FALSE,ROGERS PALLET CO,,,Bill-To,ROGERS PALLET CO,,937 HWY 7 NORTH,,CAMDEN,AR,71701,United States,2,No,
RPP LLC,FALSE,RPP LLC,,(952) 828-3700,Bill-To,RPP LLC,,22737 NETWORK PLACE,,CHICAGO,IL,60673-1227,United States,2,No,
RSVP,FALSE,RSVP,,(979) 826-4211,Bill-To,RSVP,,600 HWY290 EAST,,HEMPSTEAD,TX,77445,United States,2,No,
Russell Industries,FALSE,Russell Industries,angela@russellindustries.net,(713) 692-7225,Bill-To,Russell Industries,,6125 Nordling Road,,Houston,TX,77076,United States,2,No,
SAIA MOTOR FREIGHT,FALSE,SAIA MOTOR FREIGHT,,,Bill-To,SAIA MOTOR FREIGHT,,PO BOX 730532,,DALLAS,TX,75373-0532,United States,2,No,
SalesForce.com Inc,FALSE,SalesForce.com Inc,,800-667-6389,Bill-To,SalesForce.com Inc,,POB 203141,,DALLAS,TX,75320-3141,United States,2,No,
"SAMSON CONTROLS, INC",FALSE,"SAMSON CONTROLS, INC",,(281) 383-3677,Bill-To,"SAMSON CONTROLS, INC",,4111 CEDAR BLVD,,BAYTOWN,TX,77523-8588,United States,2,No,
SEALED AIR CORP,FALSE,SEALED AIR CORP,,,Bill-To,SEALED AIR CORP,,26077 NETWORK PLACE,,CHICAGO,IL,60673-1260,United States,2,No,
SECURITY PRO,FALSE,SECURITY PRO,,318-377-6165,Bill-To,SECURITY PRO,,801 BROADWAY STREET,,MINDEN,LA,71055,United States,2,No,
SETPOINT INTEGRATED SOLUTIONS,FALSE,SETPOINT INTEGRATED SOLUTIONS,,(800) 256-7373,Bill-To,SETPOINT INTEGRATED SOLUTIONS,,POB 935076,,ATLANTA,GA,31193-5076,United States,16,No,
SIEMENS INDUSTRY INC,FALSE,SIEMENS INDUSTRY INC,,,Bill-To,SIEMENS INDUSTRY INC,,POB 2715,,CAROL STREAM,IL,60132,United States,2,No,
SIGMA SUPPLY,FALSE,SIGMA SUPPLY,,(800) 264-1661,Bill-To,SIGMA SUPPLY,,POB 20980,,HOT SPRINGS,AR,71903,United States,2,No,
SK-BBT INDUSTRIAL CO,FALSE,SK-BBT INDUSTRIAL CO,,,Bill-To,SK-BBT INDUSTRIAL CO,,"No 4 Building, Jinlong Idustrial Zone, Longjiang Road",,"Xie Keng, Qingxi, Dongguan",Guangdong provice,523652,China,2,No,
SMITH FASTENER,FALSE,SMITH FASTENER,,,Bill-To,SMITH FASTENER,,DEPT 455 POB 4985,,HOUSTON,TX,77210-4985,United States,2,No,
"SMITHCO INDUSTRIES, INC.",FALSE,"SMITHCO INDUSTRIES, INC.",,713-947-8942,Bill-To,"SMITHCO INDUSTRIES, INC.",,8918 WAYFARER LANE,,HOUSTON,TX,77075,United States,2,No,
SOL'S,FALSE,SOL'S,,(318) 387-2242,Bill-To,SOL'S,,POB 2407,,MONROE,LA,71207,United States,2,No,
SOUTH-TECH SUPPLY.,FALSE,SOUTH-TECH SUPPLY.,,(361) 485-9791,Bill-To,SOUTH-TECH SUPPLY.,,POB 3501,,VICTORIA,TX,77903,United States,2,No,
Southcross Energy,FALSE,Southcross Energy,,(214) 979-3700,Bill-To,Southcross Energy,,"Accounts Payable
2103 Citywest Blvd
Suite 900",,Houston,Tx,77042,United States,2,No,
SOUTHEASTERN FREIGHT,FALSE,SOUTHEASTERN FREIGHT,,,Bill-To,SOUTHEASTERN FREIGHT,,POB 100104,,COLUMBIA,SC,29202-3104,United States,2,No,
SPARKMAN INDUSTRIES,FALSE,SPARKMAN INDUSTRIES,,,Bill-To,SPARKMAN INDUSTRIES,,169 AVIATION DRIVE,,VICTORIA,TX,77904,United States,2,No,
SPARKS HOT SHOT SERVICE,FALSE,SPARKS HOT SHOT SERVICE,bamsparks851@aol.com,318-268-6474,Bill-To,SPARKS HOT SHOT SERVICE,,851 YELLOW PINE ROAD,,SIBLEY,LA,71073,United States,2,Yes,20-3605674
SPARKTECH INC,FALSE,SPARKTECH INC,sales@sparktechinc.com,(512) 716-3131,Bill-To,SPARKTECH INC,,"1308 CHISHOLM TRAIL
STE# 105",,ROUND ROCK,TX,78681,United States,2,No,
SPC - Houston,FALSE,SPC - Houston,,,Bill-To,SPC - Houston,,9440 Bamboo Road,,Houston,TX,77041,United States,2,No,
SPC Haughton,FALSE,SPC Haughton,kliles@sullivanprocess.com,,Bill-To,SPC Haughton,,450 Covington Rd.,,Haughton,LA,71037,United States,2,No,
SPECVALVE.,FALSE,SPECVALVE.,spevalve@cgocable.ca,(819) 879-6464,Bill-To,SPECVALVE.,,"RICHARD TREMBLAY
50 RUE DOYON",,ASBESTOS,QC J1T1H7,,CANADA,1,No,
SPIR STAR LTD,FALSE,SPIR STAR LTD,,,Bill-To,SPIR STAR LTD,,PO BOX 973504,,DALLS,TX,75397-3504,United States,2,No,
SPRING BRANCH I.S.D.,FALSE,SPRING BRANCH I.S.D.,,(713) 251-7960,Bill-To,SPRING BRANCH I.S.D.,,"C.A. PORTER CPA
PO BOX 19037",,HOUSTON,TX,77224,United States,2,No,
SPRINGER INDUSTRIAL,FALSE,SPRINGER INDUSTRIAL,,(480) 898-3144,Bill-To,SPRINGER INDUSTRIAL,,3164 NORTH COLORADO STREET,,CHANDLER,AZ,85225,United States,2,No,
STAPLES ADVANTAGE,FALSE,STAPLES ADVANTAGE,,888-753-4103,Bill-To,STAPLES ADVANTAGE,,POB 105638,,ATLANTA,GA,30348-5638,United States,2,No,
STEEL SUPPLY LP,FALSE,STEEL SUPPLY LP,,,Bill-To,STEEL SUPPLY LP,,PO BOX 733705,,DALLAS,TX,75373,United States,2,No,
"STEVEN LEVY ENTERPISES, INC",FALSE,"STEVEN LEVY ENTERPISES, INC",,713-910-4337,Bill-To,"STEVEN LEVY ENTERPISES, INC",,1412 PENNSYLVANIA,,SOUTH HOUSTON,TX,77587,United States,2,No,
STRATEGIC.,FALSE,STRATEGIC.,,,Bill-To,STRATEGIC.,,"3915 W DAVIS STREET
STE# 130",,CONROE,TX,77304,United States,2,No,
SUDDENLINK COMMUNICATIONS,FALSE,SUDDENLINK COMMUNICATIONS,,,Bill-To,SUDDENLINK COMMUNICATIONS,,POB 70340,,PHILADELPHIA,PA,19176-0340,United States,1,No,
Sullivan Properties LLC (Vendor),FALSE,Sullivan Properties LLC (Vendor),jamesasullivan878@gmail.com,,Bill-To,Sullivan Properties LLC (Vendor),,2803 CAMP ZION ROAD,,DOYLINE,LA,71023,United States,2,Yes,72-1493968
SUMMIT PUMP INC,FALSE,SUMMIT PUMP INC,,(920) 869-4800,Bill-To,SUMMIT PUMP INC,,POB 12145,,GREEN BAY,WI,54307,United States,2,No,
SUNBELT SUPPLY CO.,FALSE,SUNBELT SUPPLY CO.,betsy.thaxton@flowworks.com,(770) 241-1418,Bill-To,SUNBELT SUPPLY CO.,,POB 951037,,DALLAS,TX,75395-1037,United States,2,No,
SURFACE PREP,FALSE,SURFACE PREP,,,Bill-To,SURFACE PREP,,"SPT DIVISION
5973 SOUTH LOOP FAST",,HOUSTON,TX,77033,United States,2,No,
SUSSEX TOOL,FALSE,SUSSEX TOOL,,,Bill-To,SUSSEX TOOL,,POB 565,,SUSSEX,WI,53089,United States,2,No,
SWAGELOK LA,FALSE,SWAGELOK LA,,(225) 926-5520,Bill-To,SWAGELOK LA,,9243 INTERLINE AVENUE,,BATON ROUGE,LA,70809,United States,2,No,
SWEPCO,FALSE,SWEPCO,,318-868-1300,Bill-To,SWEPCO,,PO BOX 371496,,PITTSBURGH,PA,15250-7496,United States,21,No,
T2 LAWNCARE,FALSE,T2 LAWNCARE,tsaucier@sullivanprocess.com,,Bill-To,T2 LAWNCARE,,204 HILMAN ROAD,,DOYLINE,LA,71023,United States,2,Yes,84-0930224
Taylor Electric,FALSE,Taylor Electric,scott@taylorelctricservices.com,(281) 859-8173,Bill-To,Taylor Electric,,7618 Granite Ridge Lane,,Houston,TX,77095,United States,2,No,
TDS,FALSE,TDS,,(817) 465-9494,Bill-To,TDS,,"TECHNICAL DIAGNOSTIC SERVICES
15825 TRINITY BLVD",,FORT WORTH,TX,76155,United States,2,No,
TEAM INDUSTRIAL SERVICES,FALSE,TEAM INDUSTRIAL SERVICES,,,Bill-To,TEAM INDUSTRIAL SERVICES,,POB 842233,,DALLAS,TX,75284-2233,United States,2,No,
TECHLINE INTERNATIONAL,FALSE,TECHLINE INTERNATIONAL,,(855) 289-9334,Bill-To,TECHLINE INTERNATIONAL,,30533 SGT E.I. BOOTS THOMAS DRIVE,,SPANISH FORT,AL,36527,United States,2,No,
TEXAS COMPTROLLER OF PUBLIC ACCOUNTS,FALSE,TEXAS COMPTROLLER OF PUBLIC ACCOUNTS,,,Bill-To,TEXAS COMPTROLLER OF PUBLIC ACCOUNTS,,POB 149348,,AUSTIN,TX,78714-9348,United States,2,No,
TEXAS WORKFORCE COMMISSION,FALSE,TEXAS WORKFORCE COMMISSION,,,Bill-To,TEXAS WORKFORCE COMMISSION,,"ATTN: CASHIER
101 E 15TH STREET",,AUSTIN,TX,78778-0091,United States,2,No,
TFORCE FREIGHT,FALSE,TFORCE FREIGHT,,,Bill-To,TFORCE FREIGHT,,POB 650690,,DALLAS,TX,75265-0690,United States,20,No,
TGCI,FALSE,TGCI,,,Bill-To,TGCI,,7575 DILLON STREET,,HOUSTON,TX,77061-2826,United States,2,No,
THE CROSBY CO,FALSE,THE CROSBY CO,,,Bill-To,THE CROSBY CO,,183 PRATT STREET,,BUFFALO,NY,14204,United States,2,No,
THE NUT PLACE,FALSE,THE NUT PLACE,,(713) 462-3147,Bill-To,THE NUT PLACE,,6605 GESSNER ROAD,,HOUSTON,TX,77040-4015,United States,2,No,
THE PURPLE GUYS,FALSE,THE PURPLE GUYS,,,Bill-To,THE PURPLE GUYS,,PO BOX 306471,,NASHVILLE,TN,37230-6471,United States,2,No,
THE TRANSMITTER SHOP,FALSE,THE TRANSMITTER SHOP,,,Bill-To,THE TRANSMITTER SHOP,,2531 PRESTON AVENUE,,PASADENA,TX,77503,United States,2,No,
THIRD COAST TRUCKING,FALSE,THIRD COAST TRUCKING,stuart_thirdcoasttrucking@yahoo.com,(361) 920-1967,Bill-To,THIRD COAST TRUCKING,,307 AUGUS STREET,,VICTORIA,TX,77904,United States,2,No,
THYSSENKRUPP MATERIALS,FALSE,THYSSENKRUPP MATERIALS,,,Bill-To,THYSSENKRUPP MATERIALS,,POB 2625,,CAROL STREAM,IL,60132,United States,2,No,
TOPS Pipeline,FALSE,TOPS Pipeline,ap@alignmidstream.com,,Bill-To,TOPS Pipeline,,2200 Ross Ave Ste 4600E,,Dallas,TX,75201,United States,2,No,
TOYOTA INDUSTRIES COMMERCIAL,FALSE,TOYOTA INDUSTRIES COMMERCIAL,,,Bill-To,TOYOTA INDUSTRIES COMMERCIAL,,POB 660926,,DALLAS,TX,75266-0926,United States,2,No,
TRAVELERS CL REMITTANCE CENTER,FALSE,TRAVELERS CL REMITTANCE CENTER,,,Bill-To,TRAVELERS CL REMITTANCE CENTER,,POB 660317,,DALLAS,TX,75266-0317,United States,2,No,
TRG BOND,FALSE,TRG BOND,,,Bill-To,TRG BOND,,211 E MAIN STREET STE C,,BOZEMAN,MT,59715,United States,2,No,
TRI-STATE INDUSTRIAL,FALSE,TRI-STATE INDUSTRIAL,,(318) 424-4520,Bill-To,TRI-STATE INDUSTRIAL,,POB 7007,,SHREVEPORT,LA,71137,United States,2,No,
Tricor Refining.,FALSE,Tricor Refining.,,,Bill-To,Tricor Refining.,,POB 5877,,Bakersfield,CA,93388-5877,United States,2,No,
TRIDENT SOUTHEAST LLC,FALSE,TRIDENT SOUTHEAST LLC,,,Bill-To,TRIDENT SOUTHEAST LLC,,"HAAS FACTORY OUTLET
POB 851342",,MINNEAPOLIS,MN,55485-1342,United States,2,No,
TRINOVA INC,FALSE,TRINOVA INC,,,Bill-To,TRINOVA INC,,4485 LAUGHLIN DRIVE S,,MOBILE,AL,36693,United States,2,Yes,63-0517031
TVC,FALSE,TVC,,(281) 227-9911,Bill-To,TVC,,15862 DIPLOMATIC PLAZA,,HOUSTON,TX,77032,United States,2,No,
TxTag,FALSE,TxTag,,,Bill-To,TxTag,,PO Box 650749,,Dallas,TX,75465-0749,United States,2,No,
U.S. SURPLUS RECOVERY,FALSE,U.S. SURPLUS RECOVERY,ANDREWSURPLUS@GMAIL.COM,,Bill-To,U.S. SURPLUS RECOVERY,,10306 CLAYBROOK DRIVE,,HOUSTON,TX,77089,United States,2,No,
ULINE,FALSE,ULINE,,800-295-5510,Bill-To,ULINE,,POB 88741,,CHICAGO,IL,60680-1741,United States,2,No,
UNITED PRINTING,FALSE,UNITED PRINTING,,800-590-4343,Bill-To,UNITED PRINTING,,8200-A ARROWRIDGE BLVD,,CHARLOTTE,NC,28273,United States,2,No,
UNITED RENTALS,FALSE,UNITED RENTALS,,(361) 661-3265,Bill-To,UNITED RENTALS,,POB 840514,,DALLAS,TX,75284-0514,United States,2,No,
UNITED VALVE & SURPLUS,FALSE,UNITED VALVE & SURPLUS,,(713) 703-1812,Bill-To,UNITED VALVE & SURPLUS,,3727 DON GIOVANNIE PLACE,,KATY,TX,77493,United States,4,Yes,461-77-9315
UPS,FALSE,UPS,,504-733-7250,Bill-To,UPS,,LOCKBOX 577,,CAROL STREAM,IL,60132-0577,United States,2,No,
UPS (PA),FALSE,UPS (PA),,,Bill-To,UPS (PA),,POB 7247-0244,,PHILADELPHIA,PA,19170-0001,United States,20,No,
UPS SUPPLY CHAIN SOLUTIONS,FALSE,UPS SUPPLY CHAIN SOLUTIONS,,,Bill-To,UPS SUPPLY CHAIN SOLUTIONS,,28013 NETWORK PLACR,,CHICAGO,IL,60673-1280,United States,2,No,
UPS.H,FALSE,UPS.H,,,Bill-To,UPS.H,,POB 650116,,DALLAS,TX,75265-0116,United States,2,No,
UPS.V,FALSE,UPS.V,,,Bill-To,UPS.V,,POB 650116,,DALLAS,TX,75265-0116,United States,2,No,
US POSTAL SERVICE,FALSE,US POSTAL SERVICE,,,Bill-To,US POSTAL SERVICE,,PO BOX FEE PAYMENT,,HAUGHTON,LA,71037,United States,2,No,
VALVE PARTS USA,FALSE,VALVE PARTS USA,,,Bill-To,VALVE PARTS USA,,17490 MERRY OAKS TRL,,CHAGRIN FALLS,OH,44023,United States,2,No,
VAN LONDON CO,FALSE,VAN LONDON CO,AR@vanlondon.com,(800) 522-7920,Bill-To,VAN LONDON CO,,"VATCO
POB 677116",,DALLAS,TX,75267-7116,United States,2,No,
VANAIRE,FALSE,VANAIRE,,(906) 428-4656,Bill-To,VANAIRE,,840 CLARK DRIVE,,GLADSTONE,MI,49837-8966,United States,2,No,
VERIFORCE,FALSE,VERIFORCE,,(844) 768-9041,Bill-To,VERIFORCE,,"300 HOLIDAY SQUARE, STE# 100",,COVINGTON,LA,70433,United States,4,No,
VICTORIA BEARING SUPPLY,FALSE,VICTORIA BEARING SUPPLY,,(361) 575-7478,Bill-To,VICTORIA BEARING SUPPLY,,POB 2112,,VICTORIA,TX,77902,United States,21,No,
VICTORIA BUILDER SUPPLY,FALSE,VICTORIA BUILDER SUPPLY,,,Bill-To,VICTORIA BUILDER SUPPLY,,5301 N JOHN STOCKBAUER,,Victoria,TX,77904,United States,2,No,
VICTORIA COUNTY TAX OFFICE,FALSE,VICTORIA COUNTY TAX OFFICE,,(361) 576-3671,Bill-To,VICTORIA COUNTY TAX OFFICE,,"205 N BRIDGE STREET
STE# 101
POB 2569",,VICTORIA,TX,77902,United States,2,No,
VICTORIA ELECTRIC COOP,FALSE,VICTORIA ELECTRIC COOP,,,Bill-To,VICTORIA ELECTRIC COOP,,POB 2178,,VICTORIA,TX,77902-2178,United States,2,No,
VICTORIA UTILITY BILLING OFFICE,FALSE,VICTORIA UTILITY BILLING OFFICE,,,Bill-To,VICTORIA UTILITY BILLING OFFICE,,POB 1279,,VICTORIA,TX,77902-1279,United States,2,No,
VICTORIA'S PLATINUM PROPERTIES,FALSE,VICTORIA'S PLATINUM PROPERTIES,bferguson@kimberlitehomes.com,,Bill-To,VICTORIA'S PLATINUM PROPERTIES,,3805 E RIO GRANDE,,VICTORIA,TX,77901,United States,2,Yes,27-0595883
VICTORY AIR,FALSE,VICTORY AIR,,(361) 573-0819,Bill-To,VICTORY AIR,,903 PROFIT DRIVE,,VICTORIA,TX,77901,United States,2,No,
"VILLAGE WATER SYSTEMS, INC.",FALSE,"VILLAGE WATER SYSTEMS, INC.",,318-949-0223,Bill-To,"VILLAGE WATER SYSTEMS, INC.",,PO BOX 96,,PRINCETON,LA,71067,United States,2,No,
VINCENT RECYCLING,FALSE,VINCENT RECYCLING,vincent_recycling@yahoo.com,(409) 882-4158,Bill-To,VINCENT RECYCLING,,POB 1710,,ORANGE,TX,77631,United States,4,No,
WASTE MANAGEMENT CORP,FALSE,WASTE MANAGEMENT CORP,,,Bill-To,WASTE MANAGEMENT CORP,,"AS PAYMENT AGENT
POB 660345",,DALLAS,TX,75266-0345,United States,2,No,
WCS QUALITY REGISTRARS,FALSE,WCS QUALITY REGISTRARS,,(281) 589-1468,Bill-To,WCS QUALITY REGISTRARS,,POB 940637,,HOUSTON,TX,77094-7637,United States,2,No,
WEBSTER MACHINE WORKS,FALSE,WEBSTER MACHINE WORKS,,(318) 377-8390,Bill-To,WEBSTER MACHINE WORKS,,POB 267,,MINDEN,LA,71058,United States,2,No,
WENDEL SANDBLASTING,FALSE,WENDEL SANDBLASTING,,,Bill-To,WENDEL SANDBLASTING,,65 KENNE ROAD,,MEYERSVILLE,TX,77974-4116,United States,1,No,
WENDT ELECTRICAL SERVICES,FALSE,WENDT ELECTRICAL SERVICES,,(361) 573-7344,Bill-To,WENDT ELECTRICAL SERVICES,,9685 US HWY 87 N,,VICTORIA,TX,77904,United States,4,No,
"Wenzhou Conch Electric Co, Ltd",FALSE,"Wenzhou Conch Electric Co, Ltd",,+86 577-27812008,Bill-To,"Wenzhou Conch Electric Co, Ltd",,"Houximen Community, Wengyang St",,Yueqing City,Zhejiang Province,325606,China,2,No,
WESTERN STATES AUTOMATION LLC,FALSE,WESTERN STATES AUTOMATION LLC,,(208) 473-2886,Bill-To,WESTERN STATES AUTOMATION LLC,,PO BOX 46033,,BOISE,ID,83711,United States,2,No,
WHEATCO INDUSTRIAL SUPPLY & EQUIPMENT,FALSE,WHEATCO INDUSTRIAL SUPPLY & EQUIPMENT,wheatco@eatel.net,(225) 673-2590,Bill-To,WHEATCO INDUSTRIAL SUPPLY & EQUIPMENT,,POB 483,,PRAIRIEVILLE,LA,70769,United States,2,No,
WILHITE ELECTRIC,FALSE,WILHITE ELECTRIC,,(318) 747-3780,Bill-To,WILHITE ELECTRIC,,4450 VIKING LOOP,,BOSSIER CITY,LA,71111,United States,2,No,
WILLIAMS VALVE CORP,FALSE,WILLIAMS VALVE CORP,,,Bill-To,WILLIAMS VALVE CORP,,"POB 1349
38-52 REVIEW AVENUE",,LONG ISLAND CITY,NY,11101,United States,2,No,
WINSTEAD PC/ATTORNEYS,FALSE,WINSTEAD PC/ATTORNEYS,accountsreceivable@winstead.com,,Bill-To,WINSTEAD PC/ATTORNEYS,,"ATTN: ACCOUNTS PAYABLE
2728 N HARWOOD STREET
STE# 500",,DALLAS,TX,75201-1743,United States,2,Yes,75-2404691
WOLFSON FLOW CONTROLS LTD CO,FALSE,WOLFSON FLOW CONTROLS LTD CO,,,Bill-To,WOLFSON FLOW CONTROLS LTD CO,,12920 WINTER SPRINGS DR.,,PEARLAND,TX,77584-3401,United States,2,No,
WORK KARE OF WK,FALSE,WORK KARE OF WK,,,Bill-To,WORK KARE OF WK,,2724 GREENWOOD ROAD,,SHREVEPORT,LA,71109,United States,2,No,
WSC QUALITY REGISTRARS LLC,FALSE,WSC QUALITY REGISTRARS LLC,,,Bill-To,WSC QUALITY REGISTRARS LLC,,POB 940637,,HOUSTON,TX,77094-7637,United States,2,No,
XEROX FINANCIAL SERVICES,FALSE,XEROX FINANCIAL SERVICES,xfscustomercare@jdrsol.com,(844) 733-9280,Bill-To,XEROX FINANCIAL SERVICES,,POB 202882,,DALLAS,TX,75320-2882,United States,2,No,
XPO LOGISTICS,FALSE,XPO LOGISTICS,Amy.Young@xpo.com,(318) 424-1094,Bill-To,XPO LOGISTICS,,29559 NETWORK PLACE,,CHICAGO,IL,60673-1559,United States,20,No,
YARMOUTH RESEARCH AND TECHNOLOGY,FALSE,YARMOUTH RESEARCH AND TECHNOLOGY,,,Bill-To,YARMOUTH RESEARCH AND TECHNOLOGY,,434 WALNUT HILL RD,,NORTH YARMOUTH,ME,04097,United States,2,No,
YRC FREIGHT,FALSE,YRC FREIGHT,,,Bill-To,YRC FREIGHT,,POB 730375,,DALLAS,TX,75373-0375,United States,1,No,
ZEP SALES & SERVICE,FALSE,ZEP SALES & SERVICE,customer_service@zep.com,(318) 347-0626,Bill-To,ZEP SALES & SERVICE,,POB 841508,,DALLAS,TX,75284-1508,United States,2,No,
