Type,tranid,entity,Vendor Internal Id,reference no,terms,Currency,exchangerate,duedate,postingperiod,trandate,purchaseItemline_itemRef,purchaseItemline_quantity,purchaseItemLine_rate,usertotal,purchaseItemLine_location
Bill,789451,HANSON SPRING CO,1319,789451,2,US Dollar,1,11/17/2022,22-Oct,10/18/2022,Open AP Item,1,872,872,3
Bill,435820-1,INDUSTRIAL EQUIPMENT CO,1338,435820-1,2,US Dollar,1,11/17/2022,22-Oct,10/18/2022,Open AP Item,1,663,663,3
Bill,1485914-01,SMITH FASTENER,1478,1485914-01,2,US Dollar,1,11/18/2022,22-Oct,10/19/2022,Open AP Item,1,623.71,623.71,3
Bill,274855,FAIRCHILD INDUSTRIAL PRODUCTS,1292,274855,2,US Dollar,1,11/20/2022,22-Oct,10/21/2022,Open AP Item,1,3640.8,3640.8,3
Bill,274856,FAIRCHILD INDUSTRIAL PRODUCTS,1292,274856,2,US Dollar,1,11/20/2022,22-Oct,10/21/2022,Open AP Item,1,1021.22,1021.22,3
Bill,2240226,FLOWSERVE CORP,1300,2240226,2,US Dollar,1,11/20/2022,22-Oct,10/21/2022,Open AP Item,1,990,990,4
Bill,504,CLB ELECTRICAL SYSTEMS LLC,1245,504,2,US Dollar,1,11/23/2022,22-Oct,10/24/2022,Open AP Item,1,3000,3000,5
Bill,86947625,MCMASTER-CARR,1383,86947625,2,US Dollar,1,11/23/2022,22-Oct,10/24/2022,Open AP Item,1,135.81,135.81,3
Bill,9489565193,GRAINGER,1311,9489565193,2,US Dollar,1,11/23/2022,22-Oct,10/24/2022,Open AP Item,1,119.04,119.04,3
Bill,155498507,ULINE,1534,155498507,2,US Dollar,1,11/23/2022,22-Oct,10/24/2022,Open AP Item,1,25.98,25.98,5
Bill,274942,FAIRCHILD INDUSTRIAL PRODUCTS,1292,274942,2,US Dollar,1,11/24/2022,22-Oct,10/25/2022,Open AP Item,1,20355.83,20355.83,5
Bill,85467,"BARSTOCK SPECIALTIES, INC",1202,85467,2,US Dollar,1,11/24/2022,22-Oct,10/25/2022,Open AP Item,1,7449.1,7449.1,3
Bill,IN004274735,A.W. CHESTERTON COMPANY,1162,IN004274735,2,US Dollar,1,11/24/2022,22-Oct,10/25/2022,Open AP Item,1,1597.52,1597.52,3
Bill,275061,FAIRCHILD INDUSTRIAL PRODUCTS,1292,275061,2,US Dollar,1,11/24/2022,22-Oct,10/25/2022,Open AP Item,1,830.85,830.85,5
Bill,C37450,CHASE CONTROLS LP,1237,C37450,2,US Dollar,1,11/24/2022,22-Oct,10/25/2022,Open AP Item,1,600,600,5
Bill,155575029,ULINE,1534,155575029,2,US Dollar,1,11/24/2022,22-Oct,10/25/2022,Open AP Item,1,333.55,333.55,3
Bill,87077836,MCMASTER-CARR,1383,87077836,2,US Dollar,1,11/24/2022,22-Oct,10/25/2022,Open AP Item,1,280.82,280.82,5
Bill,901740-1,THE NUT PLACE,1516,901740-1,2,US Dollar,1,11/24/2022,22-Oct,10/25/2022,Open AP Item,1,46,46,5
Bill,4135527862,CINTAS CORP,1240,4135527862,20,US Dollar,1,11/5/2022,22-Oct,10/26/2022,Open AP Item,1,158.93,158.93,3
Bill,5651768,"MOODY PRICE, L.L.C.",1395,5651768,2,US Dollar,1,11/25/2022,22-Oct,10/26/2022,Open AP Item,1,627,627,3
Bill,764147,M&P FLANGE & PIPE PROTECTION,1372,764147,2,US Dollar,1,11/25/2022,22-Oct,10/26/2022,Open AP Item,1,471.5,471.5,5
Bill,237174,HOUMA VALVE SERVICE,1332,237174,2,US Dollar,1,11/25/2022,22-Oct,10/26/2022,Open AP Item,1,422.2,422.2,3
Bill,764146,M&P FLANGE & PIPE PROTECTION,1372,764146,2,US Dollar,1,11/25/2022,22-Oct,10/26/2022,Open AP Item,1,367.5,367.5,5
Bill,87141186,MCMASTER-CARR,1383,87141186,2,US Dollar,1,11/25/2022,22-Oct,10/26/2022,Open AP Item,1,274.8,274.8,3
Bill,50690836,MSC,1399,50690836,2,US Dollar,1,11/25/2022,22-Oct,10/26/2022,Open AP Item,1,160.78,160.78,3
Bill,IV00535736,NAMEPLATES,1406,IV00535736,2,US Dollar,1,11/26/2022,22-Oct,10/27/2022,Open AP Item,1,1361.25,1361.25,3
Bill,87230444,MCMASTER-CARR,1383,87230444,2,US Dollar,1,11/26/2022,22-Oct,10/27/2022,Open AP Item,1,550.72,550.72,3
Bill,50805346,MSC,1399,50805346,2,US Dollar,1,11/26/2022,22-Oct,10/27/2022,Open AP Item,1,45.02,45.02,3
Bill,87226407,MCMASTER-CARR,1383,87226407,2,US Dollar,1,11/26/2022,22-Oct,10/27/2022,Open AP Item,1,30.72,30.72,3
Bill,7601797951-0-1,STAPLES ADVANTAGE,1494,7601797951-0-1,2,US Dollar,1,12/20/2022,22-Oct,10/27/2022,Open AP Item,1,107.05,107.05,3
Bill,2365530,SPRING BRANCH I.S.D.,1492,2365530,2,US Dollar,1,1/31/2023,22-Oct,10/27/2022,Open AP Item,1,369.33,369.33,5
Bill,2120977,SETPOINT INTEGRATED SOLUTIONS,1474,2120977,2,US Dollar,1,11/27/2022,22-Oct,10/28/2022,Open AP Item,1,618.96,618.96,4
Bill,7367303960-0-1,STAPLES ADVANTAGE,1494,7367303960-0-1,2,US Dollar,1,12/20/2022,22-Oct,10/28/2022,Open AP Item,1,22.26,22.26,3
Bill,437904-1,INDUSTRIAL EQUIPMENT CO,1338,437904-1,2,US Dollar,1,10/31/2022,22-Oct,10/31/2022,Open AP Item,1,489.84,489.84,3
Bill,396752,CVS CONTROLS LTD.,1262,396752,2,US Dollar,1,11/30/2022,22-Oct,10/31/2022,Open AP Item,1,7929,7929,3
Bill,BW226089-02,GULF COAST TMC.,1316,BW226089-02,2,US Dollar,1,11/30/2022,22-Oct,10/31/2022,Open AP Item,1,5410,5410,3
Bill,TXVIC176452,FASTENAL COMPANY,1293,TXVIC176452,2,US Dollar,1,11/30/2022,22-Oct,10/31/2022,Open AP Item,1,1709.29,1709.29,4
Bill,82651,"HAYGOR INSTRUMENT & ENG., INC.",1323,82651,2,US Dollar,1,11/30/2022,22-Oct,10/31/2022,Open AP Item,1,1415,1415,3
Bill,82645,"HAYGOR INSTRUMENT & ENG., INC.",1323,82645,2,US Dollar,1,11/30/2022,22-Oct,10/31/2022,Open AP Item,1,1340,1340,3
Bill,82638,"HAYGOR INSTRUMENT & ENG., INC.",1323,82638,2,US Dollar,1,11/30/2022,22-Oct,10/31/2022,Open AP Item,1,1260,1260,3
Bill,2242860,FLOWSERVE CORP,1300,2242860,2,US Dollar,1,11/30/2022,22-Oct,10/31/2022,Open AP Item,1,790,790,4
Bill,3192458,RAWSON OR INDUSTRIAL CONTROLS (ICD),1457,3192458,2,US Dollar,1,11/30/2022,22-Oct,10/31/2022,Open AP Item,1,690.16,690.16,5
Bill,82661,"HAYGOR INSTRUMENT & ENG., INC.",1323,82661,2,US Dollar,1,11/30/2022,22-Oct,10/31/2022,Open AP Item,1,475,475,3
Bill,52384426,MSC,1399,52384426,2,US Dollar,1,11/30/2022,22-Oct,10/31/2022,Open AP Item,1,436.67,436.67,5
Bill,IV00535877,NAMEPLATES,1406,IV00535877,2,US Dollar,1,11/30/2022,22-Oct,10/31/2022,Open AP Item,1,372.5,372.5,5
Bill,37326378,GAS AND SUPPLY OF TEXAS,1305,37326378,2,US Dollar,1,11/30/2022,22-Oct,10/31/2022,Open AP Item,1,365.84,365.84,3
Bill,4146335,PUFFER-SWEIVEN,1446,4146335,2,US Dollar,1,11/30/2022,22-Oct,10/31/2022,Open AP Item,1,133.75,133.75,4
Bill,396753,CVS CONTROLS LTD.,1262,396753,2,US Dollar,1,11/30/2022,22-Oct,10/31/2022,Open AP Item,1,89.7,89.7,3
Bill,30816,ELECTROLESS NICKEL PLATING OF LA,1281,30816,2,US Dollar,1,11/30/2022,22-Oct,10/31/2022,Open AP Item,1,45,45,3
Bill,9201241351,QUEST DIAGNOSTICS,1449,9201241351,2,US Dollar,1,11/30/2022,22-Oct,10/31/2022,Open AP Item,1,39.5,39.5,6
Bill,P326003,VICTORIA COUNTY TAX OFFICE,1548,P326003,2,US Dollar,1,1/31/2023,22-Oct,10/31/2022,Open AP Item,1,10558.78,10558.78,4
Bill,105857,MIDWEST VALVE PARTS SUPPLY,1387,105857,2,US Dollar,1,11/8/2022,22-Nov,11/1/2022,Open AP Item,1,2300,2300,3
Bill,0105845-IN,MIDWEST VALVE PARTS SUPPLY,1387,0105845-IN,2,US Dollar,1,11/8/2022,22-Nov,11/1/2022,Open AP Item,1,65.6,65.6,3
Bill,0106072-IN,MIDWEST VALVE PARTS SUPPLY,1387,0106072-IN,2,US Dollar,1,11/14/2022,22-Nov,11/1/2022,Open AP Item,1,439,439,3
Bill,146891,DMR MECHANICAL,1272,146891,4,US Dollar,1,11/30/2022,22-Nov,11/1/2022,Open AP Item,1,2056.19,2056.19,4
Bill,TXVIC176504,FASTENAL COMPANY,1293,TXVIC176504,2,US Dollar,1,11/30/2022,22-Nov,11/1/2022,Open AP Item,1,498.03,498.03,4
Bill,11440,MACKEY LAW FIRM PLLC,1375,11440,2,US Dollar,1,12/1/2022,22-Nov,11/1/2022,Open AP Item,1,9168.3,9168.3,6
Bill,2199192,STEEL SUPPLY LP,1495,2199192,2,US Dollar,1,12/1/2022,22-Nov,11/1/2022,Open AP Item,1,5593.62,5593.62,5
Bill,550949056,SEALED AIR CORP,1472,550949056,2,US Dollar,1,12/1/2022,22-Nov,11/1/2022,Open AP Item,1,3909.71,3909.71,3
Bill,4145413,PUFFER-SWEIVEN,1446,4145413,2,US Dollar,1,12/1/2022,22-Nov,11/1/2022,Open AP Item,1,863.1,863.1,3
Bill,54517,"MAINLINE MACHINE, INC",1377,54517,2,US Dollar,1,12/1/2022,22-Nov,11/1/2022,Open AP Item,1,750,750,3
Bill,18208,"M & R MACHINE WORKS, INC",1370,18208,2,US Dollar,1,12/1/2022,22-Nov,11/1/2022,Open AP Item,1,750,750,5
Bill,34719,GENE'S MACHINE,1307,34719,2,US Dollar,1,12/1/2022,22-Nov,11/1/2022,Open AP Item,1,715,715,4
Bill,IV00535959,NAMEPLATES,1406,IV00535959,2,US Dollar,1,12/1/2022,22-Nov,11/1/2022,Open AP Item,1,337.7,337.7,5
Bill,52384416,MSC,1399,52384416,2,US Dollar,1,12/1/2022,22-Nov,11/1/2022,Open AP Item,1,252.22,252.22,5
Bill,2121327,SETPOINT INTEGRATED SOLUTIONS,1474,2121327,16,US Dollar,1,12/11/2022,22-Nov,11/1/2022,Open AP Item,1,488.96,488.96,4
Bill,7367540810-0-1,STAPLES ADVANTAGE,1494,7367540810-0-1,2,US Dollar,1,12/20/2022,22-Nov,11/1/2022,Open AP Item,1,13.95,13.95,5
Bill,MD-1165,DIGIBOX CREATIVE,1270,MD-1165,2,US Dollar,1,11/7/2022,22-Nov,11/2/2022,Open AP Item,1,2000,2000,3
Bill,4136220242,CINTAS CORP,1240,4136220242,20,US Dollar,1,11/12/2022,22-Nov,11/2/2022,Open AP Item,1,54.89,54.89,3
Bill,3340646,JOSEPH T RYERSON & SON,1353,3340646,2,US Dollar,1,12/2/2022,22-Nov,11/2/2022,Open AP Item,1,2987.5,2987.5,3
Bill,4146729,PUFFER-SWEIVEN,1446,4146729,2,US Dollar,1,12/2/2022,22-Nov,11/2/2022,Open AP Item,1,414.09,414.09,4
Bill,PSI337162,JOHN H. CARTER,1351,PSI337162,2,US Dollar,1,12/2/2022,22-Nov,11/2/2022,Open AP Item,1,289.08,289.08,3
Bill,0106183-IN,MIDWEST VALVE PARTS SUPPLY,1387,0106183-IN,2,US Dollar,1,12/2/2022,22-Nov,11/2/2022,Open AP Item,1,138,138,3
Bill,PSI337161,JOHN H. CARTER,1351,PSI337161,2,US Dollar,1,12/2/2022,22-Nov,11/2/2022,Open AP Item,1,118.81,118.81,3
Bill,510607,EPSI,1287,510607,2,US Dollar,1,12/2/2022,22-Nov,11/2/2022,Open AP Item,1,66.95,66.95,3
Bill,5156919,J&J EXTERMINATERS,1344,5156919,4,US Dollar,1,11/3/2022,22-Nov,11/3/2022,Open AP Item,1,93,93,3
Bill,397004,CVS CONTROLS LTD.,1262,397004,2,US Dollar,1,12/3/2022,22-Nov,11/3/2022,Open AP Item,1,1589.9,1589.9,3
Bill,0106195-IN,MIDWEST VALVE PARTS SUPPLY,1387,0106195-IN,2,US Dollar,1,12/3/2022,22-Nov,11/3/2022,Open AP Item,1,1477.6,1477.6,5
Bill,397005,CVS CONTROLS LTD.,1262,397005,2,US Dollar,1,12/3/2022,22-Nov,11/3/2022,Open AP Item,1,1421.6,1421.6,3
Bill,sinv220085466,ALLREDI,1176,sinv220085466,2,US Dollar,1,12/3/2022,22-Nov,11/3/2022,Open AP Item,1,1273,1273,3
Bill,791237,HANSON SPRING CO,1319,791237,2,US Dollar,1,12/3/2022,22-Nov,11/3/2022,Open AP Item,1,1192,1192,3
Bill,397006,CVS CONTROLS LTD.,1262,397006,2,US Dollar,1,12/3/2022,22-Nov,11/3/2022,Open AP Item,1,1172.2,1172.2,3
Bill,87609736,MCMASTER-CARR,1383,87609736,2,US Dollar,1,12/3/2022,22-Nov,11/3/2022,Open AP Item,1,843.92,843.92,5
Bill,53999676,MSC,1399,53999676,2,US Dollar,1,12/3/2022,22-Nov,11/3/2022,Open AP Item,1,417.11,417.11,5
Bill,87612263,MCMASTER-CARR,1383,87612263,2,US Dollar,1,12/3/2022,22-Nov,11/3/2022,Open AP Item,1,12.5,12.5,3
Bill,20879,JARECKI VALVES,1347,20879,2,US Dollar,1,12/4/2022,22-Nov,11/4/2022,Open AP Item,1,16495.6,16495.6,3
Bill,IV00536148,NAMEPLATES,1406,IV00536148,2,US Dollar,1,12/4/2022,22-Nov,11/4/2022,Open AP Item,1,1140,1140,5
Bill,59906,R&S SUPPLY,1451,59906,2,US Dollar,1,12/4/2022,22-Nov,11/4/2022,Open AP Item,1,1096,1096,3
Bill,629928,"CC GASKET & FASTENER, INC",1232,629928,2,US Dollar,1,12/4/2022,22-Nov,11/4/2022,Open AP Item,1,525.75,525.75,4
Bill,PSI337513,JOHN H. CARTER,1351,PSI337513,2,US Dollar,1,12/4/2022,22-Nov,11/4/2022,Open AP Item,1,289.08,289.08,3
Bill,0106203-IN,MIDWEST VALVE PARTS SUPPLY,1387,0106203-IN,2,US Dollar,1,12/4/2022,22-Nov,11/4/2022,Open AP Item,1,130.4,130.4,3
Bill,49829,MIMS STEEL COMPANY,1391,49829,2,US Dollar,1,12/4/2022,22-Nov,11/4/2022,Open AP Item,1,107.46,107.46,3
Bill,2-2365530,ANN HARRIS BENNETT,1181,2-2365530,2,US Dollar,1,1/31/2023,22-Nov,11/4/2022,Open AP Item,1,467.88,467.88,5
Bill,397105,CVS CONTROLS LTD.,1262,397105,2,US Dollar,1,12/7/2022,22-Nov,11/7/2022,Open AP Item,1,1945.2,1945.2,3
Bill,28610,MONARCH STAINLESS LTD,1393,28610,2,US Dollar,1,12/7/2022,22-Nov,11/7/2022,Open AP Item,1,895,895,3
Bill,55172596,MSC,1399,55172596,2,US Dollar,1,12/7/2022,22-Nov,11/7/2022,Open AP Item,1,134.16,134.16,3
Bill,PSI337763,JOHN H. CARTER,1351,PSI337763,2,US Dollar,1,12/7/2022,22-Nov,11/7/2022,Open AP Item,1,118.81,118.81,3
Bill,87779989,MCMASTER-CARR,1383,87779989,2,US Dollar,1,12/7/2022,22-Nov,11/7/2022,Open AP Item,1,115.25,115.25,3
Bill,S2956254.001,BPS SUPPLY GROUP.,1217,S2956254.001,2,US Dollar,1,12/8/2022,22-Nov,11/8/2022,Open AP Item,1,7407,7407,3
Bill,4147653,PUFFER-SWEIVEN,1446,4147653,2,US Dollar,1,12/8/2022,22-Nov,11/8/2022,Open AP Item,1,5309.85,5309.85,5
Bill,81730,FLOW CONTROL EQUIPMENT,1298,81730,2,US Dollar,1,12/8/2022,22-Nov,11/8/2022,Open AP Item,1,4200,4200,3
Bill,28672,MONARCH STAINLESS LTD,1393,28672,2,US Dollar,1,12/8/2022,22-Nov,11/8/2022,Open AP Item,1,1695,1695,5
Bill,3291903,SIGMA SUPPLY,1476,3291903,2,US Dollar,1,12/8/2022,22-Nov,11/8/2022,Open AP Item,1,1067,1067,3
Bill,511002,EPSI,1287,511002,2,US Dollar,1,12/8/2022,22-Nov,11/8/2022,Open AP Item,1,481.3,481.3,5
Bill,55172586,MSC,1399,55172586,2,US Dollar,1,12/8/2022,22-Nov,11/8/2022,Open AP Item,1,105.27,105.27,3
Bill,4136905653,CINTAS CORP,1240,4136905653,20,US Dollar,1,11/19/2022,22-Nov,11/9/2022,Open AP Item,1,54.89,54.89,3
Bill,TXKI000005111,DHL EXPRESS,1269,TXKI000005111,2,US Dollar,1,11/24/2022,22-Nov,11/9/2022,Open AP Item,1,2132.15,2132.15,3
Bill,1913052,AIV L.P.,1175,1913052,2,US Dollar,1,12/9/2022,22-Nov,11/9/2022,Open AP Item,1,1764,1764,4
Bill,1913054,AIV L.P.,1175,1913054,2,US Dollar,1,12/9/2022,22-Nov,11/9/2022,Open AP Item,1,1264,1264,4
Bill,IV00536316,NAMEPLATES,1406,IV00536316,2,US Dollar,1,12/9/2022,22-Nov,11/9/2022,Open AP Item,1,1017.7,1017.7,5
Bill,86985,MUELLER MFG INC,1401,86985,2,US Dollar,1,12/9/2022,22-Nov,11/9/2022,Open AP Item,1,1000,1000,4
Bill,0106226-IN,MIDWEST VALVE PARTS SUPPLY,1387,0106226-IN,2,US Dollar,1,12/9/2022,22-Nov,11/9/2022,Open AP Item,1,963.2,963.2,3
Bill,4774,HOOPERS MACHINE & WELD SERVICE,1331,4774,2,US Dollar,1,12/9/2022,22-Nov,11/9/2022,Open AP Item,1,850,850,3
Bill,4775,HOOPERS MACHINE & WELD SERVICE,1331,4775,2,US Dollar,1,12/9/2022,22-Nov,11/9/2022,Open AP Item,1,850,850,3
Bill,156215517,ULINE,1534,156215517,2,US Dollar,1,12/9/2022,22-Nov,11/9/2022,Open AP Item,1,719.97,719.97,5
Bill,S221445-4 A,DECA SYSTEMS,1267,S221445-4 A,2,US Dollar,1,12/9/2022,22-Nov,11/9/2022,Open AP Item,1,616.33,616.33,3
Bill,S-101122,CADDO SIGNS LLC,1225,S-101122,2,US Dollar,1,11/10/2022,22-Nov,11/10/2022,Open AP Item,1,910,910,3
Bill,178316,CLEAN POWER SUPPLY,1246,178316,2,US Dollar,1,11/10/2022,22-Nov,11/10/2022,Open AP Item,1,350,350,3
Bill,1913421,AIV L.P.,1175,1913421,2,US Dollar,1,12/10/2022,22-Nov,11/10/2022,Open AP Item,1,10426,10426,4
Bill,87012,MUELLER MFG INC,1401,87012,2,US Dollar,1,12/10/2022,22-Nov,11/10/2022,Open AP Item,1,3300,3300,3
Bill,18214,"M & R MACHINE WORKS, INC",1370,18214,2,US Dollar,1,12/10/2022,22-Nov,11/10/2022,Open AP Item,1,980,980,5
Bill,PSI338464,JOHN H. CARTER,1351,PSI338464,2,US Dollar,1,12/10/2022,22-Nov,11/10/2022,Open AP Item,1,881.81,881.81,3
Bill,C37581,CHASE CONTROLS LP,1237,C37581,2,US Dollar,1,12/10/2022,22-Nov,11/10/2022,Open AP Item,1,839,839,5
Bill,0106238-IN,MIDWEST VALVE PARTS SUPPLY,1387,0106238-IN,2,US Dollar,1,12/10/2022,22-Nov,11/10/2022,Open AP Item,1,739.2,739.2,3
Bill,87999548,MCMASTER-CARR,1383,87999548,2,US Dollar,1,12/10/2022,22-Nov,11/10/2022,Open AP Item,1,518.5,518.5,3
Bill,0106237-IN,MIDWEST VALVE PARTS SUPPLY,1387,0106237-IN,2,US Dollar,1,12/10/2022,22-Nov,11/10/2022,Open AP Item,1,484,484,3
Bill,54538,"MAINLINE MACHINE, INC",1377,54538,2,US Dollar,1,12/10/2022,22-Nov,11/10/2022,Open AP Item,1,426,426,3
Bill,PSI338465,JOHN H. CARTER,1351,PSI338465,2,US Dollar,1,12/10/2022,22-Nov,11/10/2022,Open AP Item,1,241.98,241.98,3
Bill,56599336,MSC,1399,56599336,2,US Dollar,1,12/10/2022,22-Nov,11/10/2022,Open AP Item,1,195.16,195.16,3
Bill,REFUND TAX,KAISER FRANCIS OIL COMPANY,1356,REFUND TAX,2,US Dollar,1,11/11/2022,22-Nov,11/11/2022,Open AP Item,1,253.6,253.6,3
Bill,28669,MONARCH STAINLESS LTD,1393,28669,2,US Dollar,1,12/11/2022,22-Nov,11/11/2022,Open AP Item,1,6700,6700,3
Bill,244979,QUALITY VALVE LLC,1448,244979,2,US Dollar,1,12/11/2022,22-Nov,11/11/2022,Open AP Item,1,4935,4935,3
Bill,244986,QUALITY VALVE LLC,1448,244986,2,US Dollar,1,12/11/2022,22-Nov,11/11/2022,Open AP Item,1,2459,2459,3
Bill,244982,QUALITY VALVE LLC,1448,244982,2,US Dollar,1,12/11/2022,22-Nov,11/11/2022,Open AP Item,1,1880,1880,3
Bill,37355939,GAS AND SUPPLY OF TEXAS,1305,37355939,2,US Dollar,1,12/11/2022,22-Nov,11/11/2022,Open AP Item,1,218.26,218.26,3
Bill,88045574,MCMASTER-CARR,1383,88045574,2,US Dollar,1,12/11/2022,22-Nov,11/11/2022,Open AP Item,1,138.03,138.03,3
Bill,511328,EPSI,1287,511328,2,US Dollar,1,12/11/2022,22-Nov,11/11/2022,Open AP Item,1,74.64,74.64,3
Bill,7368587319-0-1,STAPLES ADVANTAGE,1494,7368587319-0-1,2,US Dollar,1,12/20/2022,22-Nov,11/12/2022,Open AP Item,1,175.55,175.55,3
Bill,IN004277370,A.W. CHESTERTON COMPANY,1162,IN004277370,2,US Dollar,1,12/14/2022,22-Nov,11/14/2022,Open AP Item,1,2322.6,2322.6,3
Bill,PSI338976,JOHN H. CARTER,1351,PSI338976,2,US Dollar,1,12/14/2022,22-Nov,11/14/2022,Open AP Item,1,1828,1828,3
Bill,IN004277354,A.W. CHESTERTON COMPANY,1162,IN004277354,2,US Dollar,1,12/14/2022,22-Nov,11/14/2022,Open AP Item,1,1393.56,1393.56,3
Bill,7959,"MASS FLOW TECHNOLOGY, INC",1382,7959,2,US Dollar,1,12/14/2022,22-Nov,11/14/2022,Open AP Item,1,350,350,3
Bill,PSI338975,JOHN H. CARTER,1351,PSI338975,2,US Dollar,1,12/14/2022,22-Nov,11/14/2022,Open AP Item,1,292.05,292.05,3
Bill,S221445-4,DECA SYSTEMS,1267,S221445-4,2,US Dollar,1,12/14/2022,22-Nov,11/14/2022,Open AP Item,1,233.71,233.71,3
Bill,511407,EPSI,1287,511407,2,US Dollar,1,12/14/2022,22-Nov,11/14/2022,Open AP Item,1,201.55,201.55,3
Bill,88158553,MCMASTER-CARR,1383,88158553,2,US Dollar,1,12/14/2022,22-Nov,11/14/2022,Open AP Item,1,55.16,55.16,3
Bill,TXVIC176693,FASTENAL COMPANY,1293,TXVIC176693,2,US Dollar,1,12/14/2022,22-Nov,11/14/2022,Open AP Item,1,33.95,33.95,4
Bill,7368722853-0-1,STAPLES ADVANTAGE,1494,7368722853-0-1,2,US Dollar,1,12/20/2022,22-Nov,11/14/2022,Open AP Item,1,46.79,46.79,5
Bill,4137497682,CINTAS CORP,1240,4137497682,20,US Dollar,1,11/25/2022,22-Nov,11/15/2022,Open AP Item,1,200.89,200.89,3
Bill,0106261-IN,MIDWEST VALVE PARTS SUPPLY,1387,0106261-IN,2,US Dollar,1,12/15/2022,22-Nov,11/15/2022,Open AP Item,1,1825.82,1825.82,3
Bill,PSI339224,JOHN H. CARTER,1351,PSI339224,2,US Dollar,1,12/15/2022,22-Nov,11/15/2022,Open AP Item,1,437.5,437.5,3
Bill,INV009772,SUMMIT PUMP INC,1501,INV009772,2,US Dollar,1,12/15/2022,22-Nov,11/15/2022,Open AP Item,1,400,400,3
Bill,0106262-IN,MIDWEST VALVE PARTS SUPPLY,1387,0106262-IN,2,US Dollar,1,12/15/2022,22-Nov,11/15/2022,Open AP Item,1,237.6,237.6,3
Bill,PSI339223,JOHN H. CARTER,1351,PSI339223,2,US Dollar,1,12/15/2022,22-Nov,11/15/2022,Open AP Item,1,116.09,116.09,3
Bill,PSI339222,JOHN H. CARTER,1351,PSI339222,2,US Dollar,1,12/15/2022,22-Nov,11/15/2022,Open AP Item,1,85.02,85.02,3
Bill,450884,THE PURPLE GUYS,1517,450884,1,US Dollar,1,12/15/2022,22-Nov,11/15/2022,Open AP Item,1,82.5,82.5,6
Bill,5133165045,CINTAS CORP (OH),1241,5133165045,2,US Dollar,1,12/15/2022,22-Nov,11/15/2022,Open AP Item,1,55.49,55.49,4
Bill,295234/2,IVEY'S HAUGHTON,1770,295234/2,20,US Dollar,1,11/26/2022,22-Nov,11/16/2022,Open AP Item,1,157.02,157.02,3
Bill,TXKI000005125,DHL EXPRESS,1269,TXKI000005125,2,US Dollar,1,12/1/2022,22-Nov,11/16/2022,Open AP Item,1,7325.56,7325.56,3
Bill,TXKI000005125,DHL EXPRESS,1269,TXKI000005125,2,US Dollar,1,12/1/2022,22-Nov,11/16/2022,Open AP Item,1,4194.16,4194.16,5
Bill,ProcFeeNov,CITY OF HOUSTON WATER,1244,ProcFeeNov,2,US Dollar,1,12/7/2022,22-Nov,11/16/2022,Open AP Item,1,0.5,0.5,5
Bill,PSGS 090/22-23,SYNERGY GLOBAL,1884,PSGS 090/22-23,2,US Dollar,1,12/16/2022,22-Nov,11/16/2022,Open AP Item,1,3867.75,3867.75,3
Bill,245222,QUALITY VALVE LLC,1448,245222,2,US Dollar,1,12/16/2022,22-Nov,11/16/2022,Open AP Item,1,2675,2675,4
Bill,54551,"MAINLINE MACHINE, INC",1377,54551,2,US Dollar,1,12/16/2022,22-Nov,11/16/2022,Open AP Item,1,1250,1250,3
Bill,54552,"MAINLINE MACHINE, INC",1377,54552,2,US Dollar,1,12/16/2022,22-Nov,11/16/2022,Open AP Item,1,1250,1250,3
Bill,1492687,SMITH FASTENER,1478,1492687,2,US Dollar,1,12/16/2022,22-Nov,11/16/2022,Open AP Item,1,760.76,760.76,3
Bill,397621,CVS CONTROLS LTD.,1262,397621,2,US Dollar,1,12/16/2022,22-Nov,11/16/2022,Open AP Item,1,412.65,412.65,3
Bill,397620,CVS CONTROLS LTD.,1262,397620,2,US Dollar,1,12/16/2022,22-Nov,11/16/2022,Open AP Item,1,412.65,412.65,3
Bill,58746686,MSC,1399,58746686,2,US Dollar,1,12/16/2022,22-Nov,11/16/2022,Open AP Item,1,267.43,267.43,3
Bill,GES-153/2022-23,SYNERGY GLOBAL,1884,GES-153/2022-23,2,US Dollar,1,12/16/2022,22-Nov,11/16/2022,Open AP Item,1,253,253,3
Bill,1491367-01,SMITH FASTENER,1478,1491367-01,2,US Dollar,1,12/16/2022,22-Nov,11/16/2022,Open AP Item,1,166.32,166.32,3
Bill,0106267-IN,MIDWEST VALVE PARTS SUPPLY,1387,0106267-IN,2,US Dollar,1,12/16/2022,22-Nov,11/16/2022,Open AP Item,1,105.6,105.6,3
Bill,0106268-IN,MIDWEST VALVE PARTS SUPPLY,1387,0106268-IN,2,US Dollar,1,12/16/2022,22-Nov,11/16/2022,Open AP Item,1,105.6,105.6,3
Bill,D18922862,DHL EXPRESS,1269,D18922862,2,US Dollar,1,11/24/2022,22-Nov,11/17/2022,Open AP Item,1,3480.63,3480.63,3
Bill,D18923649,DHL EXPRESS,1269,D18923649,2,US Dollar,1,11/24/2022,22-Nov,11/17/2022,Open AP Item,1,99.1,99.1,3
Bill,4785,HOOPERS MACHINE & WELD SERVICE,1331,4785,2,US Dollar,1,12/17/2022,22-Nov,11/17/2022,Open AP Item,1,1700,1700,3
Bill,54556,"MAINLINE MACHINE, INC",1377,54556,2,US Dollar,1,12/17/2022,22-Nov,11/17/2022,Open AP Item,1,850,850,3
Bill,59160966,MSC,1399,59160966,2,US Dollar,1,12/17/2022,22-Nov,11/17/2022,Open AP Item,1,591.48,591.48,5
Bill,3302368,SIGMA SUPPLY,1476,3302368,2,US Dollar,1,12/17/2022,22-Nov,11/17/2022,Open AP Item,1,390.23,390.23,3
Bill,11-92946,LST HEAT TREATING,1369,11-92946,2,US Dollar,1,12/17/2022,22-Nov,11/17/2022,Open AP Item,1,242.22,242.22,3
Bill,11-92958,LST HEAT TREATING,1369,11-92958,2,US Dollar,1,12/17/2022,22-Nov,11/17/2022,Open AP Item,1,181.5,181.5,3
Bill,11-92945,LST HEAT TREATING,1369,11-92945,2,US Dollar,1,12/17/2022,22-Nov,11/17/2022,Open AP Item,1,181.5,181.5,3
Bill,TXKID00000153,DHL EXPRESS,1269,TXKID00000153,2,US Dollar,1,12/3/2022,22-Nov,11/18/2022,Open AP Item,1,4397.5,4397.5,3
Bill,550962134,SEALED AIR CORP,1472,550962134,2,US Dollar,1,12/18/2022,22-Nov,11/18/2022,Open AP Item,1,3341.02,3341.02,3
Bill,276838,FAIRCHILD INDUSTRIAL PRODUCTS,1292,276838,2,US Dollar,1,12/18/2022,22-Nov,11/18/2022,Open AP Item,1,1115.2,1115.2,3
Bill,59026696,MSC,1399,59026696,2,US Dollar,1,12/18/2022,22-Nov,11/18/2022,Open AP Item,1,1009.13,1009.13,5
Bill,434208,NATIONAL SPECIALITY ALLOYS INC,1407,434208,2,US Dollar,1,12/18/2022,22-Nov,11/18/2022,Open AP Item,1,520,520,3
Bill,30158,JORY L. BERNARD,1352,30158,2,US Dollar,1,12/18/2022,22-Nov,11/18/2022,Open AP Item,1,520,520,3
Bill,BT229219,GULF COAST TMC.,1316,BT229219,2,US Dollar,1,12/18/2022,22-Nov,11/18/2022,Open AP Item,1,485.25,485.25,3
Bill,88463963,MCMASTER-CARR,1383,88463963,2,US Dollar,1,12/18/2022,22-Nov,11/18/2022,Open AP Item,1,473.37,473.37,5
Bill,88460201,MCMASTER-CARR,1383,88460201,2,US Dollar,1,12/18/2022,22-Nov,11/18/2022,Open AP Item,1,449.25,449.25,3
Bill,0106280-IN,MIDWEST VALVE PARTS SUPPLY,1387,0106280-IN,2,US Dollar,1,12/18/2022,22-Nov,11/18/2022,Open AP Item,1,297.6,297.6,4
Bill,9518921235,GRAINGER,1311,9518921235,2,US Dollar,1,12/18/2022,22-Nov,11/18/2022,Open AP Item,1,186.18,186.18,3
Bill,0106281-IN,MIDWEST VALVE PARTS SUPPLY,1387,0106281-IN,2,US Dollar,1,12/18/2022,22-Nov,11/18/2022,Open AP Item,1,112.8,112.8,5
Bill,59655976,MSC,1399,59655976,2,US Dollar,1,12/18/2022,22-Nov,11/18/2022,Open AP Item,1,57.95,57.95,3
Bill,0106284-IN,MIDWEST VALVE PARTS SUPPLY,1387,0106284-IN,2,US Dollar,1,12/18/2022,22-Nov,11/18/2022,Open AP Item,1,48,48,3
Bill,59153546,MSC,1399,59153546,2,US Dollar,1,12/18/2022,22-Nov,11/18/2022,Open AP Item,1,43.87,43.87,3
Bill,7369053819-0-1,STAPLES ADVANTAGE,1494,7369053819-0-1,2,US Dollar,1,12/20/2022,22-Nov,11/18/2022,Open AP Item,1,96.31,96.31,3
Bill,7602320400-0-1,STAPLES ADVANTAGE,1494,7602320400-0-1,2,US Dollar,1,12/20/2022,22-Nov,11/18/2022,Open AP Item,1,33.14,33.14,3
Bill,0000X40605472,UPS.H,1540,0000X40605472,2,US Dollar,1,11/28/2022,22-Nov,11/19/2022,Open AP Item,1,954.67,954.67,3
Bill,0000X40605472,UPS.V,1541,0000X40605472,2,US Dollar,1,11/28/2022,22-Nov,11/19/2022,Open AP Item,1,10.98,10.98,4
Bill,4138146194,CINTAS CORP,1240,4138146194,20,US Dollar,1,12/1/2022,22-Nov,11/21/2022,Open AP Item,1,158.93,158.93,3
Bill,8777703321958533-11,COMCAST,1765,8777703321958533-11,20,US Dollar,1,12/11/2022,22-Nov,11/21/2022,Open AP Item,1,313.81,313.81,5
Bill,7970,"MASS FLOW TECHNOLOGY, INC",1382,7970,2,US Dollar,1,12/21/2022,22-Nov,11/21/2022,Open AP Item,1,2100,2100,3
Bill,54566,"MAINLINE MACHINE, INC",1377,54566,2,US Dollar,1,12/21/2022,22-Nov,11/21/2022,Open AP Item,1,1825,1825,3
Bill,54565,"MAINLINE MACHINE, INC",1377,54565,2,US Dollar,1,12/21/2022,22-Nov,11/21/2022,Open AP Item,1,1515,1515,3
Bill,60157336,MSC,1399,60157336,2,US Dollar,1,12/21/2022,22-Nov,11/21/2022,Open AP Item,1,608.38,608.38,3
Bill,871901,SOL'S,1480,871901,2,US Dollar,1,12/21/2022,22-Nov,11/21/2022,Open AP Item,1,586.15,586.15,3
Bill,88546686,MCMASTER-CARR,1383,88546686,2,US Dollar,1,12/21/2022,22-Nov,11/21/2022,Open AP Item,1,339.68,339.68,3
Bill,88534694,MCMASTER-CARR,1383,88534694,2,US Dollar,1,12/21/2022,22-Nov,11/21/2022,Open AP Item,1,230.39,230.39,5
Bill,631597,"CC GASKET & FASTENER, INC",1232,631597,2,US Dollar,1,12/21/2022,22-Nov,11/21/2022,Open AP Item,1,128,128,3
Bill,88521985,MCMASTER-CARR,1383,88521985,2,US Dollar,1,12/21/2022,22-Nov,11/21/2022,Open AP Item,1,64.9,64.9,3
Bill,IN3365,EDGE OFFICE PRODUCTS,1279,IN3365,2,US Dollar,1,12/21/2022,22-Nov,11/21/2022,Open AP Item,1,60.7,60.7,4
Bill,IN3365,EDGE OFFICE PRODUCTS,1279,IN3365,2,US Dollar,1,12/21/2022,22-Nov,11/21/2022,Open AP Item,1,58.2,58.2,5
Bill,IN3365,EDGE OFFICE PRODUCTS,1279,IN3365,2,US Dollar,1,12/21/2022,22-Nov,11/21/2022,Open AP Item,1,52,52,3
Bill,D18964668,DHL EXPRESS,1269,D18964668,2,US Dollar,1,11/29/2022,22-Nov,11/22/2022,Open AP Item,1,213.92,213.92,3
Bill,7602381359-0-1,STAPLES ADVANTAGE,1494,7602381359-0-1,2,US Dollar,1,12/20/2022,22-Nov,11/22/2022,Open AP Item,1,69.05,69.05,3
Bill,IN004278489,A.W. CHESTERTON COMPANY,1162,IN004278489,2,US Dollar,1,12/22/2022,22-Nov,11/22/2022,Open AP Item,1,5574.24,5574.24,3
Bill,1494249,SMITH FASTENER,1478,1494249,2,US Dollar,1,12/22/2022,22-Nov,11/22/2022,Open AP Item,1,662.97,662.97,3
Bill,88615344,MCMASTER-CARR,1383,88615344,2,US Dollar,1,12/22/2022,22-Nov,11/22/2022,Open AP Item,1,518.5,518.5,3
Bill,60348946,MSC,1399,60348946,2,US Dollar,1,12/22/2022,22-Nov,11/22/2022,Open AP Item,1,215.32,215.32,3
Bill,PSI340453,JOHN H. CARTER,1351,PSI340453,2,US Dollar,1,12/22/2022,22-Nov,11/22/2022,Open AP Item,1,86.66,86.66,3
Bill,156795968,ULINE,1534,156795968,2,US Dollar,1,12/22/2022,22-Nov,11/22/2022,Open AP Item,1,83.89,83.89,4
Bill,32509935,LINDE GAS & EQUIPMENT,1365,32509935,2,US Dollar,1,12/22/2022,22-Nov,11/22/2022,Open AP Item,1,54.13,54.13,4
Bill,TXVIC176741,FASTENAL COMPANY,1293,TXVIC176741,2,US Dollar,1,12/22/2022,22-Nov,11/22/2022,Open AP Item,1,45.34,45.34,5
Bill,001242-R-0008,DC ELITE LLC,1265,001242-R-0008,4,US Dollar,1,11/23/2022,22-Nov,11/23/2022,Open AP Item,1,44.65,44.65,5
Bill,295556/2,IVEY'S HAUGHTON,1770,295556/2,20,US Dollar,1,12/3/2022,22-Nov,11/23/2022,Open AP Item,1,70.87,70.87,3
Bill,TXKI000005139,DHL EXPRESS,1269,TXKI000005139,2,US Dollar,1,12/8/2022,22-Nov,11/23/2022,Open AP Item,1,1172.94,1172.94,3
Bill,54569,"MAINLINE MACHINE, INC",1377,54569,2,US Dollar,1,12/23/2022,22-Nov,11/23/2022,Open AP Item,1,2054,2054,3
Bill,397992,CVS CONTROLS LTD.,1262,397992,2,US Dollar,1,12/23/2022,22-Nov,11/23/2022,Open AP Item,1,1141.02,1141.02,3
Bill,277263,FAIRCHILD INDUSTRIAL PRODUCTS,1292,277263,2,US Dollar,1,12/23/2022,22-Nov,11/23/2022,Open AP Item,1,1000.1,1000.1,5
Bill,61015686,MSC,1399,61015686,2,US Dollar,1,12/23/2022,22-Nov,11/23/2022,Open AP Item,1,767.17,767.17,3
Bill,60173526,MSC,1399,60173526,2,US Dollar,1,12/23/2022,22-Nov,11/23/2022,Open AP Item,1,763.84,763.84,3
Bill,30203,JORY L. BERNARD,1352,30203,2,US Dollar,1,12/23/2022,22-Nov,11/23/2022,Open AP Item,1,690,690,3
Bill,245662,QUALITY VALVE LLC,1448,245662,2,US Dollar,1,12/23/2022,22-Nov,11/23/2022,Open AP Item,1,482,482,3
Bill,60363986,MSC,1399,60363986,2,US Dollar,1,12/23/2022,22-Nov,11/23/2022,Open AP Item,1,304.53,304.53,3
Bill,40546960,OLIVER VAN HORN CO LLC,1417,40546960,2,US Dollar,1,12/23/2022,22-Nov,11/23/2022,Open AP Item,1,217.44,217.44,3
Bill,75974,VALVE PARTS USA,1543,75974,2,US Dollar,1,12/23/2022,22-Nov,11/23/2022,Open AP Item,1,86.4,86.4,3
Bill,75975,VALVE PARTS USA,1543,75975,2,US Dollar,1,12/23/2022,22-Nov,11/23/2022,Open AP Item,1,86.4,86.4,3
Bill,793286,HANSON SPRING CO,1319,793286,2,US Dollar,1,12/24/2022,22-Nov,11/24/2022,Open AP Item,1,967.75,967.75,3
Bill,295488/2,IVEY'S HAUGHTON,1770,295488/2,20,US Dollar,1,12/8/2022,22-Nov,11/28/2022,Open AP Item,1,230.28,230.28,3
Bill,2467787-11-2022,ADP SCREENING & SELECTION SERVICES,1167,2467787-11-2022,2,US Dollar,1,12/26/2022,22-Nov,11/28/2022,Open AP Item,1,55.04,55.04,6
Bill,54571,"MAINLINE MACHINE, INC",1377,54571,2,US Dollar,1,12/28/2022,22-Nov,11/28/2022,Open AP Item,1,4580,4580,3
Bill,88766505,MCMASTER-CARR,1383,88766505,2,US Dollar,1,12/28/2022,22-Nov,11/28/2022,Open AP Item,1,162.3,162.3,3
Bill,0106312-IN,MIDWEST VALVE PARTS SUPPLY,1387,0106312-IN,2,US Dollar,1,12/28/2022,22-Nov,11/28/2022,Open AP Item,1,93.6,93.6,3
Bill,0106311-IN,MIDWEST VALVE PARTS SUPPLY,1387,0106311-IN,2,US Dollar,1,12/28/2022,22-Nov,11/28/2022,Open AP Item,1,71.2,71.2,3
Bill,9201701032,QUEST DIAGNOSTICS,1449,9201701032,2,US Dollar,1,12/28/2022,22-Nov,11/28/2022,Open AP Item,1,39.5,39.5,3
Bill,D19009116,DHL EXPRESS,1269,D19009116,2,US Dollar,1,12/6/2022,22-Nov,11/29/2022,Open AP Item,1,3412.63,3412.63,5
Bill,TXVIC176697,FASTENAL COMPANY,1293,TXVIC176697,2,US Dollar,1,12/29/2022,22-Nov,11/29/2022,Open AP Item,1,860.4,860.4,4
Bill,3311731,SIGMA SUPPLY,1476,3311731,2,US Dollar,1,12/29/2022,22-Nov,11/29/2022,Open AP Item,1,390.23,390.23,3
Bill,61879536,MSC,1399,61879536,2,US Dollar,1,12/29/2022,22-Nov,11/29/2022,Open AP Item,1,336.52,336.52,3
Bill,156963639,ULINE,1534,156963639,2,US Dollar,1,12/29/2022,22-Nov,11/29/2022,Open AP Item,1,327.73,327.73,3
Bill,905739-1,THE NUT PLACE,1516,905739-1,2,US Dollar,1,12/29/2022,22-Nov,11/29/2022,Open AP Item,1,181.49,181.49,5
Bill,62026806,MSC,1399,62026806,2,US Dollar,1,12/29/2022,22-Nov,11/29/2022,Open AP Item,1,168.55,168.55,3
Bill,TXVIC176686,FASTENAL COMPANY,1293,TXVIC176686,2,US Dollar,1,12/29/2022,22-Nov,11/29/2022,Open AP Item,1,130.38,130.38,4
Bill,9527179817,GRAINGER,1311,9527179817,2,US Dollar,1,12/29/2022,22-Nov,11/29/2022,Open AP Item,1,91.13,91.13,3
Bill,631514,"CC GASKET & FASTENER, INC",1232,631514,2,US Dollar,1,12/29/2022,22-Nov,11/29/2022,Open AP Item,1,64.68,64.68,5
Bill,TXVIC17658,FASTENAL COMPANY,1293,TXVIC17658,2,US Dollar,1,12/29/2022,22-Nov,11/29/2022,Open AP Item,1,35.7,35.7,4
Bill,MD-1167,DIGIBOX CREATIVE,1270,MD-1167,2,US Dollar,1,11/30/2022,22-Nov,11/30/2022,Open AP Item,1,2000,2000,3
Bill,S-51906,CADDO SIGNS LLC,1225,S-51906,2,US Dollar,1,11/30/2022,22-Nov,11/30/2022,Open AP Item,1,289.41,289.41,3
Bill,D19011291,DHL EXPRESS,1269,D19011291,2,US Dollar,1,12/7/2022,22-Nov,11/30/2022,Open AP Item,1,46.66,46.66,5
Bill,4138914061,CINTAS CORP,1240,4138914061,20,US Dollar,1,12/10/2022,22-Nov,11/30/2022,Open AP Item,1,54.89,54.89,3
Bill,34050100-11,MUSIC MOUNTAIN,1771,34050100-11,20,US Dollar,1,12/10/2022,22-Nov,11/30/2022,Open AP Item,1,40.05,40.05,5
Bill,TXKI000005156,DHL EXPRESS,1269,TXKI000005156,2,US Dollar,1,12/15/2022,22-Nov,11/30/2022,Open AP Item,1,1607.31,1607.31,5
Bill,0106329-IN,MIDWEST VALVE PARTS SUPPLY,1387,0106329-IN,2,US Dollar,1,12/30/2022,22-Nov,11/30/2022,Open AP Item,1,2401.8,2401.8,3
Bill,2246990,FLOWSERVE CORP,1300,2246990,2,US Dollar,1,12/30/2022,22-Nov,11/30/2022,Open AP Item,1,1657.02,1657.02,4
Bill,60143,R&S SUPPLY,1451,60143,2,US Dollar,1,12/30/2022,22-Nov,11/30/2022,Open AP Item,1,1198,1198,3
Bill,03-61005-01,ELLIOTT ELECTRIC SUPPLY,1283,03-61005-01,2,US Dollar,1,12/30/2022,22-Nov,11/30/2022,Open AP Item,1,566.08,566.08,3
Bill,37390891,GAS AND SUPPLY OF TEXAS,1305,37390891,2,US Dollar,1,12/30/2022,22-Nov,11/30/2022,Open AP Item,1,365.84,365.84,3
Bill,2246986,FLOWSERVE CORP,1300,2246986,2,US Dollar,1,12/30/2022,22-Nov,11/30/2022,Open AP Item,1,285.84,285.84,4
Bill,03-61005-02,ELLIOTT ELECTRIC SUPPLY,1283,03-61005-02,2,US Dollar,1,12/30/2022,22-Nov,11/30/2022,Open AP Item,1,266.01,266.01,3
Bill,2246987,FLOWSERVE CORP,1300,2246987,2,US Dollar,1,12/30/2022,22-Nov,11/30/2022,Open AP Item,1,249.9,249.9,4
Bill,INV453235,KPA,1360,INV453235,2,US Dollar,1,12/30/2022,22-Nov,11/30/2022,Open AP Item,1,245.26,245.26,3
Bill,2246989,FLOWSERVE CORP,1300,2246989,2,US Dollar,1,12/30/2022,22-Nov,11/30/2022,Open AP Item,1,228.95,228.95,4
Bill,C37748,CHASE CONTROLS LP,1237,C37748,2,US Dollar,1,12/30/2022,22-Nov,11/30/2022,Open AP Item,1,118,118,5
Bill,0106327-IN,MIDWEST VALVE PARTS SUPPLY,1387,0106327-IN,2,US Dollar,1,12/30/2022,22-Nov,11/30/2022,Open AP Item,1,72.24,72.24,3
Bill,800043,SPC - Houston,1488,800043,2,US Dollar,1,12/1/2022,22-Dec,12/1/2022,Open AP Item,1,10229.63,10229.63,3
Bill,149275,DMR MECHANICAL,1272,149275,4,US Dollar,1,12/1/2022,22-Dec,12/1/2022,Open AP Item,1,2822.12,2822.12,3
Bill,PSI336073,JOHN H. CARTER,1351,PSI336073,2,US Dollar,1,12/1/2022,22-Dec,12/1/2022,Open AP Item,1,578.16,578.16,3
Bill,53999666,MSC,1399,53999666,2,US Dollar,1,12/3/2022,22-Dec,12/1/2022,Open AP Item,1,481.6,481.6,5
Bill,IN004276605,A.W. CHESTERTON COMPANY,1162,IN004276605,2,US Dollar,1,12/8/2022,22-Dec,12/1/2022,Open AP Item,1,1962.45,1962.45,3
Bill,IN004276835,A.W. CHESTERTON COMPANY,1162,IN004276835,2,US Dollar,1,12/9/2022,22-Dec,12/1/2022,Open AP Item,1,6509.43,6509.43,3
Bill,IN004276811,A.W. CHESTERTON COMPANY,1162,IN004276811,2,US Dollar,1,12/9/2022,22-Dec,12/1/2022,Open AP Item,1,2423.81,2423.81,5
Bill,IN004276785,A.W. CHESTERTON COMPANY,1162,IN004276785,2,US Dollar,1,12/9/2022,22-Dec,12/1/2022,Open AP Item,1,336.43,336.43,5
Bill,PSI0012359,WILLIAMS VALVE CORP,1564,PSI0012359,2,US Dollar,1,12/9/2022,22-Dec,12/1/2022,Open AP Item,1,250,250,4
Bill,9303916385,JOSEPH T RYERSON & SON,1353,9303916385,2,US Dollar,1,12/11/2022,22-Dec,12/1/2022,Open AP Item,1,1852,1852,3
Bill,295623/2,IVEY'S HAUGHTON,1770,295623/2,20,US Dollar,1,12/11/2022,22-Dec,12/1/2022,Open AP Item,1,18.86,18.86,3
Bill,IN004276816,A.W. CHESTERTON COMPANY,1162,IN004276816,2,US Dollar,1,12/14/2022,22-Dec,12/1/2022,Open AP Item,1,4426.59,4426.59,3
Bill,81800,FLOW CONTROL EQUIPMENT,1298,81800,2,US Dollar,1,12/14/2022,22-Dec,12/1/2022,Open AP Item,1,1685,1685,3
Bill,030-22/23,Phoenix Manufacturing,1434,030-22/23,2,US Dollar,1,12/16/2022,22-Dec,12/1/2022,Open AP Item,1,6102.59,6102.59,5
Bill,131264,"GEMTRIM OF HOUMA, LLC",1306,131264,2,US Dollar,1,12/16/2022,22-Dec,12/1/2022,Open AP Item,1,1134,1134,3
Bill,131262,"GEMTRIM OF HOUMA, LLC",1306,131262,2,US Dollar,1,12/16/2022,22-Dec,12/1/2022,Open AP Item,1,697,697,3
Bill,453029-AGMT,THE PURPLE GUYS,1517,453029-AGMT,1,US Dollar,1,12/16/2022,22-Dec,12/1/2022,Open AP Item,1,441.33,441.33,3
Bill,9132190709,AIRGAS USA,1173,9132190709,2,US Dollar,1,12/17/2022,22-Dec,12/1/2022,Open AP Item,1,395.25,395.25,5
Bill,88470550,MCMASTER-CARR,1383,88470550,2,US Dollar,1,12/18/2022,22-Dec,12/1/2022,Open AP Item,1,90.66,90.66,5
Bill,145096,JULIAN C WHITTINGTON TAX COLLECTOR,1354,145096,2,US Dollar,1,12/20/2022,22-Dec,12/1/2022,Open AP Item,1,26418.4,26418.4,3
Bill,120872,JULIAN C WHITTINGTON TAX COLLECTOR,1354,120872,2,US Dollar,1,12/20/2022,22-Dec,12/1/2022,Open AP Item,1,3775.05,3775.05,3
Bill,170179,JULIAN C WHITTINGTON TAX COLLECTOR,1354,170179,2,US Dollar,1,12/20/2022,22-Dec,12/1/2022,Open AP Item,1,3318.07,3318.07,3
Bill,113332,JULIAN C WHITTINGTON TAX COLLECTOR,1354,113332,2,US Dollar,1,12/20/2022,22-Dec,12/1/2022,Open AP Item,1,2317.91,2317.91,3
Bill,18221,"M & R MACHINE WORKS, INC",1370,18221,2,US Dollar,1,12/21/2022,22-Dec,12/1/2022,Open AP Item,1,735,735,5
Bill,18222,"M & R MACHINE WORKS, INC",1370,18222,2,US Dollar,1,12/21/2022,22-Dec,12/1/2022,Open AP Item,1,125,125,5
Bill,18229,"M & R MACHINE WORKS, INC",1370,18229,2,US Dollar,1,12/23/2022,22-Dec,12/1/2022,Open AP Item,1,1290,1290,3
Bill,9525595204,GRAINGER,1311,9525595204,2,US Dollar,1,12/28/2022,22-Dec,12/1/2022,Open AP Item,1,276.91,276.91,5
Bill,88758726,MCMASTER-CARR,1383,88758726,2,US Dollar,1,12/28/2022,22-Dec,12/1/2022,Open AP Item,1,34.21,34.21,5
Bill,371110,ESP,1290,371110,2,US Dollar,1,12/29/2022,22-Dec,12/1/2022,Open AP Item,1,553.5,553.5,3
Bill,371109,ESP,1290,371109,2,US Dollar,1,12/29/2022,22-Dec,12/1/2022,Open AP Item,1,295.2,295.2,3
Bill,032-22/23,Phoenix Manufacturing,1434,032-22/23,2,US Dollar,1,12/31/2022,22-Dec,12/1/2022,Open AP Item,1,6715,6715,5
Bill,277606,FAIRCHILD INDUSTRIAL PRODUCTS,1292,277606,2,US Dollar,1,12/31/2022,22-Dec,12/1/2022,Open AP Item,1,4569.68,4569.68,3
Bill,277602,FAIRCHILD INDUSTRIAL PRODUCTS,1292,277602,2,US Dollar,1,12/31/2022,22-Dec,12/1/2022,Open AP Item,1,4154.25,4154.25,3
Bill,277603,FAIRCHILD INDUSTRIAL PRODUCTS,1292,277603,2,US Dollar,1,12/31/2022,22-Dec,12/1/2022,Open AP Item,1,4154.25,4154.25,3
Bill,277604,FAIRCHILD INDUSTRIAL PRODUCTS,1292,277604,2,US Dollar,1,12/31/2022,22-Dec,12/1/2022,Open AP Item,1,4154.25,4154.25,3
Bill,277605,FAIRCHILD INDUSTRIAL PRODUCTS,1292,277605,2,US Dollar,1,12/31/2022,22-Dec,12/1/2022,Open AP Item,1,4154.25,4154.25,3
Bill,T008808,TGCI,1514,T008808,2,US Dollar,1,12/31/2022,22-Dec,12/1/2022,Open AP Item,1,1206.54,1206.54,5
Bill,2248298,FLOWSERVE CORP,1300,2248298,2,US Dollar,1,12/31/2022,22-Dec,12/1/2022,Open AP Item,1,1028.5,1028.5,4
Bill,157071006,ULINE,1534,157071006,2,US Dollar,1,12/31/2022,22-Dec,12/1/2022,Open AP Item,1,695.45,695.45,3
Bill,34846846,MSC,1399,34846846,2,US Dollar,1,12/31/2022,22-Dec,12/1/2022,Open AP Item,1,424.84,424.84,5
Bill,5205,CONVERGE DESIGN,1256,5205,2,US Dollar,1,12/31/2022,22-Dec,12/1/2022,Open AP Item,1,356.5,356.5,3
Bill,03-61005-03,ELLIOTT ELECTRIC SUPPLY,1283,03-61005-03,2,US Dollar,1,12/31/2022,22-Dec,12/1/2022,Open AP Item,1,182.37,182.37,3
Bill,0106342-IN,MIDWEST VALVE PARTS SUPPLY,1387,0106342-IN,2,US Dollar,1,12/31/2022,22-Dec,12/1/2022,Open AP Item,1,105.6,105.6,3
Bill,9202530827,CINTAS CORP (OH),1241,9202530827,2,US Dollar,1,12/31/2022,22-Dec,12/1/2022,Open AP Item,1,96.74,96.74,3
Bill,51922486,MSC,1399,51922486,2,US Dollar,1,12/31/2022,22-Dec,12/1/2022,Open AP Item,1,52.89,52.89,5
Bill,PSI341762,JOHN H. CARTER,1351,PSI341762,2,US Dollar,1,12/31/2022,22-Dec,12/1/2022,Open AP Item,1,29.43,29.43,3
Bill,63552226,MSC,1399,63552226,2,US Dollar,1,1/1/2023,22-Dec,12/2/2022,Open AP Item,1,342.78,342.78,3
Bill,89085321,MCMASTER-CARR,1383,89085321,2,US Dollar,1,1/1/2023,22-Dec,12/2/2022,Open AP Item,1,312.52,312.52,3
Bill,89058520,MCMASTER-CARR,1383,89058520,2,US Dollar,1,1/1/2023,22-Dec,12/2/2022,Open AP Item,1,116.54,116.54,5
Bill,2247827,FLOWSERVE CORP,1300,2247827,2,US Dollar,1,1/1/2023,22-Dec,12/2/2022,Open AP Item,1,105.9,105.9,4
Bill,89047849,MCMASTER-CARR,1383,89047849,2,US Dollar,1,1/1/2023,22-Dec,12/2/2022,Open AP Item,1,80.05,80.05,3
Bill,63603856,MSC,1399,63603856,2,US Dollar,1,1/1/2023,22-Dec,12/2/2022,Open AP Item,1,71.83,71.83,3
Bill,89058982,MCMASTER-CARR,1383,89058982,2,US Dollar,1,1/1/2023,22-Dec,12/2/2022,Open AP Item,1,54.45,54.45,5
Bill,89067112,MCMASTER-CARR,1383,89067112,2,US Dollar,1,1/1/2023,22-Dec,12/2/2022,Open AP Item,1,48.44,48.44,5
Bill,89085257,MCMASTER-CARR,1383,89085257,2,US Dollar,1,1/1/2023,22-Dec,12/2/2022,Open AP Item,1,30.26,30.26,3
Bill,IN004279674,A.W. CHESTERTON COMPANY,1162,IN004279674,2,US Dollar,1,1/1/2023,22-Dec,12/2/2022,Open AP Item,1,22.84,22.84,5
Bill,SPE-22-23-1442,FLOW LINK SYSTEMS,1299,SPE-22-23-1442,2,US Dollar,1,1/4/2023,22-Dec,12/5/2022,Open AP Item,1,15408.6,15408.6,3
Bill,7989,"MASS FLOW TECHNOLOGY, INC",1382,7989,2,US Dollar,1,1/4/2023,22-Dec,12/5/2022,Open AP Item,1,350,350,3
Bill,INV0390832,CORROSION MATERIALS,1257,INV0390832,2,US Dollar,1,1/4/2023,22-Dec,12/5/2022,Open AP Item,1,341.93,341.93,3
Bill,63603846,MSC,1399,63603846,2,US Dollar,1,1/4/2023,22-Dec,12/5/2022,Open AP Item,1,341.9,341.9,3
Bill,40552209,OLIVER VAN HORN CO LLC,1417,40552209,2,US Dollar,1,1/4/2023,22-Dec,12/5/2022,Open AP Item,1,218.09,218.09,3
Bill,44195,PROGRESSIVE METAL SERVICE,1444,44195,2,US Dollar,1,1/4/2023,22-Dec,12/5/2022,Open AP Item,1,175,175,3
Bill,157192341,ULINE,1534,157192341,2,US Dollar,1,1/4/2023,22-Dec,12/5/2022,Open AP Item,1,46.2,46.2,3
Bill,89176442,MCMASTER-CARR,1383,89176442,2,US Dollar,1,1/4/2023,22-Dec,12/5/2022,Open AP Item,1,5.85,5.85,5
Bill,65677,SPC Haughton,1489,65677,2,US Dollar,1,12/6/2022,22-Dec,12/6/2022,Open AP Item,1,2264.62,2264.62,5
Bill,5657154,"MOODY PRICE, L.L.C.",1395,5657154,2,US Dollar,1,1/5/2023,22-Dec,12/6/2022,Open AP Item,1,434.61,434.61,3
Bill,157284342,ULINE,1534,157284342,2,US Dollar,1,1/5/2023,22-Dec,12/6/2022,Open AP Item,1,306.89,306.89,5
Bill,408868,EDGE COMMUNICATIONS,1278,408868,2,US Dollar,1,1/5/2023,22-Dec,12/6/2022,Open AP Item,1,181.54,181.54,5
Bill,38107,"SMITHCO INDUSTRIES, INC.",1479,38107,2,US Dollar,1,1/5/2023,22-Dec,12/6/2022,Open AP Item,1,156,156,3
Bill,7994,"MASS FLOW TECHNOLOGY, INC",1382,7994,2,US Dollar,1,1/5/2023,22-Dec,12/6/2022,Open AP Item,1,125,125,3
Bill,64483566,MSC,1399,64483566,2,US Dollar,1,1/5/2023,22-Dec,12/6/2022,Open AP Item,1,78.6,78.6,4
Bill,63552246,MSC,1399,63552246,2,US Dollar,1,1/5/2023,22-Dec,12/6/2022,Open AP Item,1,33.81,33.81,3
Bill,9535101605,GRAINGER,1311,9535101605,2,US Dollar,1,1/5/2023,22-Dec,12/6/2022,Open AP Item,1,14.92,14.92,3
Bill,7369781534-0-1,STAPLES ADVANTAGE,1494,7369781534-0-1,2,US Dollar,1,1/20/2023,22-Dec,12/6/2022,Open AP Item,1,139.74,139.74,3
Bill,7369783000-0-1,STAPLES ADVANTAGE,1494,7369783000-0-1,2,US Dollar,1,1/20/2023,22-Dec,12/6/2022,Open AP Item,1,31.91,31.91,5
Bill,2092155,MUSIC MOUNTAIN,1771,2092155,20,US Dollar,1,12/17/2022,22-Dec,12/7/2022,Open AP Item,1,117.65,117.65,3
Bill,4139683225,CINTAS CORP,1240,4139683225,20,US Dollar,1,12/17/2022,22-Dec,12/7/2022,Open AP Item,1,54.9,54.9,3
Bill,TXKI000005168,DHL EXPRESS,1269,TXKI000005168,2,US Dollar,1,12/22/2022,22-Dec,12/7/2022,Open AP Item,1,361.15,361.15,3
Bill,2248598,FLOWSERVE CORP,1300,2248598,2,US Dollar,1,1/6/2023,22-Dec,12/7/2022,Open AP Item,1,3414.78,3414.78,4
Bill,0106378-IN,MIDWEST VALVE PARTS SUPPLY,1387,0106378-IN,2,US Dollar,1,1/6/2023,22-Dec,12/7/2022,Open AP Item,1,1467.2,1467.2,3
Bill,54591,"MAINLINE MACHINE, INC",1377,54591,2,US Dollar,1,1/6/2023,22-Dec,12/7/2022,Open AP Item,1,400,400,3
Bill,157331703,ULINE,1534,157331703,2,US Dollar,1,1/6/2023,22-Dec,12/7/2022,Open AP Item,1,358.85,358.85,5
Bill,54592,"MAINLINE MACHINE, INC",1377,54592,2,US Dollar,1,1/6/2023,22-Dec,12/7/2022,Open AP Item,1,250,250,3
Bill,9536537286,GRAINGER,1311,9536537286,2,US Dollar,1,1/6/2023,22-Dec,12/7/2022,Open AP Item,1,209.81,209.81,3
Bill,1721459,A.J. ROD COMPANY LTD.,1161,1721459,2,US Dollar,1,1/6/2023,22-Dec,12/7/2022,Open AP Item,1,57.83,57.83,5
Bill,1381386,Optum Bank,1422,1381386,2,US Dollar,1,1/6/2023,22-Dec,12/7/2022,Open AP Item,1,55,55,6
Bill,7369931465-0-1,STAPLES ADVANTAGE,1494,7369931465-0-1,2,US Dollar,1,1/20/2023,22-Dec,12/7/2022,Open AP Item,1,143.92,143.92,5
Bill,40555513,OLIVER VAN HORN CO LLC,1417,40555513,2,US Dollar,1,12/8/2022,22-Dec,12/8/2022,Open AP Item,1,158.92,158.92,3
Bill,295797/2,IVEY'S HAUGHTON,1770,295797/2,20,US Dollar,1,12/18/2022,22-Dec,12/8/2022,Open AP Item,1,271.78,271.78,5
Bill,295830/2,IVEY'S HAUGHTON,1770,295830/2,20,US Dollar,1,12/18/2022,22-Dec,12/8/2022,Open AP Item,1,133.26,133.26,3
Bill,033-22/23,Phoenix Manufacturing,1434,033-22/23,2,US Dollar,1,1/7/2023,22-Dec,12/8/2022,Open AP Item,1,2355.2,2355.2,3
Bill,031-22/23,Phoenix Manufacturing,1434,031-22/23,2,US Dollar,1,1/7/2023,22-Dec,12/8/2022,Open AP Item,1,2328.06,2328.06,3
Bill,32918834,LINDE GAS & EQUIPMENT,1365,32918834,2,US Dollar,1,1/7/2023,22-Dec,12/8/2022,Open AP Item,1,1544.64,1544.64,5
Bill,83201,"HAYGOR INSTRUMENT & ENG., INC.",1323,83201,2,US Dollar,1,1/7/2023,22-Dec,12/8/2022,Open AP Item,1,730,730,3
Bill,C37830,CHASE CONTROLS LP,1237,C37830,2,US Dollar,1,1/7/2023,22-Dec,12/8/2022,Open AP Item,1,400,400,5
Bill,32212,"O'NEALGAS, INC",1415,32212,2,US Dollar,1,1/7/2023,22-Dec,12/8/2022,Open AP Item,1,169.73,169.73,3
Bill,13201139-20221208,SECURITY PRO,1473,13201139-20221208,2,US Dollar,1,1/7/2023,22-Dec,12/8/2022,Open AP Item,1,59.99,59.99,3
Bill,07707-100064-02-6,OPTIMUM,1421,07707-100064-02-6,2,US Dollar,1,12/9/2022,22-Dec,12/9/2022,Open AP Item,1,339.58,339.58,3
Bill,6001405866,TOYOTA INDUSTRIES COMMERCIAL,1523,6001405866,2,US Dollar,1,1/3/2023,22-Dec,12/9/2022,Open AP Item,1,649.69,649.69,3
Bill,54608,"MAINLINE MACHINE, INC",1377,54608,2,US Dollar,1,1/8/2023,22-Dec,12/9/2022,Open AP Item,1,4125,4125,3
Bill,2249181,FLOWSERVE CORP,1300,2249181,2,US Dollar,1,1/8/2023,22-Dec,12/9/2022,Open AP Item,1,3389.82,3389.82,4
Bill,4152212,PUFFER-SWEIVEN,1446,4152212,2,US Dollar,1,1/8/2023,22-Dec,12/9/2022,Open AP Item,1,1077.12,1077.12,4
Bill,30325,JORY L. BERNARD,1352,30325,2,US Dollar,1,1/8/2023,22-Dec,12/9/2022,Open AP Item,1,1050,1050,3
Bill,IV00537605,NAMEPLATES,1406,IV00537605,2,US Dollar,1,1/8/2023,22-Dec,12/9/2022,Open AP Item,1,925,925,3
Bill,60410,R&S SUPPLY,1451,60410,2,US Dollar,1,1/8/2023,22-Dec,12/9/2022,Open AP Item,1,887.5,887.5,3
Bill,PSI343180,JOHN H. CARTER,1351,PSI343180,2,US Dollar,1,1/8/2023,22-Dec,12/9/2022,Open AP Item,1,843.66,843.66,3
Bill,PSI343251,JOHN H. CARTER,1351,PSI343251,2,US Dollar,1,1/8/2023,22-Dec,12/9/2022,Open AP Item,1,749.92,749.92,3
Bill,12-93058,LST HEAT TREATING,1369,12-93058,2,US Dollar,1,1/8/2023,22-Dec,12/9/2022,Open AP Item,1,518.89,518.89,3
Bill,0106396-IN,MIDWEST VALVE PARTS SUPPLY,1387,0106396-IN,2,US Dollar,1,1/8/2023,22-Dec,12/9/2022,Open AP Item,1,456.61,456.61,5
Bill,000000X40605502,UPS.H,1540,000000X40605502,20,US Dollar,1,12/19/2022,22-Dec,12/10/2022,Open AP Item,1,1243.17,1243.17,3
Bill,000000R26488502,UPS.H,1540,000000R26488502,20,US Dollar,1,12/19/2022,22-Dec,12/10/2022,Open AP Item,1,196.94,196.94,3
Bill,000000X40605502,UPS.H,1540,000000X40605502,20,US Dollar,1,12/19/2022,22-Dec,12/10/2022,Open AP Item,1,195.19,195.19,5
Bill,000000X40605502,UPS.V,1541,000000X40605502,20,US Dollar,1,12/19/2022,22-Dec,12/10/2022,Open AP Item,1,29.18,29.18,3
Bill,000000R26488502,UPS.V,1541,000000R26488502,2,US Dollar,1,12/19/2022,22-Dec,12/10/2022,Open AP Item,1,10.92,10.92,4
Bill,3660048,XEROX FINANCIAL SERVICES,1569,3660048,21,US Dollar,1,12/31/2022,22-Dec,12/11/2022,Open AP Item,1,114.95,114.95,4
Bill,2559884703,AT&T,1191,2559884703,2,US Dollar,1,1/10/2023,22-Dec,12/11/2022,Open AP Item,1,844.41,844.41,3
Bill,5657876,"MOODY PRICE, L.L.C.",1395,5657876,2,US Dollar,1,12/12/2022,22-Dec,12/12/2022,Open AP Item,1,217.89,217.89,3
Bill,02-20L-OVH-12022,OLIVER VAN HORN CO LLC,1417,02-20L-OVH-12022,2,US Dollar,1,12/12/2022,22-Dec,12/12/2022,Open AP Item,1,158.92,158.92,3
Bill,13177197,HARTZ PEST CONTROLS,1320,13177197,1,US Dollar,1,12/27/2022,22-Dec,12/12/2022,Open AP Item,1,286.86,286.86,3
Bill,60806935-12,FORD CREDIT.,1301,60806935-12,21,US Dollar,1,1/1/2023,22-Dec,12/12/2022,Open AP Item,1,789.24,789.24,5
Bill,S2979540.001,BPS SUPPLY GROUP.,1217,S2979540.001,2,US Dollar,1,1/11/2023,22-Dec,12/12/2022,Open AP Item,1,7239,7239,4
Bill,4152468,PUFFER-SWEIVEN,1446,4152468,2,US Dollar,1,1/11/2023,22-Dec,12/12/2022,Open AP Item,1,3516.24,3516.24,3
Bill,S2984216.001,BPS SUPPLY GROUP.,1217,S2984216.001,2,US Dollar,1,1/11/2023,22-Dec,12/12/2022,Open AP Item,1,2792,2792,5
Bill,66435036,MSC,1399,66435036,2,US Dollar,1,1/11/2023,22-Dec,12/12/2022,Open AP Item,1,451.8,451.8,3
Bill,89528294,MCMASTER-CARR,1383,89528294,2,US Dollar,1,1/11/2023,22-Dec,12/12/2022,Open AP Item,1,57.19,57.19,3
Bill,7369783000-0-2,STAPLES ADVANTAGE,1494,7369783000-0-2,2,US Dollar,1,1/20/2023,22-Dec,12/12/2022,Open AP Item,1,43.28,43.28,5
Bill,58407594-12,FORD CREDIT.,1301,58407594-12,2,US Dollar,1,1/2/2023,22-Dec,12/13/2022,Open AP Item,1,788.67,788.67,3
Bill,278281,FAIRCHILD INDUSTRIAL PRODUCTS,1292,278281,2,US Dollar,1,1/12/2023,22-Dec,12/13/2022,Open AP Item,1,21186.68,21186.68,3
Bill,2249682,FLOWSERVE CORP,1300,2249682,2,US Dollar,1,1/12/2023,22-Dec,12/13/2022,Open AP Item,1,2979.16,2979.16,3
Bill,1496410,SMITH FASTENER,1478,1496410,2,US Dollar,1,1/12/2023,22-Dec,12/13/2022,Open AP Item,1,1619.58,1619.58,3
Bill,765211,M&P FLANGE & PIPE PROTECTION,1372,765211,2,US Dollar,1,1/12/2023,22-Dec,12/13/2022,Open AP Item,1,1290.27,1290.27,3
Bill,765212,M&P FLANGE & PIPE PROTECTION,1372,765212,2,US Dollar,1,1/12/2023,22-Dec,12/13/2022,Open AP Item,1,879.02,879.02,3
Bill,IN004280909,A.W. CHESTERTON COMPANY,1162,IN004280909,2,US Dollar,1,1/12/2023,22-Dec,12/13/2022,Open AP Item,1,632.52,632.52,3
Bill,8003,"MASS FLOW TECHNOLOGY, INC",1382,8003,2,US Dollar,1,1/12/2023,22-Dec,12/13/2022,Open AP Item,1,350,350,3
Bill,373169,ESP,1290,373169,2,US Dollar,1,1/12/2023,22-Dec,12/13/2022,Open AP Item,1,101.22,101.22,3
Bill,9543509203,GRAINGER,1311,9543509203,2,US Dollar,1,1/12/2023,22-Dec,12/13/2022,Open AP Item,1,34.93,34.93,3
Bill,7370366554-0-1,STAPLES ADVANTAGE,1494,7370366554-0-1,2,US Dollar,1,1/20/2023,22-Dec,12/13/2022,Open AP Item,1,99.49,99.49,3
Bill,ProcFeeDec.,CITY OF HOUSTON WATER,1244,ProcFeeDec.,2,US Dollar,1,12/14/2022,22-Dec,12/14/2022,Open AP Item,1,0.5,0.5,5
Bill,295986/2,IVEY'S HAUGHTON,1770,295986/2,20,US Dollar,1,12/24/2022,22-Dec,12/14/2022,Open AP Item,1,67.64,67.64,3
Bill,4140389477,CINTAS CORP,1240,4140389477,20,US Dollar,1,12/24/2022,22-Dec,12/14/2022,Open AP Item,1,54.89,54.89,3
Bill,TXKI000005174,DHL EXPRESS,1269,TXKI000005174,2,US Dollar,1,12/29/2022,22-Dec,12/14/2022,Open AP Item,1,2596.29,2596.29,3
Bill,454745,THE PURPLE GUYS,1517,454745,1,US Dollar,1,12/29/2022,22-Dec,12/14/2022,Open AP Item,1,166.25,166.25,5
Bill,620345101385-12,CITY OF HOUSTON WATER,1244,620345101385-12,2,US Dollar,1,1/6/2023,22-Dec,12/14/2022,Open AP Item,1,217.53,217.53,5
Bill,196433,INTERSTATE INDUSTRIES,1341,196433,2,US Dollar,1,1/13/2023,22-Dec,12/14/2022,Open AP Item,1,1307.16,1307.16,3
Bill,54621,"MAINLINE MACHINE, INC",1377,54621,2,US Dollar,1,1/13/2023,22-Dec,12/14/2022,Open AP Item,1,705,705,3
Bill,8008,"MASS FLOW TECHNOLOGY, INC",1382,8008,2,US Dollar,1,1/13/2023,22-Dec,12/14/2022,Open AP Item,1,700,700,3
Bill,0106426-IN,MIDWEST VALVE PARTS SUPPLY,1387,0106426-IN,2,US Dollar,1,1/13/2023,22-Dec,12/14/2022,Open AP Item,1,259.2,259.2,5
Bill,5100558435,CISCO SYSTEMS INC,1242,5100558435,2,US Dollar,1,1/13/2023,22-Dec,12/14/2022,Open AP Item,1,102.84,102.84,6
Bill,0106423-IN,MIDWEST VALVE PARTS SUPPLY,1387,0106423-IN,2,US Dollar,1,1/13/2023,22-Dec,12/14/2022,Open AP Item,1,88,88,5
Bill,5136886434,CINTAS CORP (OH),1241,5136886434,2,US Dollar,1,1/13/2023,22-Dec,12/14/2022,Open AP Item,1,42.73,42.73,4
Bill,D19104384,DHL EXPRESS,1269,D19104384,2,US Dollar,1,12/22/2022,22-Dec,12/15/2022,Open AP Item,1,46.66,46.66,5
Bill,070051204-12,VICTORIA UTILITY BILLING OFFICE,1550,070051204-12,2,US Dollar,1,12/30/2022,22-Dec,12/15/2022,Open AP Item,1,40.89,40.89,4
Bill,403319962-12,ADT SECURITY,1168,403319962-12,21,US Dollar,1,1/4/2023,22-Dec,12/15/2022,Open AP Item,1,56.28,56.28,4
Bill,11505,MACKEY LAW FIRM PLLC,1375,11505,2,US Dollar,1,1/14/2023,22-Dec,12/15/2022,Open AP Item,1,2851.2,2851.2,6
Bill,PSI344236,JOHN H. CARTER,1351,PSI344236,2,US Dollar,1,1/14/2023,22-Dec,12/15/2022,Open AP Item,1,1026.78,1026.78,3
Bill,89777385,MCMASTER-CARR,1383,89777385,2,US Dollar,1,1/14/2023,22-Dec,12/15/2022,Open AP Item,1,162.3,162.3,3
Bill,7603344289-0-1,STAPLES ADVANTAGE,1494,7603344289-0-1,2,US Dollar,1,1/20/2023,22-Dec,12/15/2022,Open AP Item,1,8.32,8.32,5
Bill,65719,SPC Haughton,1489,65719,2,US Dollar,1,12/16/2022,22-Dec,12/16/2022,Open AP Item,1,219.36,219.36,5
Bill,D19111248,DHL EXPRESS,1269,D19111248,2,US Dollar,1,12/23/2022,22-Dec,12/16/2022,Open AP Item,1,3428.93,3428.93,3
Bill,296051/2,IVEY'S HAUGHTON,1770,296051/2,20,US Dollar,1,12/26/2022,22-Dec,12/16/2022,Open AP Item,1,107.98,107.98,3
Bill,2541301,NEC FINANCIAL SERVICES,1410,2541301,21,US Dollar,1,1/5/2023,22-Dec,12/16/2022,Open AP Item,1,202.37,202.37,6
Bill,2541302,NEC FINANCIAL SERVICES,1410,2541302,21,US Dollar,1,1/5/2023,22-Dec,12/16/2022,Open AP Item,1,151.92,151.92,4
Bill,9303972736,JOSEPH T RYERSON & SON,1353,9303972736,2,US Dollar,1,1/15/2023,22-Dec,12/16/2022,Open AP Item,1,390.12,390.12,3
Bill,83357,"HAYGOR INSTRUMENT & ENG., INC.",1323,83357,2,US Dollar,1,1/15/2023,22-Dec,12/16/2022,Open AP Item,1,32.91,32.91,3
Bill,6402093549-6-12,CENTERPOINT ENERGY,1233,6402093549-6-12,2,US Dollar,1,12/19/2022,22-Dec,12/19/2022,Open AP Item,1,522.09,522.09,3
Bill,1919935,AIV L.P.,1175,1919935,2,US Dollar,1,1/18/2023,22-Dec,12/19/2022,Open AP Item,1,19215,19215,4
Bill,87548,MUELLER MFG INC,1401,87548,2,US Dollar,1,1/18/2023,22-Dec,12/19/2022,Open AP Item,1,1476,1476,5
Bill,3187494,RAWSON OR INDUSTRIAL CONTROLS (ICD),1457,3187494,2,US Dollar,1,1/18/2023,22-Dec,12/19/2022,Open AP Item,1,632.15,632.15,5
Bill,89898720,MCMASTER-CARR,1383,89898720,2,US Dollar,1,1/18/2023,22-Dec,12/19/2022,Open AP Item,1,518.5,518.5,3
Bill,65704,SPC Haughton,1489,65704,2,US Dollar,1,12/20/2022,22-Dec,12/20/2022,Open AP Item,1,1494.48,1494.48,5
Bill,58549813-12,FORD CREDIT.,1301,58549813-12,2,US Dollar,1,1/9/2023,22-Dec,12/20/2022,Open AP Item,1,558.49,558.49,4
Bill,0106454-IN,MIDWEST VALVE PARTS SUPPLY,1387,0106454-IN,2,US Dollar,1,1/19/2023,22-Dec,12/20/2022,Open AP Item,1,2483.4,2483.4,3
Bill,4155676,PUFFER-SWEIVEN,1446,4155676,2,US Dollar,1,1/19/2023,22-Dec,12/20/2022,Open AP Item,1,2212.35,2212.35,5
Bill,3331239,SIGMA SUPPLY,1476,3331239,2,US Dollar,1,1/19/2023,22-Dec,12/20/2022,Open AP Item,1,1067,1067,3
Bill,243,MONARCH STAINLESS LTD,1393,243,2,US Dollar,1,1/19/2023,22-Dec,12/20/2022,Open AP Item,1,813.7,813.7,3
Bill,IN004281801,A.W. CHESTERTON COMPANY,1162,IN004281801,2,US Dollar,1,1/19/2023,22-Dec,12/20/2022,Open AP Item,1,764.25,764.25,5
Bill,374070,ESP,1290,374070,2,US Dollar,1,1/19/2023,22-Dec,12/20/2022,Open AP Item,1,482,482,3
Bill,65721,SPC Haughton,1489,65721,2,US Dollar,1,12/21/2022,22-Dec,12/21/2022,Open AP Item,1,481.73,481.73,5
Bill,296191/2,IVEY'S HAUGHTON,1770,296191/2,20,US Dollar,1,12/31/2022,22-Dec,12/21/2022,Open AP Item,1,37.72,37.72,3
Bill,TXKI000005184,DHL EXPRESS,1269,TXKI000005184,2,US Dollar,1,1/5/2023,22-Dec,12/21/2022,Open AP Item,1,7328.24,7328.24,3
Bill,TXKI000005184,DHL EXPRESS,1269,TXKI000005184,2,US Dollar,1,1/5/2023,22-Dec,12/21/2022,Open AP Item,1,1058.67,1058.67,5
Bill,30413,JORY L. BERNARD,1352,30413,2,US Dollar,1,1/20/2023,22-Dec,12/21/2022,Open AP Item,1,2180,2180,3
Bill,PSI345273,JOHN H. CARTER,1351,PSI345273,2,US Dollar,1,1/20/2023,22-Dec,12/21/2022,Open AP Item,1,1653.15,1653.15,3
Bill,60604,R&S SUPPLY,1451,60604,2,US Dollar,1,1/20/2023,22-Dec,12/21/2022,Open AP Item,1,887.5,887.5,3
Bill,34795,GENE'S MACHINE,1307,34795,2,US Dollar,1,1/20/2023,22-Dec,12/21/2022,Open AP Item,1,550,550,4
Bill,69841836,MSC,1399,69841836,2,US Dollar,1,1/20/2023,22-Dec,12/21/2022,Open AP Item,1,457.78,457.78,3
Bill,INV459730,KPA,1360,INV459730,2,US Dollar,1,1/20/2023,22-Dec,12/21/2022,Open AP Item,1,245.26,245.26,3
Bill,7603622162-0-1,STAPLES ADVANTAGE,1494,7603622162-0-1,2,US Dollar,1,1/20/2023,22-Dec,12/21/2022,Open AP Item,1,194.71,194.71,3
Bill,1.84003E+11,RELIANT,1459,1.84003E+11,2,US Dollar,1,1/11/2023,22-Dec,12/22/2022,Open AP Item,1,352.12,352.12,4
Bill,4003691666,TOYOTA INDUSTRIES COMMERCIAL,1523,4003691666,21,US Dollar,1,1/16/2023,22-Dec,12/22/2022,Open AP Item,1,481.44,481.44,4
Bill,5138109837,CINTAS CORP (OH),1241,5138109837,2,US Dollar,1,1/21/2023,22-Dec,12/22/2022,Open AP Item,1,547.36,547.36,5
Bill,44253,PROGRESSIVE METAL SERVICE,1444,44253,2,US Dollar,1,1/21/2023,22-Dec,12/22/2022,Open AP Item,1,175,175,3
Bill,Dec-22,DC ELITE LLC,1265,Dec-22,4,US Dollar,1,12/23/2022,22-Dec,12/23/2022,Open AP Item,1,44.65,44.65,5
Bill,8833R5229-12,TRAVELERS CL REMITTANCE CENTER,1524,8833R5229-12,21,US Dollar,1,1/12/2023,22-Dec,12/23/2022,Open AP Item,1,2744.55,2744.55,6
Bill,D19167097,DHL EXPRESS,1269,D19167097,2,US Dollar,1,12/31/2022,22-Dec,12/24/2022,Open AP Item,1,86.66,86.66,3
Bill,0000X40605522,UPS.H,1540,0000X40605522,2,US Dollar,1,1/2/2023,22-Dec,12/24/2022,Open AP Item,1,581.06,581.06,3
Bill,0000X40605522,UPS.H,1540,0000X40605522,2,US Dollar,1,1/2/2023,22-Dec,12/24/2022,Open AP Item,1,209.21,209.21,5
Bill,0000R26488522,UPS.V,1541,0000R26488522,2,US Dollar,1,1/2/2023,22-Dec,12/24/2022,Open AP Item,1,10.9,10.9,4
Bill,ST/INV/883/22-23,M/S SHIVAMTECH ENGINEERING DESIGN PVT. LTD.,1374,ST/INV/883/22-23,2,US Dollar,1,1/23/2023,22-Dec,12/24/2022,Open AP Item,1,468,468,5
Bill,0975-001138769,REPUBLIC SERVICES  #975,1773,0975-001138769,21,US Dollar,1,1/14/2023,22-Dec,12/25/2022,Open AP Item,1,439.17,439.17,3
Bill,D19183328,DHL EXPRESS,1269,D19183328,2,US Dollar,1,1/2/2023,22-Dec,12/26/2022,Open AP Item,1,139.9,139.9,3
Bill,8777703321958533-12,COMCAST,1765,8777703321958533-12,20,US Dollar,1,1/11/2023,22-Dec,12/26/2022,Open AP Item,1,313.81,313.81,5
Bill,0853-007125466,REPUBLIC SERVICES #853,1461,0853-007125466,2,US Dollar,1,1/15/2023,22-Dec,12/26/2022,Open AP Item,1,120.37,120.37,5
Bill,CW,CAPITAL ONE,1764,CW,21,US Dollar,1,1/20/2023,22-Dec,12/26/2022,Open AP Item,1,14076.64,14076.64,3
Bill,CC,CAPITAL ONE,1764,CC,21,US Dollar,1,1/20/2023,22-Dec,12/26/2022,Open AP Item,1,137.41,137.41,4
Bill,1022453,MIHLFELD & ASSOCIATES,1389,1022453,4,US Dollar,1,12/27/2022,22-Dec,12/27/2022,Open AP Item,1,2841.34,2841.34,5
Bill,65726,SPC Haughton,1489,65726,2,US Dollar,1,12/27/2022,22-Dec,12/27/2022,Open AP Item,1,1343.35,1343.35,5
Bill,996405001-12,VICTORIA ELECTRIC COOP,1549,996405001-12,21,US Dollar,1,1/16/2023,22-Dec,12/27/2022,Open AP Item,1,2156.4,2156.4,4
Bill,3698369,XEROX FINANCIAL SERVICES,1569,3698369,21,US Dollar,1,1/17/2023,22-Dec,12/28/2022,Open AP Item,1,129.5,129.5,6
Bill,3698368,XEROX FINANCIAL SERVICES,1569,3698368,21,US Dollar,1,1/17/2023,22-Dec,12/28/2022,Open AP Item,1,109.89,109.89,3
Bill,6369281-2848-8,WASTE MANAGEMENT CORP,1555,6369281-2848-8,2,US Dollar,1,1/27/2023,22-Dec,12/28/2022,Open AP Item,1,129.52,129.52,4
