Reference #,Adjustment Account,Date,Posting Period,Memo,Item Name Number,Vlookup,ID,Item Display Name,Location,Units,Adjust Qty By,Est. Unit Cost,Subtotal,Memo,Internal ID
,3895,11/30/2022,Nov-22,Opening Balance Inventory,NCSS-LBL-00A,1,323,,BM Nagano,,1,0,,,4774
,3895,11/30/2022,Nov-22,Opening Balance Inventory,NCSS-PCKG-011,1,426,,BM Nagano,,1,0,,,4774
,3895,11/30/2022,Nov-22,Opening Balance Inventory,NCSS-SOM-003,1,689,,BM Nagano,,4,40,,,4774
,3895,11/30/2022,Nov-22,Opening Balance Inventory,NCSS-REG-009,1,513,,BM Nagano,,5,4.26,,,4774
,3895,11/30/2022,Nov-22,Opening Balance Inventory,NCSS-RF-008,1,655,,BM Nagano,,7,0.00001,,,4774
,3895,11/30/2022,Nov-22,Opening Balance Inventory,NCSS-PL-049,1,498,,BM Nagano,,8,0.33,,,4774
,3895,11/30/2022,Nov-22,Opening Balance Inventory,NCSS-PCKG-018,1,432,,BM Nagano,,9,4.5,,,4774
,3895,11/30/2022,Nov-22,Opening Balance Inventory,NCSS-CON-018,1,153,,BM Nagano,,10,1.8,,,4774
,3895,11/30/2022,Nov-22,Opening Balance Inventory,NCSS-BAT-001,1,33,,BM Nagano,,11,0.85,,,4774
,3895,11/30/2022,Nov-22,Opening Balance Inventory,NCSS-PL-050,1,499,,BM Nagano,,11,0.33,,,4774
,3895,11/30/2022,Nov-22,Opening Balance Inventory,NCSS-PL-059,1,506,,BM Nagano,,14,0.00001,,,4774
,3895,11/30/2022,Nov-22,Opening Balance Inventory,NCSS-PCKG-027,1,1185,,BM Nagano,,17,0.17,,,4774
,3895,11/30/2022,Nov-22,Opening Balance Inventory,NCSS-PL-047,1,496,,BM Nagano,,18,0.33,,,4774
,3895,11/30/2022,Nov-22,Opening Balance Inventory,NCSS-DIO-005,1,185,,BM Nagano,,24,0.0679,,,4774
,3895,11/30/2022,Nov-22,Opening Balance Inventory,NCSS-PCKG-026,1,1184,,BM Nagano,,24,0.09,,,4774
,3895,11/30/2022,Nov-22,Opening Balance Inventory,NCSS-REG-007,1,511,,BM Nagano,,26,0.4,,,4774
,3895,11/30/2022,Nov-22,Opening Balance Inventory,NCSS-MCU-004,1,338,,BM Nagano,,30,2.3,,,4774
,3895,11/30/2022,Nov-22,Opening Balance Inventory,NCSS-RF-001,1,650,,BM Nagano,,31,1.36,,,4774
,3895,11/30/2022,Nov-22,Opening Balance Inventory,NCSS-RF-016,1,669,,BM Nagano,,35,8.49,,,4774
,3895,11/30/2022,Nov-22,Opening Balance Inventory,NCSS-PL-048,1,497,,BM Nagano,,40,0.33,,,4774
,3895,11/30/2022,Nov-22,Opening Balance Inventory,NCSS-PCKG-028,1,1186,,BM Nagano,,43,0.17,,,4774
,3895,11/30/2022,Nov-22,Opening Balance Inventory,NCSS-PL-051,1,500,,BM Nagano,,45,0.33,,,4774
,3895,11/30/2022,Nov-22,Opening Balance Inventory,NCSS-RF-003,1,652,,BM Nagano,,47,1,,,4774
,3895,11/30/2022,Nov-22,Opening Balance Inventory,NCSS-PCB-007,1,399,,BM Nagano,,54,10.8,,,4774
,3895,11/30/2022,Nov-22,Opening Balance Inventory,NCSS-FLT-003,1,228,,BM Nagano,,58,0.374,,,4774
,3895,11/30/2022,Nov-22,Opening Balance Inventory,NCSS-LBL-018,1,328,,BM Nagano,,60,0.0024,,,4774
,3895,11/30/2022,Nov-22,Opening Balance Inventory,NCSS-OSC-004,1,391,,BM Nagano,,62,0.148,,,4774
,3895,11/30/2022,Nov-22,Opening Balance Inventory,NCSS-PCKG-03A,1,442,,BM Nagano,,64,0,,,4774
,3895,11/30/2022,Nov-22,Opening Balance Inventory,NCSS-IND-021,1,275,,BM Nagano,,71,0.073,,,4774
,3895,11/30/2022,Nov-22,Opening Balance Inventory,NCSS-REG-008,1,512,,BM Nagano,,71,4.06,,,4774
,3895,11/30/2022,Nov-22,Opening Balance Inventory,NCSS-REG-018,1,517,,BM Nagano,,72,2.48,,,4774
,3895,11/30/2022,Nov-22,Opening Balance Inventory,NCSS-CBL-008,1,134,,BM Nagano,,74,0.081,,,4774
,3895,11/30/2022,Nov-22,Opening Balance Inventory,NCSS-PL-05A,1,507,,BM Nagano,,78,0.00001,,,4774
,3895,11/30/2022,Nov-22,Opening Balance Inventory,NCSS-LBL-009,1,322,,BM Nagano,,79,0.05,,,4774
,3895,11/30/2022,Nov-22,Opening Balance Inventory,NCSS-PCKG-032,1,437,,BM Nagano,,79,0,,,4774
,3895,11/30/2022,Nov-22,Opening Balance Inventory,NCSS-CON-009,1,143,,BM Nagano,,85,3.5,,,4774
,3895,11/30/2022,Nov-22,Opening Balance Inventory,NCSS-CON-00E,1,144,,BM Nagano,,88,0.9865,,,4774
,3895,11/30/2022,Nov-22,Opening Balance Inventory,NCSS-ADH-001,1,23,,BM Nagano,,92.3,0.2,,,4774
,3895,11/30/2022,Nov-22,Opening Balance Inventory,NCSS-PCKG-012,1,427,,BM Nagano,,94,0,,,4774
,3895,11/30/2022,Nov-22,Opening Balance Inventory,NCSS-CON-04D,1,177,,BM Nagano,,100,0.002,,,4774
,3895,11/30/2022,Nov-22,Opening Balance Inventory,NCSS-PCKG-02A,1,434,,BM Nagano,,114,0,,,4774
,3895,11/30/2022,Nov-22,Opening Balance Inventory,NCSS-RF-009,1,656,,BM Nagano,,116,4,,,4774
,3895,11/30/2022,Nov-22,Opening Balance Inventory,NCSS-PCKG-031,1,436,,BM Nagano,,126,0,,,4774
,3895,11/30/2022,Nov-22,Opening Balance Inventory,NCSS-PCB-002,1,398,,BM Nagano,,128,1,,,4774
,3895,11/30/2022,Nov-22,Opening Balance Inventory,NCSS-IND-001,1,247,,BM Nagano,,138,0.073,,,4774
,3895,11/30/2022,Nov-22,Opening Balance Inventory,NCSS-CON-04B,1,175,,BM Nagano,,150,0.002,,,4774
,3895,11/30/2022,Nov-22,Opening Balance Inventory,NCSS-CON-02E,1,163,,BM Nagano,,152,0.00001,,,4774
,3895,11/30/2022,Nov-22,Opening Balance Inventory,NCSS-RES-02D,1,565,,BM Nagano,,154,0.0014,,,4774
,3895,11/30/2022,Nov-22,Opening Balance Inventory,NCSS-CAP-011,1,871,,BM Nagano,,156,0.15,,,4774
,3895,11/30/2022,Nov-22,Opening Balance Inventory,NCSS-CON-045,1,169,,BM Nagano,,156,0.443,,,4774
,3895,11/30/2022,Nov-22,Opening Balance Inventory,NCSS-DRIV-00F,1,210,,BM Nagano,,158,4.2,,,4774
,3895,11/30/2022,Nov-22,Opening Balance Inventory,NCSS-PCKG-035,1,438,,BM Nagano,,161,0,,,4774
,3895,11/30/2022,Nov-22,Opening Balance Inventory,NCSS-RES-02E,1,566,,BM Nagano,,164,0.0011,,,4774
,3895,11/30/2022,Nov-22,Opening Balance Inventory,NCSS-PCKG-00C,1,422,,BM Nagano,,167,0,,,4774
,3895,11/30/2022,Nov-22,Opening Balance Inventory,NCSS-IND-003,1,249,,BM Nagano,,168,0.08,,,4774
,3895,11/30/2022,Nov-22,Opening Balance Inventory,NCSS-RES-0DA,1,627,,BM Nagano,,170,0.0013,,,4774
,3895,11/30/2022,Nov-22,Opening Balance Inventory,NCSS-CAP-047,1,81,,BM Nagano,,171,0.0008,,,4774
,3895,11/30/2022,Nov-22,Opening Balance Inventory,NCSS-FUS-007,1,244,,BM Nagano,,172,0,,,4774
,3895,11/30/2022,Nov-22,Opening Balance Inventory,NCSS-CAP-013,1,873,,BM Nagano,,174,0.8235,,,4774
,3895,11/30/2022,Nov-22,Opening Balance Inventory,NCSS-DIO-004,1,184,,BM Nagano,,177,0.065,,,4774
,3895,11/30/2022,Nov-22,Opening Balance Inventory,NCSS-PCKG-015,1,429,,BM Nagano,,177,0,,,4774
,3895,11/30/2022,Nov-22,Opening Balance Inventory,NCSS-SENS-001,1,679,,BM Nagano,,198,0.19,,,4774
,3895,11/30/2022,Nov-22,Opening Balance Inventory,NCSS-CON-04A,1,174,,BM Nagano,,200,0.002,,,4774
,3895,11/30/2022,Nov-22,Opening Balance Inventory,NCSS-PCKG-02C,1,1189,,BM Nagano,,200,0,,,4774
,3895,11/30/2022,Nov-22,Opening Balance Inventory,NCSS-PCKG-009,1,421,,BM Nagano,,203,0,,,4774
,3895,11/30/2022,Nov-22,Opening Balance Inventory,NCSS-DIO-003,1,183,,BM Nagano,,208,0.055,,,4774
,3895,11/30/2022,Nov-22,Opening Balance Inventory,NCSS-IND-00E,1,260,,BM Nagano,,211,0.0135,,,4774
,3895,11/30/2022,Nov-22,Opening Balance Inventory,NCSS-LED-002,1,335,,BM Nagano,,222,0.07,,,4774
,3895,11/30/2022,Nov-22,Opening Balance Inventory,NCSS-SOM-004,1,690,,BM Nagano,,227,40,,,4774
,3895,11/30/2022,Nov-22,Opening Balance Inventory,NCSS-PCKG-038,1,441,,BM Nagano,,235.91002,0.15,,,4774
,3895,11/30/2022,Nov-22,Opening Balance Inventory,NCSS-DIO-007,1,187,,BM Nagano,,242,0.053,,,4774
,3895,11/30/2022,Nov-22,Opening Balance Inventory,NCSS-IND-022,1,276,,BM Nagano,,244,0.0589,,,4774
,3895,11/30/2022,Nov-22,Opening Balance Inventory,NCSS-IND-01F,1,273,,BM Nagano,,250,0.06,,,4774
,3895,11/30/2022,Nov-22,Opening Balance Inventory,NCSS-PL-03D,1,488,,BM Nagano,,252,0.65,,,4774
,3895,11/30/2022,Nov-22,Opening Balance Inventory,NCSS-FUS-002,1,240,,BM Nagano,,260,0.07,,,4774
,3895,11/30/2022,Nov-22,Opening Balance Inventory,NCSS-RES-030,1,568,,BM Nagano,,262,0.001,,,4774
,3895,11/30/2022,Nov-22,Opening Balance Inventory,NCSS-IND-020,1,274,,BM Nagano,,263,0.0589,,,4774
,3895,11/30/2022,Nov-22,Opening Balance Inventory,NCSS-LBL-007,1,320,,BM Nagano,,266,0.05,,,4774
,3895,11/30/2022,Nov-22,Opening Balance Inventory,NCSS-PCKG-008,1,420,,BM Nagano,,267,0,,,4774
,3895,11/30/2022,Nov-22,Opening Balance Inventory,NCSS-RES-092,1,606,,BM Nagano,,277,0.00243,,,4774
,3895,11/30/2022,Nov-22,Opening Balance Inventory,NCSS-OSC-003,1,390,,BM Nagano,,281,0.3,,,4774
,3895,11/30/2022,Nov-22,Opening Balance Inventory,NCSS-RES-011,1,543,,BM Nagano,,286,0.0015,,,4774
,3895,11/30/2022,Nov-22,Opening Balance Inventory,NCSS-PL-024,1,469,,BM Nagano,,289,1.5,,,4774
,3895,11/30/2022,Nov-22,Opening Balance Inventory,NCSS-OSC-007,1,393,,BM Nagano,,292,0.16,,,4774
,3895,11/30/2022,Nov-22,Opening Balance Inventory,NCSS-RF-005,1,654,,BM Nagano,,298,1.48,,,4774
,3895,11/30/2022,Nov-22,Opening Balance Inventory,NCSS-MOS-003,1,366,,BM Nagano,,300,0.0256,,,4774
,3895,11/30/2022,Nov-22,Opening Balance Inventory,NCSS-DRIV-023,1,214,,BM Nagano,,316,3.8,,,4774
,3895,11/30/2022,Nov-22,Opening Balance Inventory,NCSS-PCKG-017,1,431,,BM Nagano,,316.878,4.5,,,4774
,3895,11/30/2022,Nov-22,Opening Balance Inventory,NCSS-DIO-00A,1,190,,BM Nagano,,318,0.0618,,,4774
,3895,11/30/2022,Nov-22,Opening Balance Inventory,NCSS-PCKG-037,1,440,,BM Nagano,,328.00002,3.3,,,4774
,3895,11/30/2022,Nov-22,Opening Balance Inventory,NCSS-DRIV-00D,1,208,,BM Nagano,,337,0.75,,,4774
,3895,11/30/2022,Nov-22,Opening Balance Inventory,NCSS-RES-038,1,574,,BM Nagano,,337,0.001,,,4774
,3895,11/30/2022,Nov-22,Opening Balance Inventory,NCSS-IND-00F,1,261,,BM Nagano,,356,0.56,,,4774
,3895,11/30/2022,Nov-22,Opening Balance Inventory,NCSS-RF-019,1,672,,BM Nagano,,364,0,,,4774
,3895,11/30/2022,Nov-22,Opening Balance Inventory,NCSS-PL-043,1,492,,BM Nagano,,371,0.31,,,4774
,3895,11/30/2022,Nov-22,Opening Balance Inventory,NCSS-RES-03A,1,576,,BM Nagano,,371,0.001,,,4774
,3895,11/30/2022,Nov-22,Opening Balance Inventory,NCSS-CAP-018,1,53,,BM Nagano,,374,0.0028,,,4774
,3895,11/30/2022,Nov-22,Opening Balance Inventory,NCSS-REG-017,1,516,,BM Nagano,,376,0.00001,,,4774
,3895,11/30/2022,Nov-22,Opening Balance Inventory,NCSS-RF-004,1,653,,BM Nagano,,382,0.7,,,4774
,3895,11/30/2022,Nov-22,Opening Balance Inventory,NCSS-PCKG-020,1,1179,,BM Nagano,,390,0.41,,,4774
,3895,11/30/2022,Nov-22,Opening Balance Inventory,NCSS-RES-00A,1,535,,BM Nagano,,413,0.036,,,4774
,3895,11/30/2022,Nov-22,Opening Balance Inventory,NCSS-RES-031,1,569,,BM Nagano,,424,0.001,,,4774
,3895,11/30/2022,Nov-22,Opening Balance Inventory,NCSS-CAP-01E,1,884,,BM Nagano,,425,0.13,,,4774
,3895,11/30/2022,Nov-22,Opening Balance Inventory,NCSS-OSC-001,1,388,,BM Nagano,,428,0.235,,,4774
,3895,11/30/2022,Nov-22,Opening Balance Inventory,NCSS-IND-011,1,263,,BM Nagano,,436,0.0156,,,4774
,3895,11/30/2022,Nov-22,Opening Balance Inventory,NCSS-RES-03C,1,578,,BM Nagano,,437,0.001,,,4774
,3895,11/30/2022,Nov-22,Opening Balance Inventory,NCSS-PCKG-021,1,1180,,BM Nagano,,442,0.52,,,4774
,3895,11/30/2022,Nov-22,Opening Balance Inventory,NCSS-RES-024,1,559,,BM Nagano,,444,0.001,,,4774
,3895,11/30/2022,Nov-22,Opening Balance Inventory,NCSS-CAP-020,1,885,,BM Nagano,,446,0.0148,,,4774
,3895,11/30/2022,Nov-22,Opening Balance Inventory,NCSS-MCU-006,1,339,,BM Nagano,,457,1.29,,,4774
,3895,11/30/2022,Nov-22,Opening Balance Inventory,NCSS-RES-02B,1,563,,BM Nagano,,460,0.001,,,4774
,3895,11/30/2022,Nov-22,Opening Balance Inventory,NCSS-REG-002,1,510,,BM Nagano,,463,0.195,,,4774
,3895,11/30/2022,Nov-22,Opening Balance Inventory,NCSS-RES-035,1,572,,BM Nagano,,467,0.001,,,4774
,3895,11/30/2022,Nov-22,Opening Balance Inventory,NCSS-RES-02F,1,567,,BM Nagano,,468,0.001,,,4774
,3895,11/30/2022,Nov-22,Opening Balance Inventory,NCSS-CAP-010,1,870,,BM Nagano,,470,0.028,,,4774
,3895,11/30/2022,Nov-22,Opening Balance Inventory,NCSS-IND-00D,1,259,,BM Nagano,,472,0.0138,,,4774
,3895,11/30/2022,Nov-22,Opening Balance Inventory,NCSS-MNT-012,1,360,,BM Nagano,,474,0.0975,,,4774
,3895,11/30/2022,Nov-22,Opening Balance Inventory,NCSS-RES-02C,1,564,,BM Nagano,,478,0.001,,,4774
,3895,11/30/2022,Nov-22,Opening Balance Inventory,NCSS-PCKG-036,1,439,,BM Nagano,,479,0,,,4774
,3895,11/30/2022,Nov-22,Opening Balance Inventory,NCSS-LBL-016,1,327,,BM Nagano,,481,0.0043,,,4774
,3895,11/30/2022,Nov-22,Opening Balance Inventory,NCSS-CAP-031,1,63,,BM Nagano,,486,0.0045,,,4774
,3895,11/30/2022,Nov-22,Opening Balance Inventory,NCSS-CAP-02C,1,897,,BM Nagano,,493,0.0025,,,4774
,3895,11/30/2022,Nov-22,Opening Balance Inventory,NCSS-LBL-019,1,329,,BM Nagano,,528.00002,0.0024,,,4774
,3895,11/30/2022,Nov-22,Opening Balance Inventory,NCSS-IND-00C,1,258,,BM Nagano,,537,0.0363,,,4774
,3895,11/30/2022,Nov-22,Opening Balance Inventory,NCSS-RES-03E,1,580,,BM Nagano,,549,0.001,,,4774
,3895,11/30/2022,Nov-22,Opening Balance Inventory,NCSS-RF-00B,1,658,,BM Nagano,,563,2.65,,,4774
,3895,11/30/2022,Nov-22,Opening Balance Inventory,NCSS-PL-05B,1,508,,BM Nagano,,606,0.00001,,,4774
,3895,11/30/2022,Nov-22,Opening Balance Inventory,NCSS-CON-015,1,150,,BM Nagano,,609,0.64,,,4774
,3895,11/30/2022,Nov-22,Opening Balance Inventory,NCSS-OSC-006,1,392,,BM Nagano,,613,0.419,,,4774
,3895,11/30/2022,Nov-22,Opening Balance Inventory,NCSS-IND-018,1,267,,BM Nagano,,618,0.77,,,4774
,3895,11/30/2022,Nov-22,Opening Balance Inventory,NCSS-IND-00B,1,257,,BM Nagano,,639,0.012,,,4774
,3895,11/30/2022,Nov-22,Opening Balance Inventory,NCSS-CON-04C,1,176,,BM Nagano,,650,0.002,,,4774
,3895,11/30/2022,Nov-22,Opening Balance Inventory,NCSS-CON-010,1,145,,BM Nagano,,721,0.66,,,4774
,3895,11/30/2022,Nov-22,Opening Balance Inventory,NCSS-RES-033,1,571,,BM Nagano,,741,0.001,,,4774
,3895,11/30/2022,Nov-22,Opening Balance Inventory,NCSS-CAP-007,1,861,,BM Nagano,,756,0.00374,,,4774
,3895,11/30/2022,Nov-22,Opening Balance Inventory,NCSS-RF-00A,1,657,,BM Nagano,,774,2.96,,,4774
,3895,11/30/2022,Nov-22,Opening Balance Inventory,NCSS-MOS-006,1,369,,BM Nagano,,776,0.018,,,4774
,3895,11/30/2022,Nov-22,Opening Balance Inventory,NCSS-CAP-014,1,874,,BM Nagano,,812,0.00257,,,4774
,3895,11/30/2022,Nov-22,Opening Balance Inventory,NCSS-RES-01A,1,553,,BM Nagano,,828,0.0008,,,4774
,3895,11/30/2022,Nov-22,Opening Balance Inventory,NCSS-RES-0D1,1,619,,BM Nagano,,834,0.0083,,,4774
,3895,11/30/2022,Nov-22,Opening Balance Inventory,NCSS-PL-03C,1,487,,BM Nagano,,855,1.88,,,4774
,3895,11/30/2022,Nov-22,Opening Balance Inventory,NCSS-IND-010,1,262,,BM Nagano,,866,0.09,,,4774
,3895,11/30/2022,Nov-22,Opening Balance Inventory,NCSS-PCKG-022,1,1181,,BM Nagano,,874,0.52,,,4774
,3895,11/30/2022,Nov-22,Opening Balance Inventory,NCSS-IND-009,1,255,,BM Nagano,,913,0.11,,,4774
,3895,11/30/2022,Nov-22,Opening Balance Inventory,NCSS-DIO-009,1,189,,BM Nagano,,920,0.01,,,4774
,3895,11/30/2022,Nov-22,Opening Balance Inventory,NCSS-RES-09A,1,608,,BM Nagano,,924,0.00214,,,4774
,3895,11/30/2022,Nov-22,Opening Balance Inventory,NCSS-LBL-008,1,321,,BM Nagano,,978,0.05,,,4774
,3895,11/30/2022,Nov-22,Opening Balance Inventory,NCSS-MCU-00A,1,341,,BM Nagano,,1019,3.976,,,4774
,3895,11/30/2022,Nov-22,Opening Balance Inventory,NCSS-PCKG-02F,1,435,,BM Nagano,,1073,0,,,4774
,3895,11/30/2022,Nov-22,Opening Balance Inventory,NCSS-LBL-014,1,325,,BM Nagano,,1076,0.05,,,4774
,3895,11/30/2022,Nov-22,Opening Balance Inventory,NCSS-RES-042,1,584,,BM Nagano,,1076,0.001,,,4774
,3895,11/30/2022,Nov-22,Opening Balance Inventory,NCSS-RF-01C,1,674,,BM Nagano,,1105,8.15,,,4774
,3895,11/30/2022,Nov-22,Opening Balance Inventory,NCSS-RES-032,1,570,,BM Nagano,,1116,0.001,,,4774
,3895,11/30/2022,Nov-22,Opening Balance Inventory,NCSS-PCB-00F,1,407,,BM Nagano,,1196,20,,,4774
,3895,11/30/2022,Nov-22,Opening Balance Inventory,NCSS-PL-011,1,456,,BM Nagano,,1200,0.00001,,,4774
,3895,11/30/2022,Nov-22,Opening Balance Inventory,NCSS-IND-007,1,253,,BM Nagano,,1222,0.56,,,4774
,3895,11/30/2022,Nov-22,Opening Balance Inventory,NCSS-MNT-022,1,364,,BM Nagano,,1222,0,,,4774
,3895,11/30/2022,Nov-22,Opening Balance Inventory,NCSS-RES-03B,1,577,,BM Nagano,,1232,0.001,,,4774
,3895,11/30/2022,Nov-22,Opening Balance Inventory,NCSS-PCKG-010,1,425,,BM Nagano,,1300,0,,,4774
,3895,11/30/2022,Nov-22,Opening Balance Inventory,NCSS-PCKG-024,1,1183,,BM Nagano,,1316,0.3,,,4774
,3895,11/30/2022,Nov-22,Opening Balance Inventory,NCSS-PCKG-023,1,1182,,BM Nagano,,1392,0.3,,,4774
,3895,11/30/2022,Nov-22,Opening Balance Inventory,NCSS-CAP-012,1,872,,BM Nagano,,1444,0.0091,,,4774
,3895,11/30/2022,Nov-22,Opening Balance Inventory,NCSS-IND-01A,1,268,,BM Nagano,,1469,0.591,,,4774
,3895,11/30/2022,Nov-22,Opening Balance Inventory,NCSS-PL-03E,1,489,,BM Nagano,,1506,0.45,,,4774
,3895,11/30/2022,Nov-22,Opening Balance Inventory,NCSS-PCB-012,1,409,,BM Nagano,,1524,0.065,,,4774
,3895,11/30/2022,Nov-22,Opening Balance Inventory,NCSS-REG-01E,1,523,,BM Nagano,,1605,5.367,,,4774
,3895,11/30/2022,Nov-22,Opening Balance Inventory,NCSS-RES-00B,1,536,,BM Nagano,,1607,0.0014,,,4774
,3895,11/30/2022,Nov-22,Opening Balance Inventory,NCSS-IND-008,1,254,,BM Nagano,,1616,0.11,,,4774
,3895,11/30/2022,Nov-22,Opening Balance Inventory,NCSS-PCKG-02B,1,1188,,BM Nagano,,1673,0,,,4774
,3895,11/30/2022,Nov-22,Opening Balance Inventory,NCSS-LBL-012,1,1094,,BM Nagano,,1753,0,,,4774
,3895,11/30/2022,Nov-22,Opening Balance Inventory,NCSS-BAT-004,1,35,,BM Nagano,,1762,0.4,,,4774
,3895,11/30/2022,Nov-22,Opening Balance Inventory,NCSS-RES-099,1,607,,BM Nagano,,1791,0.00243,,,4774
,3895,11/30/2022,Nov-22,Opening Balance Inventory,NCSS-PCB-00B,1,403,,BM Nagano,,1801,0.86,,,4774
,3895,11/30/2022,Nov-22,Opening Balance Inventory,NCSS-PL-042,1,491,,BM Nagano,,1802,0.01,,,4774
,3895,11/30/2022,Nov-22,Opening Balance Inventory,NCSS-PCKG-014,1,428,,BM Nagano,,1847,1.7,,,4774
,3895,11/30/2022,Nov-22,Opening Balance Inventory,NCSS-PL-02C,1,476,,BM Nagano,,1886,0.05,,,4774
,3895,11/30/2022,Nov-22,Opening Balance Inventory,NCSS-RES-049,1,588,,BM Nagano,,1950,0.0013,,,4774
,3895,11/30/2022,Nov-22,Opening Balance Inventory,NCSS-IND-05B,1,1538,,BM Nagano,,2000,0,,,4774
,3895,11/30/2022,Nov-22,Opening Balance Inventory,NCSS-MOS-014,1,382,,BM Nagano,,2000,0.03,,,4774
,3895,11/30/2022,Nov-22,Opening Balance Inventory,NCSS-CAP-033,1,65,,BM Nagano,,2015,0.0023,,,4774
,3895,11/30/2022,Nov-22,Opening Balance Inventory,NCSS-CON-005,1,140,,BM Nagano,,2019,0.13,,,4774
,3895,11/30/2022,Nov-22,Opening Balance Inventory,NCSS-MCU-010,1,344,,BM Nagano,,2026,3.976,,,4774
,3895,11/30/2022,Nov-22,Opening Balance Inventory,NCSS-RES-00D,1,538,,BM Nagano,,2032,0.0008,,,4774
,3895,11/30/2022,Nov-22,Opening Balance Inventory,NCSS-PL-038,1,484,,BM Nagano,,2168,1.4,,,4774
,3895,11/30/2022,Nov-22,Opening Balance Inventory,NCSS-PL-039,1,485,,BM Nagano,,2168,0.1,,,4774
,3895,11/30/2022,Nov-22,Opening Balance Inventory,NCSS-RF-014,1,666,,BM Nagano,,2186,0,,,4774
,3895,11/30/2022,Nov-22,Opening Balance Inventory,NCSS-PL-056,1,504,,BM Nagano,,2188,0.22,,,4774
,3895,11/30/2022,Nov-22,Opening Balance Inventory,NCSS-PL-058,1,505,,BM Nagano,,2188,0.31,,,4774
,3895,11/30/2022,Nov-22,Opening Balance Inventory,NCSS-FUS-005,1,242,,BM Nagano,,2278,0.0965,,,4774
,3895,11/30/2022,Nov-22,Opening Balance Inventory,NCSS-CON-036,1,165,,BM Nagano,,2317,0.00001,,,4774
,3895,11/30/2022,Nov-22,Opening Balance Inventory,NCSS-IND-054,1,308,,BM Nagano,,2328,0.05272,,,4774
,3895,11/30/2022,Nov-22,Opening Balance Inventory,NCSS-MOS-017,1,385,,BM Nagano,,2340,0.342,,,4774
,3895,11/30/2022,Nov-22,Opening Balance Inventory,NCSS-MNT-00B,1,353,,BM Nagano,,2762.999996,1.8,,,4774
,3895,11/30/2022,Nov-22,Opening Balance Inventory,NCSS-LBL-00C,1,324,,BM Nagano,,2905,0.05,,,4774
,3895,11/30/2022,Nov-22,Opening Balance Inventory,NCSS-RF-017,1,670,,BM Nagano,,2981,0.31,,,4774
,3895,11/30/2022,Nov-22,Opening Balance Inventory,NCSS-DRIV-039,1,224,,BM Nagano,,3000,0.00001,,,4774
,3895,11/30/2022,Nov-22,Opening Balance Inventory,NCSS-RES-019,1,552,,BM Nagano,,3221,0.001,,,4774
,3895,11/30/2022,Nov-22,Opening Balance Inventory,NCSS-PCKG-00F,1,424,,BM Nagano,,3270,0,,,4774
,3895,11/30/2022,Nov-22,Opening Balance Inventory,NCSS-PCKG-019,1,433,,BM Nagano,,3289,0,,,4774
,3895,11/30/2022,Nov-22,Opening Balance Inventory,NCSS-SENS-002,1,680,,BM Nagano,,3329,0.1,,,4774
,3895,11/30/2022,Nov-22,Opening Balance Inventory,NCSS-CAP-043,1,77,,BM Nagano,,3455,0.0008,,,4774
,3895,11/30/2022,Nov-22,Opening Balance Inventory,NCSS-PL-026,1,471,,BM Nagano,,3489,0.85,,,4774
,3895,11/30/2022,Nov-22,Opening Balance Inventory,NCSS-SW-004,1,693,,BM Nagano,,3624,0.364,,,4774
,3895,11/30/2022,Nov-22,Opening Balance Inventory,NCSS-PL-03F,1,490,,BM Nagano,,3724,0.02,,,4774
,3895,11/30/2022,Nov-22,Opening Balance Inventory,NCSS-DIO-028,1,199,,BM Nagano,,3785,0.23,,,4774
,3895,11/30/2022,Nov-22,Opening Balance Inventory,NCSS-SIM-003,1,687,,BM Nagano,,3792,3.52,,,4774
,3895,11/30/2022,Nov-22,Opening Balance Inventory,NCSS-CON-011,1,146,,BM Nagano,,3804,0.467,,,4774
,3895,11/30/2022,Nov-22,Opening Balance Inventory,NCSS-CAP-01A,1,880,,BM Nagano,,3862,0.0022,,,4774
,3895,11/30/2022,Nov-22,Opening Balance Inventory,NCSS-CBL-006,1,132,,BM Nagano,,3942,0.81,,,4774
,3895,11/30/2022,Nov-22,Opening Balance Inventory,NCSS-CON-025,1,161,,BM Nagano,,3947,0.173,,,4774
,3895,11/30/2022,Nov-22,Opening Balance Inventory,NCSS-REG-01D,1,522,,BM Nagano,,3996,3.95,,,4774
,3895,11/30/2022,Nov-22,Opening Balance Inventory,NCSS-ADH-00D,1,32,,BM Nagano,,4000.00002,0.0095,,,4774
,3895,11/30/2022,Nov-22,Opening Balance Inventory,NCSS-CBL-007,1,133,,BM Nagano,,4030,0.081,,,4774
,3895,11/30/2022,Nov-22,Opening Balance Inventory,NCSS-PL-02A,1,475,,BM Nagano,,4340,0.15,,,4774
,3895,11/30/2022,Nov-22,Opening Balance Inventory,NCSS-RF-01A,1,673,,BM Nagano,,4447,2.66,,,4774
,3895,11/30/2022,Nov-22,Opening Balance Inventory,NCSS-PL-025,1,470,,BM Nagano,,4450,0.25,,,4774
,3895,11/30/2022,Nov-22,Opening Balance Inventory,NCSS-DRIV-020,1,211,,BM Nagano,,4505,0.15,,,4774
,3895,11/30/2022,Nov-22,Opening Balance Inventory,NCSS-CON-019,1,154,,BM Nagano,,4555,0.21,,,4774
,3895,11/30/2022,Nov-22,Opening Balance Inventory,NCSS-CAP-025,1,890,,BM Nagano,,4613,0.05,,,4774
,3895,11/30/2022,Nov-22,Opening Balance Inventory,NCSS-MNT-009,1,351,,BM Nagano,,4728,0.04,,,4774
,3895,11/30/2022,Nov-22,Opening Balance Inventory,NCSS-DIO-02E,1,204,,BM Nagano,,4885,0.0174,,,4774
,3895,11/30/2022,Nov-22,Opening Balance Inventory,NCSS-RES-0DD,1,630,,BM Nagano,,4890,0.00093,,,4774
,3895,11/30/2022,Nov-22,Opening Balance Inventory,NCSS-PL-01C,1,461,,BM Nagano,,4891,1.15,,,4774
,3895,11/30/2022,Nov-22,Opening Balance Inventory,NCSS-SW-002,1,692,,BM Nagano,,4938,0.0705,,,4774
,3895,11/30/2022,Nov-22,Opening Balance Inventory,NCSS-PL-028,1,473,,BM Nagano,,4953,0.05,,,4774
,3895,11/30/2022,Nov-22,Opening Balance Inventory,NCSS-MCU-011,1,345,,BM Nagano,,5087,3.46,,,4774
,3895,11/30/2022,Nov-22,Opening Balance Inventory,NCSS-IND-05A,1,313,,BM Nagano,,5116,0.22,,,4774
,3895,11/30/2022,Nov-22,Opening Balance Inventory,NCSS-RES-0DC,1,629,,BM Nagano,,5129,0.0399,,,4774
,3895,11/30/2022,Nov-22,Opening Balance Inventory,NCSS-RES-00C,1,537,,BM Nagano,,5175,0.0016,,,4774
,3895,11/30/2022,Nov-22,Opening Balance Inventory,NCSS-IND-050,1,304,,BM Nagano,,5232,0.0571,,,4774
,3895,11/30/2022,Nov-22,Opening Balance Inventory,NCSS-PL-037,1,483,,BM Nagano,,5249,0.72,,,4774
,3895,11/30/2022,Nov-22,Opening Balance Inventory,NCSS-LBL-003,1,316,,BM Nagano,,5283.50002,0.1,,,4774
,3895,11/30/2022,Nov-22,Opening Balance Inventory,NCSS-BAT-003,1,34,,BM Nagano,,5339,1.28,,,4774
,3895,11/30/2022,Nov-22,Opening Balance Inventory,NCSS-PL-01E,1,463,,BM Nagano,,5361,0.53,,,4774
,3895,11/30/2022,Nov-22,Opening Balance Inventory,NCSS-PL-027,1,472,,BM Nagano,,5473,0.45,,,4774
,3895,11/30/2022,Nov-22,Opening Balance Inventory,NCSS-PL-020,1,465,,BM Nagano,,5726,0.14,,,4774
,3895,11/30/2022,Nov-22,Opening Balance Inventory,NCSS-CAP-071,1,106,,BM Nagano,,5794,0.00283,,,4774
,3895,11/30/2022,Nov-22,Opening Balance Inventory,NCSS-PL-034,1,480,,BM Nagano,,5795,1.1,,,4774
,3895,11/30/2022,Nov-22,Opening Balance Inventory,NCSS-RF-02B,1,678,,BM Nagano,,5804,0.95,,,4774
,3895,11/30/2022,Nov-22,Opening Balance Inventory,NCSS-LBL-013,1,1095,,BM Nagano,,5824,0.05,,,4774
,3895,11/30/2022,Nov-22,Opening Balance Inventory,NCSS-CAP-040,1,75,,BM Nagano,,5863,0.0008,,,4774
,3895,11/30/2022,Nov-22,Opening Balance Inventory,NCSS-MCU-002,1,337,,BM Nagano,,5864,0.72,,,4774
,3895,11/30/2022,Nov-22,Opening Balance Inventory,NCSS-ADH-005,1,27,,BM Nagano,,5970,0.0175,,,4774
,3895,11/30/2022,Nov-22,Opening Balance Inventory,NCSS-PCB-00C,1,404,,BM Nagano,,5978,1.7,,,4774
,3895,11/30/2022,Nov-22,Opening Balance Inventory,NCSS-CAP-024,1,889,,BM Nagano,,6158,0.057,,,4774
,3895,11/30/2022,Nov-22,Opening Balance Inventory,NCSS-REG-00D,1,515,,BM Nagano,,6160,0.186,,,4774
,3895,11/30/2022,Nov-22,Opening Balance Inventory,NCSS-IND-044,1,292,,BM Nagano,,6169,0.07,,,4774
,3895,11/30/2022,Nov-22,Opening Balance Inventory,NCSS-CBL-005,1,131,,BM Nagano,,6248,0.081,,,4774
,3895,11/30/2022,Nov-22,Opening Balance Inventory,NCSS-CAP-07A,1,112,,BM Nagano,,6460,0.102,,,4774
,3895,11/30/2022,Nov-22,Opening Balance Inventory,NCSS-RES-051,1,592,,BM Nagano,,6695,0.00109,,,4774
,3895,11/30/2022,Nov-22,Opening Balance Inventory,NCSS-RES-0E4,1,637,,BM Nagano,,6702,0.0282,,,4774
,3895,11/30/2022,Nov-22,Opening Balance Inventory,NCSS-DRIV-032,1,221,,BM Nagano,,6829,0.285,,,4774
,3895,11/30/2022,Nov-22,Opening Balance Inventory,NCSS-RF-02A,1,677,,BM Nagano,,6912,0.171,,,4774
,3895,11/30/2022,Nov-22,Opening Balance Inventory,NCSS-RF-015,1,667,,BM Nagano,,7344,15.75,,,4774
,3895,11/30/2022,Nov-22,Opening Balance Inventory,NCSS-PL-01D,1,462,,BM Nagano,,7370,0.75,,,4774
,3895,11/30/2022,Nov-22,Opening Balance Inventory,NCSS-FLT-001,1,226,,BM Nagano,,7467,0.388,,,4774
,3895,11/30/2022,Nov-22,Opening Balance Inventory,NCSS-CON-027,1,162,,BM Nagano,,7568,0.335,,,4774
,3895,11/30/2022,Nov-22,Opening Balance Inventory,NCSS-CON-048,1,172,,BM Nagano,,7638,3.57,,,4774
,3895,11/30/2022,Nov-22,Opening Balance Inventory,NCSS-TRSF-003,1,695,,BM Nagano,,7690,3.05,,,4774
,3895,11/30/2022,Nov-22,Opening Balance Inventory,NCSS-IND-048,1,296,,BM Nagano,,7882,0.49,,,4774
,3895,11/30/2022,Nov-22,Opening Balance Inventory,NCSS-RES-07C,1,604,,BM Nagano,,7904,0.00083,,,4774
,3895,11/30/2022,Nov-22,Opening Balance Inventory,NCSS-IND-04B,1,299,,BM Nagano,,7910,0.48,,,4774
,3895,11/30/2022,Nov-22,Opening Balance Inventory,NCSS-RES-0E0,1,633,,BM Nagano,,7946,0.0013,,,4774
,3895,11/30/2022,Nov-22,Opening Balance Inventory,NCSS-RES-0DF,1,632,,BM Nagano,,7957,0.0083,,,4774
,3895,11/30/2022,Nov-22,Opening Balance Inventory,NCSS-IND-047,1,295,,BM Nagano,,7970,0.47,,,4774
,3895,11/30/2022,Nov-22,Opening Balance Inventory,NCSS-RES-012,1,544,,BM Nagano,,7973,0.002,,,4774
,3895,11/30/2022,Nov-22,Opening Balance Inventory,NCSS-PL-044,1,493,,BM Nagano,,7996,0.02,,,4774
,3895,11/30/2022,Nov-22,Opening Balance Inventory,NCSS-IND-04F,1,303,,BM Nagano,,7999,0.3,,,4774
,3895,11/30/2022,Nov-22,Opening Balance Inventory,NCSS-RES-022,1,557,,BM Nagano,,8028,0.0007,,,4774
,3895,11/30/2022,Nov-22,Opening Balance Inventory,NCSS-DRIV-022,1,213,,BM Nagano,,8034,0.54,,,4774
,3895,11/30/2022,Nov-22,Opening Balance Inventory,NCSS-CAP-07E,1,115,,BM Nagano,,8102,0.161,,,4774
,3895,11/30/2022,Nov-22,Opening Balance Inventory,NCSS-RF-013,1,665,,BM Nagano,,8272,1.37,,,4774
,3895,11/30/2022,Nov-22,Opening Balance Inventory,NCSS-IND-013,1,265,,BM Nagano,,8313,0.17,,,4774
,3895,11/30/2022,Nov-22,Opening Balance Inventory,NCSS-IND-04E,1,302,,BM Nagano,,8377,0.3,,,4774
,3895,11/30/2022,Nov-22,Opening Balance Inventory,NCSS-CON-01A,1,155,,BM Nagano,,8470,1.7,,,4774
,3895,11/30/2022,Nov-22,Opening Balance Inventory,NCSS-FUS-00B,1,246,,BM Nagano,,8642,0.13,,,4774
,3895,11/30/2022,Nov-22,Opening Balance Inventory,NCSS-MCU-012,1,346,,BM Nagano,,8659,1.28,,,4774
,3895,11/30/2022,Nov-22,Opening Balance Inventory,NCSS-MOS-00E,1,378,,BM Nagano,,8864,0.0398,,,4774
,3895,11/30/2022,Nov-22,Opening Balance Inventory,NCSS-IND-002,1,248,,BM Nagano,,8889,0.08,,,4774
,3895,11/30/2022,Nov-22,Opening Balance Inventory,NCSS-CAP-032,1,64,,BM Nagano,,8971,0.32468,,,4774
,3895,11/30/2022,Nov-22,Opening Balance Inventory,NCSS-DRIV-021,1,212,,BM Nagano,,9070,1.25,,,4774
,3895,11/30/2022,Nov-22,Opening Balance Inventory,NCSS-RES-01B,1,554,,BM Nagano,,9327,0.001,,,4774
,3895,11/30/2022,Nov-22,Opening Balance Inventory,NCSS-RES-036,1,573,,BM Nagano,,9344,0.00089,,,4774
,3895,11/30/2022,Nov-22,Opening Balance Inventory,NCSS-FUS-006,1,243,,BM Nagano,,9441,0.46,,,4774
,3895,11/30/2022,Nov-22,Opening Balance Inventory,NCSS-REG-01A,1,520,,BM Nagano,,9472,1.541,,,4774
,3895,11/30/2022,Nov-22,Opening Balance Inventory,NCSS-RES-040,1,582,,BM Nagano,,9487,0.001,,,4774
,3895,11/30/2022,Nov-22,Opening Balance Inventory,NCSS-CAP-02B,1,896,,BM Nagano,,9672,0.0009,,,4774
,3895,11/30/2022,Nov-22,Opening Balance Inventory,NCSS-CAP-081,1,116,,BM Nagano,,9772,0.114,,,4774
,3895,11/30/2022,Nov-22,Opening Balance Inventory,NCSS-PL-01F,1,464,,BM Nagano,,9782,0.05,,,4774
,3895,11/30/2022,Nov-22,Opening Balance Inventory,NCSS-REG-021,1,524,,BM Nagano,,9806,0.85,,,4774
,3895,11/30/2022,Nov-22,Opening Balance Inventory,NCSS-CON-044,1,168,,BM Nagano,,9819,0.75,,,4774
,3895,11/30/2022,Nov-22,Opening Balance Inventory,NCSS-RES-0CB,1,613,,BM Nagano,,9906,0.00083,,,4774
,3895,11/30/2022,Nov-22,Opening Balance Inventory,NCSS-RES-0D5,1,622,,BM Nagano,,9925,0.0013,,,4774
,3895,11/30/2022,Nov-22,Opening Balance Inventory,NCSS-CAP-08D,1,126,,BM Nagano,,9978,0.00078,,,4774
,3895,11/30/2022,Nov-22,Opening Balance Inventory,NCSS-PL-018,1,457,,BM Nagano,,10004,2.53,,,4774
,3895,11/30/2022,Nov-22,Opening Balance Inventory,NCSS-DRIV-031,1,220,,BM Nagano,,10020,0.327,,,4774
,3895,11/30/2022,Nov-22,Opening Balance Inventory,NCSS-RES-02A,1,562,,BM Nagano,,10141,0.007,,,4774
,3895,11/30/2022,Nov-22,Opening Balance Inventory,NCSS-REG-019,1,519,,BM Nagano,,10158,2.931,,,4774
,3895,11/30/2022,Nov-22,Opening Balance Inventory,NCSS-CAP-030,1,62,,BM Nagano,,10165,0.0318,,,4774
,3895,11/30/2022,Nov-22,Opening Balance Inventory,NCSS-IND-04C,1,300,,BM Nagano,,10177,0.063,,,4774
,3895,11/30/2022,Nov-22,Opening Balance Inventory,NCSS-RES-06F,1,600,,BM Nagano,,10260,0.00427,,,4774
,3895,11/30/2022,Nov-22,Opening Balance Inventory,NCSS-RES-043,1,585,,BM Nagano,,10298,0.001,,,4774
,3895,11/30/2022,Nov-22,Opening Balance Inventory,NCSS-CON-047,1,21,,BM Nagano,,10304,1.24,,,4774
,3895,11/30/2022,Nov-22,Opening Balance Inventory,NCSS-RES-0D3,1,621,,BM Nagano,,10317,0.00214,,,4774
,3895,11/30/2022,Nov-22,Opening Balance Inventory,NCSS-RES-0E7,1,640,,BM Nagano,,10335,0.00427,,,4774
,3895,11/30/2022,Nov-22,Opening Balance Inventory,NCSS-PL-036,1,482,,BM Nagano,,10415,0.4,,,4774
,3895,11/30/2022,Nov-22,Opening Balance Inventory,NCSS-RES-056,1,596,,BM Nagano,,10502,0.00427,,,4774
,3895,11/30/2022,Nov-22,Opening Balance Inventory,NCSS-DIO-027,1,198,,BM Nagano,,10509,0.0118,,,4774
,3895,11/30/2022,Nov-22,Opening Balance Inventory,NCSS-MOS-005,1,368,,BM Nagano,,10864,0.03,,,4774
,3895,11/30/2022,Nov-22,Opening Balance Inventory,NCSS-LBL-006,1,319,,BM Nagano,,11072,0.05,,,4774
,3895,11/30/2022,Nov-22,Opening Balance Inventory,NCSS-FUS-008,1,245,,BM Nagano,,11280,0.198,,,4774
,3895,11/30/2022,Nov-22,Opening Balance Inventory,NCSS-FUS-001,1,239,,BM Nagano,,11298,0.1,,,4774
,3895,11/30/2022,Nov-22,Opening Balance Inventory,NCSS-IND-043,1,291,,BM Nagano,,11302,0.102,,,4774
,3895,11/30/2022,Nov-22,Opening Balance Inventory,NCSS-RES-05B,1,597,,BM Nagano,,11302,0.01402,,,4774
,3895,11/30/2022,Nov-22,Opening Balance Inventory,NCSS-PL-035,1,481,,BM Nagano,,11545,0.03,,,4774
,3895,11/30/2022,Nov-22,Opening Balance Inventory,NCSS-IND-028,1,280,,BM Nagano,,11555,0.0435,,,4774
,3895,11/30/2022,Nov-22,Opening Balance Inventory,NCSS-PL-03A,1,486,,BM Nagano,,11700.00002,0.35,,,4774
,3895,11/30/2022,Nov-22,Opening Balance Inventory,NCSS-PL-032,1,478,,BM Nagano,,11763,0.5,,,4774
,3895,11/30/2022,Nov-22,Opening Balance Inventory,NCSS-RF-01D,1,675,,BM Nagano,,11772,0.45,,,4774
,3895,11/30/2022,Nov-22,Opening Balance Inventory,NCSS-RF-01E,1,676,,BM Nagano,,11775,0.45,,,4774
,3895,11/30/2022,Nov-22,Opening Balance Inventory,NCSS-DRIV-034,1,223,,BM Nagano,,11782,0.413,,,4774
,3895,11/30/2022,Nov-22,Opening Balance Inventory,NCSS-MOS-007,1,370,,BM Nagano,,11944,0.356,,,4774
,3895,11/30/2022,Nov-22,Opening Balance Inventory,NCSS-CAP-06D,1,102,,BM Nagano,,12026,0.00195,,,4774
,3895,11/30/2022,Nov-22,Opening Balance Inventory,NCSS-RES-0CC,1,614,,BM Nagano,,12105,0.00083,,,4774
,3895,11/30/2022,Nov-22,Opening Balance Inventory,NCSS-RES-0DB,1,628,,BM Nagano,,12139,0.00097,,,4774
,3895,11/30/2022,Nov-22,Opening Balance Inventory,NCSS-PL-019,1,458,,BM Nagano,,12341,0.31,,,4774
,3895,11/30/2022,Nov-22,Opening Balance Inventory,NCSS-PL-02D,1,477,,BM Nagano,,12535,0.1,,,4774
,3895,11/30/2022,Nov-22,Opening Balance Inventory,NCSS-OSC-00B,1,396,,BM Nagano,,12628,0.283,,,4774
,3895,11/30/2022,Nov-22,Opening Balance Inventory,NCSS-PL-01A,1,459,,BM Nagano,,12712,0.22,,,4774
,3895,11/30/2022,Nov-22,Opening Balance Inventory,NCSS-IND-055,1,309,,BM Nagano,,12752,0.074,,,4774
,3895,11/30/2022,Nov-22,Opening Balance Inventory,NCSS-FST-007,1,234,,BM Nagano,,12801,0.005,,,4774
,3895,11/30/2022,Nov-22,Opening Balance Inventory,NCSS-LCD-007,1,333,,BM Nagano,,13153,0.98,,,4774
,3895,11/30/2022,Nov-22,Opening Balance Inventory,NCSS-PL-021,1,466,,BM Nagano,,13237,0.02,,,4774
,3895,11/30/2022,Nov-22,Opening Balance Inventory,NCSS-RES-039,1,575,,BM Nagano,,13252,0.001,,,4774
,3895,11/30/2022,Nov-22,Opening Balance Inventory,NCSS-IND-058,1,312,,BM Nagano,,13278,0.04686,,,4774
,3895,11/30/2022,Nov-22,Opening Balance Inventory,NCSS-IND-040,1,288,,BM Nagano,,13411,0.48,,,4774
,3895,11/30/2022,Nov-22,Opening Balance Inventory,NCSS-CAP-017,1,52,,BM Nagano,,13534,0.00407,,,4774
,3895,11/30/2022,Nov-22,Opening Balance Inventory,NCSS-IND-051,1,305,,BM Nagano,,13578,0.04686,,,4774
,3895,11/30/2022,Nov-22,Opening Balance Inventory,NCSS-PCKG-00E,1,423,,BM Nagano,,13616,0,,,4774
,3895,11/30/2022,Nov-22,Opening Balance Inventory,NCSS-IND-012,1,264,,BM Nagano,,13759,0.08,,,4774
,3895,11/30/2022,Nov-22,Opening Balance Inventory,NCSS-PCB-015,1,412,,BM Nagano,,13876,0.722,,,4774
,3895,11/30/2022,Nov-22,Opening Balance Inventory,NCSS-RES-0CA,1,612,,BM Nagano,,13944,0.001,,,4774
,3895,11/30/2022,Nov-22,Opening Balance Inventory,NCSS-CAP-092,1,127,,BM Nagano,,14052,0.00078,,,4774
,3895,11/30/2022,Nov-22,Opening Balance Inventory,NCSS-IND-046,1,294,,BM Nagano,,14226,0.16,,,4774
,3895,11/30/2022,Nov-22,Opening Balance Inventory,NCSS-RES-0E2,1,635,,BM Nagano,,14239,0.0098,,,4774
,3895,11/30/2022,Nov-22,Opening Balance Inventory,NCSS-PCKT-008,1,447,,BM Nagano,,14370,0,,,4774
,3895,11/30/2022,Nov-22,Opening Balance Inventory,NCSS-RF-018,1,671,,BM Nagano,,14767,0.21,,,4774
,3895,11/30/2022,Nov-22,Opening Balance Inventory,NCSS-DRIV-033,1,222,,BM Nagano,,14955,0.108,,,4774
,3895,11/30/2022,Nov-22,Opening Balance Inventory,NCSS-CAP-07C,1,113,,BM Nagano,,15155,0.0018,,,4774
,3895,11/30/2022,Nov-22,Opening Balance Inventory,NCSS-CAP-070,1,105,,BM Nagano,,15306,0.00323,,,4774
,3895,11/30/2022,Nov-22,Opening Balance Inventory,NCSS-IND-057,1,311,,BM Nagano,,15320,0.04686,,,4774
,3895,11/30/2022,Nov-22,Opening Balance Inventory,NCSS-CAP-08A,1,125,,BM Nagano,,15322,0.00078,,,4774
,3895,11/30/2022,Nov-22,Opening Balance Inventory,NCSS-CAP-083,1,118,,BM Nagano,,15323,0.00078,,,4774
,3895,11/30/2022,Nov-22,Opening Balance Inventory,NCSS-CAP-088,1,123,,BM Nagano,,15323,0.00078,,,4774
,3895,11/30/2022,Nov-22,Opening Balance Inventory,NCSS-CAP-089,1,124,,BM Nagano,,15325,0.00078,,,4774
,3895,11/30/2022,Nov-22,Opening Balance Inventory,NCSS-CAP-082,1,117,,BM Nagano,,15327,0.00078,,,4774
,3895,11/30/2022,Nov-22,Opening Balance Inventory,NCSS-CAP-085,1,120,,BM Nagano,,15329,0.00078,,,4774
,3895,11/30/2022,Nov-22,Opening Balance Inventory,NCSS-CAP-087,1,122,,BM Nagano,,15329,0.00078,,,4774
,3895,11/30/2022,Nov-22,Opening Balance Inventory,NCSS-CON-001,1,138,,BM Nagano,,15419,0.546,,,4774
,3895,11/30/2022,Nov-22,Opening Balance Inventory,NCSS-CAP-086,1,121,,BM Nagano,,15431,0.00078,,,4774
,3895,11/30/2022,Nov-22,Opening Balance Inventory,NCSS-CAP-084,1,119,,BM Nagano,,15451,0.00078,,,4774
,3895,11/30/2022,Nov-22,Opening Balance Inventory,NCSS-CON-014,1,149,,BM Nagano,,15534,0.53,,,4774
,3895,11/30/2022,Nov-22,Opening Balance Inventory,NCSS-RES-05F,1,598,,BM Nagano,,15540,0.01238,,,4774
,3895,11/30/2022,Nov-22,Opening Balance Inventory,NCSS-PCKT-007,1,446,,BM Nagano,,15564,0,,,4774
,3895,11/30/2022,Nov-22,Opening Balance Inventory,NCSS-CON-021,1,157,,BM Nagano,,15730,0.64,,,4774
,3895,11/30/2022,Nov-22,Opening Balance Inventory,NCSS-IND-053,1,307,,BM Nagano,,15797,0.04686,,,4774
,3895,11/30/2022,Nov-22,Opening Balance Inventory,NCSS-CON-046,1,170,,BM Nagano,,15848,1.03,,,4774
,3895,11/30/2022,Nov-22,Opening Balance Inventory,NCSS-CAP-072,1,107,,BM Nagano,,15861,0.00505,,,4774
,3895,11/30/2022,Nov-22,Opening Balance Inventory,NCSS-CAP-073,1,108,,BM Nagano,,15866,0.00259,,,4774
,3895,11/30/2022,Nov-22,Opening Balance Inventory,NCSS-CAP-048,1,82,,BM Nagano,,15919,0.0005,,,4774
,3895,11/30/2022,Nov-22,Opening Balance Inventory,NCSS-CAP-077,1,110,,BM Nagano,,16032,0.02923,,,4774
,3895,11/30/2022,Nov-22,Opening Balance Inventory,NCSS-DIO-002,1,182,,BM Nagano,,16314,0.061,,,4774
,3895,11/30/2022,Nov-22,Opening Balance Inventory,NCSS-IND-049,1,297,,BM Nagano,,16486,0.5,,,4774
,3895,11/30/2022,Nov-22,Opening Balance Inventory,NCSS-CAP-045,1,79,,BM Nagano,,16509,0.0008,,,4774
,3895,11/30/2022,Nov-22,Opening Balance Inventory,NCSS-MNT-00C,1,354,,BM Nagano,,16610,0.03,,,4774
,3895,11/30/2022,Nov-22,Opening Balance Inventory,NCSS-CAP-074,1,109,,BM Nagano,,16830,0.00242,,,4774
,3895,11/30/2022,Nov-22,Opening Balance Inventory,NCSS-IND-045,1,293,,BM Nagano,,17086,0.39,,,4774
,3895,11/30/2022,Nov-22,Opening Balance Inventory,NCSS-PCKG-039,1,1197,,BM Nagano,,17120,0,,,4774
,3895,11/30/2022,Nov-22,Opening Balance Inventory,NCSS-MOS-010,1,379,,BM Nagano,,17130,0.0094,,,4774
,3895,11/30/2022,Nov-22,Opening Balance Inventory,NCSS-IND-056,1,310,,BM Nagano,,17319,0.0454,,,4774
,3895,11/30/2022,Nov-22,Opening Balance Inventory,NCSS-CAP-06E,1,103,,BM Nagano,,17408,0.612,,,4774
,3895,11/30/2022,Nov-22,Opening Balance Inventory,NCSS-MOS-00B,1,374,,BM Nagano,,17467,0.058,,,4774
,3895,11/30/2022,Nov-22,Opening Balance Inventory,NCSS-CAP-03D,1,74,,BM Nagano,,17506,0.0008,,,4774
,3895,11/30/2022,Nov-22,Opening Balance Inventory,NCSS-RES-0E1,1,634,,BM Nagano,,17939,0.0013,,,4774
,3895,11/30/2022,Nov-22,Opening Balance Inventory,NCSS-RES-0F4,1,645,,BM Nagano,,18445,0.001,,,4774
,3895,11/30/2022,Nov-22,Opening Balance Inventory,NCSS-PL-033,1,479,,BM Nagano,,18548,0.03,,,4774
,3895,11/30/2022,Nov-22,Opening Balance Inventory,NCSS-DIO-026,1,197,,BM Nagano,,18914,0.0171,,,4774
,3895,11/30/2022,Nov-22,Opening Balance Inventory,NCSS-CAP-008,1,42,,BM Nagano,,19529,0.00195,,,4774
,3895,11/30/2022,Nov-22,Opening Balance Inventory,NCSS-MOS-015,1,383,,BM Nagano,,19689,0.0889,,,4774
,3895,11/30/2022,Nov-22,Opening Balance Inventory,NCSS-RES-00E,1,539,,BM Nagano,,19830,0.0015,,,4774
,3895,11/30/2022,Nov-22,Opening Balance Inventory,NCSS-RES-0D9,1,626,,BM Nagano,,19857,0.00093,,,4774
,3895,11/30/2022,Nov-22,Opening Balance Inventory,NCSS-RES-017,1,550,,BM Nagano,,20119,0.001,,,4774
,3895,11/30/2022,Nov-22,Opening Balance Inventory,NCSS-RES-0F5,1,646,,BM Nagano,,20313,0.001,,,4774
,3895,11/30/2022,Nov-22,Opening Balance Inventory,NCSS-IND-052,1,306,,BM Nagano,,20452,0.05636,,,4774
,3895,11/30/2022,Nov-22,Opening Balance Inventory,NCSS-RES-0CF,1,617,,BM Nagano,,21033,0.00083,,,4774
,3895,11/30/2022,Nov-22,Opening Balance Inventory,NCSS-RES-03F,1,581,,BM Nagano,,21685,0.001,,,4774
,3895,11/30/2022,Nov-22,Opening Balance Inventory,NCSS-RES-073,1,601,,BM Nagano,,21905,0.0007,,,4774
,3895,11/30/2022,Nov-22,Opening Balance Inventory,NCSS-DIO-024,1,196,,BM Nagano,,22001,0.27,,,4774
,3895,11/30/2022,Nov-22,Opening Balance Inventory,NCSS-MOS-011,1,380,,BM Nagano,,22034,0.0526,,,4774
,3895,11/30/2022,Nov-22,Opening Balance Inventory,NCSS-RES-064,1,599,,BM Nagano,,22923,0.00375,,,4774
,3895,11/30/2022,Nov-22,Opening Balance Inventory,NCSS-RES-0CE,1,616,,BM Nagano,,23480,0.0912,,,4774
,3895,11/30/2022,Nov-22,Opening Balance Inventory,NCSS-RES-0F3,1,644,,BM Nagano,,23701,0.00094,,,4774
,3895,11/30/2022,Nov-22,Opening Balance Inventory,NCSS-CAP-07D,1,114,,BM Nagano,,23962,0.106,,,4774
,3895,11/30/2022,Nov-22,Opening Balance Inventory,NCSS-MNT-007,1,349,,BM Nagano,,24381,0.001,,,4774
,3895,11/30/2022,Nov-22,Opening Balance Inventory,NCSS-RES-029,1,561,,BM Nagano,,24541,0.0007,,,4774
,3895,11/30/2022,Nov-22,Opening Balance Inventory,NCSS-CON-004,1,139,,BM Nagano,,24808,0.56,,,4774
,3895,11/30/2022,Nov-22,Opening Balance Inventory,NCSS-RES-0D8,1,625,,BM Nagano,,24879,0.0019,,,4774
,3895,11/30/2022,Nov-22,Opening Balance Inventory,NCSS-RES-077,1,602,,BM Nagano,,25608,0.0007,,,4774
,3895,11/30/2022,Nov-22,Opening Balance Inventory,NCSS-MNT-00F,1,357,,BM Nagano,,25652,0.02897,,,4774
,3895,11/30/2022,Nov-22,Opening Balance Inventory,NCSS-RES-0F2,1,643,,BM Nagano,,26049,0.00094,,,4774
,3895,11/30/2022,Nov-22,Opening Balance Inventory,NCSS-RES-0D0,1,618,,BM Nagano,,27054,0.00083,,,4774
,3895,11/30/2022,Nov-22,Opening Balance Inventory,NCSS-CAP-006,1,41,,BM Nagano,,30142,0.00195,,,4774
,3895,11/30/2022,Nov-22,Opening Balance Inventory,NCSS-RES-0DE,1,631,,BM Nagano,,30220,0.0013,,,4774
,3895,11/30/2022,Nov-22,Opening Balance Inventory,NCSS-PCB-011,1,408,,BM Nagano,,32193,1.5,,,4774
,3895,11/30/2022,Nov-22,Opening Balance Inventory,NCSS-CAP-068,1,98,,BM Nagano,,32204,0.0358,,,4774
,3895,11/30/2022,Nov-22,Opening Balance Inventory,NCSS-MNT-011,1,359,,BM Nagano,,32294,0.0975,,,4774
,3895,11/30/2022,Nov-22,Opening Balance Inventory,NCSS-PL-029,1,474,,BM Nagano,,34289,0.1,,,4774
,3895,11/30/2022,Nov-22,Opening Balance Inventory,NCSS-RES-041,1,583,,BM Nagano,,35457,0.001,,,4774
,3895,11/30/2022,Nov-22,Opening Balance Inventory,NCSS-MOS-016,1,384,,BM Nagano,,36061,0.036,,,4774
,3895,11/30/2022,Nov-22,Opening Balance Inventory,NCSS-LBL-001,1,314,,BM Nagano,,36222.50002,0.05,,,4774
,3895,11/30/2022,Nov-22,Opening Balance Inventory,NCSS-RES-0C9,1,611,,BM Nagano,,37199,0.00083,,,4774
,3895,11/30/2022,Nov-22,Opening Balance Inventory,NCSS-FST-00B,1,238,,BM Nagano,,37223,0.005,,,4774
,3895,11/30/2022,Nov-22,Opening Balance Inventory,NCSS-CAP-00B,1,45,,BM Nagano,,37476,0.0171,,,4774
,3895,11/30/2022,Nov-22,Opening Balance Inventory,NCSS-PCB-013,1,410,,BM Nagano,,37594,0.75,,,4774
,3895,11/30/2022,Nov-22,Opening Balance Inventory,NCSS-BAT-005,1,36,,BM Nagano,,37883,1.28,,,4774
,3895,11/30/2022,Nov-22,Opening Balance Inventory,NCSS-MNT-021,1,363,,BM Nagano,,38900,0.03,,,4774
,3895,11/30/2022,Nov-22,Opening Balance Inventory,NCSS-CAP-066,1,96,,BM Nagano,,40191,0.04546,,,4774
,3895,11/30/2022,Nov-22,Opening Balance Inventory,NCSS-CBL-009,1,135,,BM Nagano,,40329,0.081,,,4774
,3895,11/30/2022,Nov-22,Opening Balance Inventory,NCSS-CAP-067,1,97,,BM Nagano,,41152,0.06123,,,4774
,3895,11/30/2022,Nov-22,Opening Balance Inventory,NCSS-LCD-006,1,332,,BM Nagano,,43089,1.21,,,4774
,3895,11/30/2022,Nov-22,Opening Balance Inventory,NCSS-RES-0F1,1,642,,BM Nagano,,44037,0.0004,,,4774
,3895,11/30/2022,Nov-22,Opening Balance Inventory,NCSS-RES-0E5,1,638,,BM Nagano,,44352,0.0073,,,4774
,3895,11/30/2022,Nov-22,Opening Balance Inventory,NCSS-LBL-002,1,315,,BM Nagano,,45128,0.05,,,4774
,3895,11/30/2022,Nov-22,Opening Balance Inventory,NCSS-CON-013,1,148,,BM Nagano,,47330,0.09,,,4774
,3895,11/30/2022,Nov-22,Opening Balance Inventory,NCSS-RF-002,1,651,,BM Nagano,,47355,0.19,,,4774
,3895,11/30/2022,Nov-22,Opening Balance Inventory,NCSS-IND-04A,1,298,,BM Nagano,,47822,0.065,,,4774
,3895,11/30/2022,Nov-22,Opening Balance Inventory,NCSS-MNT-010,1,358,,BM Nagano,,48882,0.01,,,4774
,3895,11/30/2022,Nov-22,Opening Balance Inventory,NCSS-CON-020,1,156,,BM Nagano,,49564,0.21,,,4774
,3895,11/30/2022,Nov-22,Opening Balance Inventory,NCSS-CON-012,1,147,,BM Nagano,,50099,0.081,,,4774
,3895,11/30/2022,Nov-22,Opening Balance Inventory,NCSS-LBL-005,1,318,,BM Nagano,,51223,0.03,,,4774
,3895,11/30/2022,Nov-22,Opening Balance Inventory,NCSS-RES-0E3,1,636,,BM Nagano,,51608,0.0008,,,4774
,3895,11/30/2022,Nov-22,Opening Balance Inventory,NCSS-RES-013,1,545,,BM Nagano,,53924,0.0015,,,4774
,3895,11/30/2022,Nov-22,Opening Balance Inventory,NCSS-CON-034,1,164,,BM Nagano,,54496,0.19,,,4774
,3895,11/30/2022,Nov-22,Opening Balance Inventory,NCSS-CON-038,1,167,,BM Nagano,,58333,0.04,,,4774
,3895,11/30/2022,Nov-22,Opening Balance Inventory,NCSS-PL-01B,1,460,,BM Nagano,,61400,0.13,,,4774
,3895,11/30/2022,Nov-22,Opening Balance Inventory,NCSS-RES-00F,1,541,,BM Nagano,,64139,0.0015,,,4774
,3895,11/30/2022,Nov-22,Opening Balance Inventory,NCSS-CAP-028,1,57,,BM Nagano,,69685,0.08634,,,4774
,3895,11/30/2022,Nov-22,Opening Balance Inventory,NCSS-CBL-010,1,136,,BM Nagano,,71978,0.27,,,4774
,3895,11/30/2022,Nov-22,Opening Balance Inventory,NCSS-FLT-002,1,227,,BM Nagano,,72131,0.0285,,,4774
,3895,11/30/2022,Nov-22,Opening Balance Inventory,NCSS-DIO-006,1,186,,BM Nagano,,74156,0.057,,,4774
,3895,11/30/2022,Nov-22,Opening Balance Inventory,NCSS-RES-018,1,551,,BM Nagano,,75933,0.001,,,4774
,3895,11/30/2022,Nov-22,Opening Balance Inventory,NCSS-DIO-02A,1,201,,BM Nagano,,83236,0.0106,,,4774
,3895,11/30/2022,Nov-22,Opening Balance Inventory,NCSS-MNT-00A,1,352,,BM Nagano,,89182,0.055,,,4774
,3895,11/30/2022,Nov-22,Opening Balance Inventory,NCSS-CAP-06C,1,101,,BM Nagano,,92157,0.00195,,,4774
,3895,11/30/2022,Nov-22,Opening Balance Inventory,NCSS-CAP-01B,1,881,,BM Nagano,,94594,0.00183,,,4774
,3895,11/30/2022,Nov-22,Opening Balance Inventory,NCSS-RES-0D6,1,623,,BM Nagano,,100109,0.00132,,,4774
,3895,11/30/2022,Nov-22,Opening Balance Inventory,NCSS-CAP-094,1,129,,BM Nagano,,100121,0.00078,,,4774
,3895,11/30/2022,Nov-22,Opening Balance Inventory,NCSS-RES-0F8,1,648,,BM Nagano,,100123,0.00091,,,4774
,3895,11/30/2022,Nov-22,Opening Balance Inventory,NCSS-MOS-019,1,387,,BM Nagano,,100712,0.0519,,,4774
,3895,11/30/2022,Nov-22,Opening Balance Inventory,NCSS-OSC-00E,1,397,,BM Nagano,,102117,0,,,4774
,3895,11/30/2022,Nov-22,Opening Balance Inventory,NCSS-CAP-003,1,857,,BM Nagano,,102316,0.0023,,,4774
,3895,11/30/2022,Nov-22,Opening Balance Inventory,NCSS-MNT-00E,1,356,,BM Nagano,,102750,0.0025,,,4774
,3895,11/30/2022,Nov-22,Opening Balance Inventory,NCSS-CON-049,1,173,,BM Nagano,,103719,0.24,,,4774
,3895,11/30/2022,Nov-22,Opening Balance Inventory,NCSS-CON-053,1,180,,BM Nagano,,103804,0.188,,,4774
,3895,11/30/2022,Nov-22,Opening Balance Inventory,NCSS-SENS-006,1,684,,BM Nagano,,104254,0.37,,,4774
,3895,11/30/2022,Nov-22,Opening Balance Inventory,NCSS-LED-003,1,336,,BM Nagano,,105869,0.3,,,4774
,3895,11/30/2022,Nov-22,Opening Balance Inventory,NCSS-CAP-046,1,80,,BM Nagano,,108215,0.0307,,,4774
,3895,11/30/2022,Nov-22,Opening Balance Inventory,NCSS-CAP-019,1,54,,BM Nagano,,109191,0.0014,,,4774
,3895,11/30/2022,Nov-22,Opening Balance Inventory,NCSS-RES-0F7,1,647,,BM Nagano,,109921,0.00091,,,4774
,3895,11/30/2022,Nov-22,Opening Balance Inventory,NCSS-PCB-00E,1,406,,BM Nagano,,110604,1.53,,,4774
,3895,11/30/2022,Nov-22,Opening Balance Inventory,NCSS-DRIV-02A,1,219,,BM Nagano,,118598,0.8788,,,4774
,3895,11/30/2022,Nov-22,Opening Balance Inventory,NCSS-RES-0E6,1,639,,BM Nagano,,119209,0.031,,,4774
,3895,11/30/2022,Nov-22,Opening Balance Inventory,NCSS-RES-044,1,586,,BM Nagano,,121039,0.001,,,4774
,3895,11/30/2022,Nov-22,Opening Balance Inventory,NCSS-PCKG-016,1,430,,BM Nagano,,123115,0,,,4774
,3895,11/30/2022,Nov-22,Opening Balance Inventory,NCSS-RES-0F0,1,641,,BM Nagano,,124009,0.0007,,,4774
,3895,11/30/2022,Nov-22,Opening Balance Inventory,NCSS-RES-03D,1,579,,BM Nagano,,124316,0.00085,,,4774
,3895,11/30/2022,Nov-22,Opening Balance Inventory,NCSS-FST-00A,1,237,,BM Nagano,,125435,0.005,,,4774
,3895,11/30/2022,Nov-22,Opening Balance Inventory,NCSS-CAP-037,1,69,,BM Nagano,,125683,0.06,,,4774
,3895,11/30/2022,Nov-22,Opening Balance Inventory,NCSS-RES-055,1,595,,BM Nagano,,126657,0.00127,,,4774
,3895,11/30/2022,Nov-22,Opening Balance Inventory,NCSS-IND-04D,1,301,,BM Nagano,,127487,0.055,,,4774
,3895,11/30/2022,Nov-22,Opening Balance Inventory,NCSS-RES-04C,1,589,,BM Nagano,,128277,0.00083,,,4774
,3895,11/30/2022,Nov-22,Opening Balance Inventory,NCSS-RES-0CD,1,615,,BM Nagano,,129327,0.0056,,,4774
,3895,11/30/2022,Nov-22,Opening Balance Inventory,NCSS-MNT-008,1,350,,BM Nagano,,129542,0.04,,,4774
,3895,11/30/2022,Nov-22,Opening Balance Inventory,NCSS-MOS-018,1,386,,BM Nagano,,130741,0.035,,,4774
,3895,11/30/2022,Nov-22,Opening Balance Inventory,NCSS-ADH-002,1,24,,BM Nagano,,131240,0.03,,,4774
,3895,11/30/2022,Nov-22,Opening Balance Inventory,NCSS-RES-0D7,1,624,,BM Nagano,,135163,0.0376,,,4774
,3895,11/30/2022,Nov-22,Opening Balance Inventory,NCSS-SENS-007,1,685,,BM Nagano,,137760,1.6,,,4774
,3895,11/30/2022,Nov-22,Opening Balance Inventory,NCSS-RES-045,1,587,,BM Nagano,,142291,0.001,,,4774
,3895,11/30/2022,Nov-22,Opening Balance Inventory,NCSS-SENS-005,1,683,,BM Nagano,,142566,0.394,,,4774
,3895,11/30/2022,Nov-22,Opening Balance Inventory,NCSS-RES-01F,1,556,,BM Nagano,,142681,0.0012,,,4774
,3895,11/30/2022,Nov-22,Opening Balance Inventory,NCSS-IND-026,1,278,,BM Nagano,,143338,0.065,,,4774
,3895,11/30/2022,Nov-22,Opening Balance Inventory,NCSS-DIO-030,1,206,,BM Nagano,,145542,0.035,,,4774
,3895,11/30/2022,Nov-22,Opening Balance Inventory,NCSS-IND-01E,1,272,,BM Nagano,,145694,0.06,,,4774
,3895,11/30/2022,Nov-22,Opening Balance Inventory,NCSS-RES-0F9,1,649,,BM Nagano,,147150,0.00084,,,4774
,3895,11/30/2022,Nov-22,Opening Balance Inventory,NCSS-PCB-00A,1,402,,BM Nagano,,147963,0.63,,,4774
,3895,11/30/2022,Nov-22,Opening Balance Inventory,NCSS-DRIV-03B,1,225,,BM Nagano,,150427,2.48,,,4774
,3895,11/30/2022,Nov-22,Opening Balance Inventory,NCSS-RES-0BF,1,610,,BM Nagano,,153175,0.00083,,,4774
,3895,11/30/2022,Nov-22,Opening Balance Inventory,NCSS-DIO-023,1,195,,BM Nagano,,158308,0.064,,,4774
,3895,11/30/2022,Nov-22,Opening Balance Inventory,NCSS-CAP-01C,1,55,,BM Nagano,,162832,0.002,,,4774
,3895,11/30/2022,Nov-22,Opening Balance Inventory,NCSS-CAP-02E,#N/A,60,,BM Nagano,,164976,0.0318,,,4774
,3895,11/30/2022,Nov-22,Opening Balance Inventory,NCSS-RF-012,#N/A,664,,BM Nagano,,166297,0.667,,,4774
,3895,11/30/2022,Nov-22,Opening Balance Inventory,NCSS-IND-027,#N/A,279,,BM Nagano,,169106,0.063,,,4774
,3895,11/30/2022,Nov-22,Opening Balance Inventory,NCSS-RES-016,#N/A,549,,BM Nagano,,179776,0.009,,,4774
,3895,11/30/2022,Nov-22,Opening Balance Inventory,NCSS-RES-07A,#N/A,603,,BM Nagano,,180031,0.00096,,,4774
,3895,11/30/2022,Nov-22,Opening Balance Inventory,NCSS-IND-00A,#N/A,256,,BM Nagano,,183694,0.0143,,,4774
,3895,11/30/2022,Nov-22,Opening Balance Inventory,NCSS-CAP-00D,#N/A,47,,BM Nagano,,184950,0.0065,,,4774
,3895,11/30/2022,Nov-22,Opening Balance Inventory,NCSS-IND-029,#N/A,281,,BM Nagano,,185357,0.0595,,,4774
,3895,11/30/2022,Nov-22,Opening Balance Inventory,NCSS-RF-011,#N/A,663,,BM Nagano,,202637,0.68,,,4774
,3895,11/30/2022,Nov-22,Opening Balance Inventory,NCSS-ADH-003,#N/A,25,,BM Nagano,,204150,0.021,,,4774
,3895,11/30/2022,Nov-22,Opening Balance Inventory,NCSS-MOS-012,#N/A,381,,BM Nagano,,207376,0.03,,,4774
,3895,11/30/2022,Nov-22,Opening Balance Inventory,NCSS-CAP-042,#N/A,76,,BM Nagano,,208185,0.03793,,,4774
,3895,11/30/2022,Nov-22,Opening Balance Inventory,NCSS-IND-041,#N/A,289,,BM Nagano,,209462,0.049,,,4774
,3895,11/30/2022,Nov-22,Opening Balance Inventory,NCSS-RES-054,#N/A,594,,BM Nagano,,209462,0.0024,,,4774
,3895,11/30/2022,Nov-22,Opening Balance Inventory,NCSS-RES-003,#N/A,528,,BM Nagano,,209931,0.0015,,,4774
,3895,11/30/2022,Nov-22,Opening Balance Inventory,NCSS-IND-005,#N/A,251,,BM Nagano,,215875,0.07,,,4774
,3895,11/30/2022,Nov-22,Opening Balance Inventory,NCSS-RES-010,#N/A,542,,BM Nagano,,220645,0.0012,,,4774
,3895,11/30/2022,Nov-22,Opening Balance Inventory,NCSS-DIO-021,#N/A,194,,BM Nagano,,222817,0.0342,,,4774
,3895,11/30/2022,Nov-22,Opening Balance Inventory,NCSS-IND-006,#N/A,252,,BM Nagano,,230236,0.067,,,4774
,3895,11/30/2022,Nov-22,Opening Balance Inventory,NCSS-FST-008,#N/A,235,,BM Nagano,,243411,0.005,,,4774
,3895,11/30/2022,Nov-22,Opening Balance Inventory,NCSS-DIO-02C,#N/A,202,,BM Nagano,,244001,0.04,,,4774
,3895,11/30/2022,Nov-22,Opening Balance Inventory,NCSS-CAP-029,#N/A,894,,BM Nagano,,250326,0.0048,,,4774
,3895,11/30/2022,Nov-22,Opening Balance Inventory,NCSS-IND-025,#N/A,277,,BM Nagano,,261979,0.0947,,,4774
,3895,11/30/2022,Nov-22,Opening Balance Inventory,NCSS-ADH-004,#N/A,26,,BM Nagano,,264100,0.03,,,4774
,3895,11/30/2022,Nov-22,Opening Balance Inventory,NCSS-MNT-00D,#N/A,355,,BM Nagano,,265353,0.02,,,4774
,3895,11/30/2022,Nov-22,Opening Balance Inventory,NCSS-CAP-06F,#N/A,104,,BM Nagano,,270004,0.007,,,4774
,3895,11/30/2022,Nov-22,Opening Balance Inventory,NCSS-IND-004,#N/A,250,,BM Nagano,,284440,0.039,,,4774
,3895,11/30/2022,Nov-22,Opening Balance Inventory,NCSS-FST-009,#N/A,236,,BM Nagano,,287826,0.005,,,4774
,3895,11/30/2022,Nov-22,Opening Balance Inventory,NCSS-IND-03A,#N/A,284,,BM Nagano,,288654,0.0236,,,4774
,3895,11/30/2022,Nov-22,Opening Balance Inventory,NCSS-CAP-00E,#N/A,48,,BM Nagano,,289768,0.01525,,,4774
,3895,11/30/2022,Nov-22,Opening Balance Inventory,NCSS-DIO-02D,#N/A,203,,BM Nagano,,298644,0.02,,,4774
,3895,11/30/2022,Nov-22,Opening Balance Inventory,NCSS-CAP-060,#N/A,94,,BM Nagano,,305542,0.00182,,,4774
,3895,11/30/2022,Nov-22,Opening Balance Inventory,NCSS-MCU-00E,#N/A,2444,,BM Nagano,,312350,1.48,,,4774
,3895,11/30/2022,Nov-22,Opening Balance Inventory,NCSS-MOS-00C,#N/A,375,,BM Nagano,,335441,0.02,,,4774
,3895,11/30/2022,Nov-22,Opening Balance Inventory,NCSS-CAP-05D,#N/A,91,,BM Nagano,,345272,0.002,,,4774
,3895,11/30/2022,Nov-22,Opening Balance Inventory,NCSS-CAP-05A,#N/A,88,,BM Nagano,,358160,0.00183,,,4774
,3895,11/30/2022,Nov-22,Opening Balance Inventory,NCSS-RES-006,#N/A,531,,BM Nagano,,366050,0.00098,,,4774
,3895,11/30/2022,Nov-22,Opening Balance Inventory,NCSS-RES-004,#N/A,529,,BM Nagano,,367012,0.00072,,,4774
,3895,11/30/2022,Nov-22,Opening Balance Inventory,NCSS-OSC-009,#N/A,395,,BM Nagano,,374818,0.24,,,4774
,3895,11/30/2022,Nov-22,Opening Balance Inventory,NCSS-CON-037,#N/A,166,,BM Nagano,,378699,0.0335,,,4774
,3895,11/30/2022,Nov-22,Opening Balance Inventory,NCSS-MOS-00D,#N/A,376,,BM Nagano,,392064,0.0236,,,4774
,3895,11/30/2022,Nov-22,Opening Balance Inventory,NCSS-RF-010,#N/A,662,,BM Nagano,,414903,1.23,,,4774
,3895,11/30/2022,Nov-22,Opening Balance Inventory,NCSS-OSC-008,#N/A,394,,BM Nagano,,430511,0.2,,,4774
,3895,11/30/2022,Nov-22,Opening Balance Inventory,NCSS-CAP-05B,#N/A,89,,BM Nagano,,431058,0.002,,,4774
,3895,11/30/2022,Nov-22,Opening Balance Inventory,NCSS-SENS-003,#N/A,681,,BM Nagano,,439992,0.25,,,4774
,3895,11/30/2022,Nov-22,Opening Balance Inventory,NCSS-SW-001,#N/A,691,,BM Nagano,,461962,0.0705,,,4774
,3895,11/30/2022,Nov-22,Opening Balance Inventory,NCSS-CAP-005,#N/A,40,,BM Nagano,,477020,0.00342,,,4774
,3895,11/30/2022,Nov-22,Opening Balance Inventory,NCSS-CAP-035,#N/A,67,,BM Nagano,,477382,0.03507,,,4774
,3895,11/30/2022,Nov-22,Opening Balance Inventory,NCSS-SENS-004,#N/A,682,,BM Nagano,,485697,0.25,,,4774
,3895,11/30/2022,Nov-22,Opening Balance Inventory,NCSS-OSC-002,#N/A,389,,BM Nagano,,523868,0.23,,,4774
,3895,11/30/2022,Nov-22,Opening Balance Inventory,NCSS-CAP-03B,#N/A,73,,BM Nagano,,528430,0.01464,,,4774
,3895,11/30/2022,Nov-22,Opening Balance Inventory,NCSS-CAP-002,#N/A,38,,BM Nagano,,555947,0.00204,,,4774
,3895,11/30/2022,Nov-22,Opening Balance Inventory,NCSS-CAP-078,#N/A,111,,BM Nagano,,556927,0.00201,,,4774
,3895,11/30/2022,Nov-22,Opening Balance Inventory,NCSS-CAP-034,#N/A,66,,BM Nagano,,557728,0.0253,,,4774
,3895,11/30/2022,Nov-22,Opening Balance Inventory,NCSS-CAP-05E,#N/A,92,,BM Nagano,,585685,0.0091,,,4774
,3895,11/30/2022,Nov-22,Opening Balance Inventory,NCSS-RES-023,#N/A,558,,BM Nagano,,598859,0.00085,,,4774
,3895,11/30/2022,Nov-22,Opening Balance Inventory,NCSS-DIO-02F,#N/A,205,,BM Nagano,,614718,0.0362,,,4774
,3895,11/30/2022,Nov-22,Opening Balance Inventory,NCSS-CAP-015,#N/A,50,,BM Nagano,,631480,0.00771,,,4774
,3895,11/30/2022,Nov-22,Opening Balance Inventory,NCSS-CAP-093,#N/A,128,,BM Nagano,,650178,0.00078,,,4774
,3895,11/30/2022,Nov-22,Opening Balance Inventory,NCSS-IND-03B,#N/A,285,,BM Nagano,,670338,0.0058,,,4774
,3895,11/30/2022,Nov-22,Opening Balance Inventory,NCSS-DIO-029,#N/A,200,,BM Nagano,,687920,0.0373,,,4774
,3895,11/30/2022,Nov-22,Opening Balance Inventory,NCSS-MOS-00A,#N/A,373,,BM Nagano,,711437,0.032,,,4774
,3895,11/30/2022,Nov-22,Opening Balance Inventory,NCSS-IND-039,#N/A,283,,BM Nagano,,751379,0.0088,,,4774
,3895,11/30/2022,Nov-22,Opening Balance Inventory,NCSS-RES-0D2,#N/A,620,,BM Nagano,,754748,0.0083,,,4774
,3895,11/30/2022,Nov-22,Opening Balance Inventory,NCSS-RES-007,#N/A,532,,BM Nagano,,778316,0.00072,,,4774
,3895,11/30/2022,Nov-22,Opening Balance Inventory,NCSS-IND-037,#N/A,282,,BM Nagano,,810139,0.03117,,,4774
,3895,11/30/2022,Nov-22,Opening Balance Inventory,NCSS-MOS-004,#N/A,367,,BM Nagano,,811471,0.02,,,4774
,3895,11/30/2022,Nov-22,Opening Balance Inventory,NCSS-RES-008,#N/A,533,,BM Nagano,,858865,0.00066,,,4774
,3895,11/30/2022,Nov-22,Opening Balance Inventory,NCSS-CAP-05C,#N/A,90,,BM Nagano,,912171,0.00199,,,4774
,3895,11/30/2022,Nov-22,Opening Balance Inventory,NCSS-MCU-007,#N/A,340,,BM Nagano,,933627,2.46,,,4774
,3895,11/30/2022,Nov-22,Opening Balance Inventory,NCSS-CAP-02A,#N/A,58,,BM Nagano,,945860,0.00668,,,4774
,3895,11/30/2022,Nov-22,Opening Balance Inventory,NCSS-CAP-00C,#N/A,46,,BM Nagano,,947602,0.00061,,,4774
,3895,11/30/2022,Nov-22,Opening Balance Inventory,NCSS-CAP-004,#N/A,39,,BM Nagano,,1023685,0.00195,,,4774
,3895,11/30/2022,Nov-22,Opening Balance Inventory,NCSS-LED-001,#N/A,334,,BM Nagano,,1029495,0.07,,,4774
,3895,11/30/2022,Nov-22,Opening Balance Inventory,NCSS-CAP-001,#N/A,37,,BM Nagano,,1045117,0.00169,,,4774
,3895,11/30/2022,Nov-22,Opening Balance Inventory,NCSS-CAP-00F,#N/A,49,,BM Nagano,,1148585,0.15429,,,4774
,3895,11/30/2022,Nov-22,Opening Balance Inventory,NCSS-CAP-016,#N/A,51,,BM Nagano,,1444129,0.00074,,,4774
,3895,11/30/2022,Nov-22,Opening Balance Inventory,NCSS-IND-03E,#N/A,287,,BM Nagano,,1520721,0.09,,,4774
,3895,11/30/2022,Nov-22,Opening Balance Inventory,NCSS-CAP-009,#N/A,43,,BM Nagano,,1623755,0.00183,,,4774
,3895,11/30/2022,Nov-22,Opening Balance Inventory,NCSS-DIO-001,#N/A,181,,BM Nagano,,1708683,0.0128,,,4774
,3895,11/30/2022,Nov-22,Opening Balance Inventory,NCSS-RES-005,#N/A,530,,BM Nagano,,1854273,0.0007,,,4774
,3895,11/30/2022,Nov-22,Opening Balance Inventory,NCSS-RES-015,#N/A,547,,BM Nagano,,1948150,0.0066,,,4774
,3895,11/30/2022,Nov-22,Opening Balance Inventory,NCSS-FLT-004,#N/A,229,,BM Nagano,,2112828,0.0065,,,4774
,3895,11/30/2022,Nov-22,Opening Balance Inventory,NCSS-RES-001,#N/A,525,,BM Nagano,,2630241,0.00115,,,4774
,3895,11/30/2022,Nov-22,Opening Balance Inventory,NCSS-RES-009,#N/A,534,,BM Nagano,,2661912,0.00095,,,4774
,3895,11/30/2022,Nov-22,Opening Balance Inventory,NCSS-CAP-01D,#N/A,56,,BM Nagano,,5240224,0.00915,,,4774
,3895,11/30/2022,Nov-22,Opening Balance Inventory,NCSS-RES-002,#N/A,526,,BM Nagano,,5282245,0.0013,,,4774
,3895,11/30/2022,Nov-22,Opening Balance Inventory,NCSS-CAP-00A,#N/A,44,,BM Nagano,,5565491,0.00207,,,4774
,3895,11/30/2022,Nov-22,Opening Balance Inventory,NCSS-CAP-02D,#N/A,59,,BM Nagano,,8549199,0.02009,,,4774
