entityId,isperson,companyname,category,email,phone,Address1_Addressee,Address1_phone,Address1_line1,Address1_city,Address1_state,Address1_zipCode,Address1_country,Address1_defaultBilling,Address1_defaultShipping,terms,Taxable Status
AEROPRES CORP,No,AEROPRES CORP,2,dpuckett@aeropres.com,(318) 371-6416,AEROPRES CORP,(318) 371-6416,POB 198,SIBLEY,LA,71073,United States,Yes,No,11,Yes
AETHON ENERGY,No,AETHON ENERGY,6,rep.name@aethonenergy.com,2147503833,AETHON ENERGY,2147503833,12377 MERIT DRIVE STE# 1200,DALLAS,TX,75251,United States,Yes,No,2,Yes
AGRIUM US INC.,No,AGRIUM US INC.,3,GAccount@nutrien.com,(806) 468-0670,AGRIUM US INC.,(806) 468-0670,"122 1ST AVENUE S. STE# 500
C/O ACCTS PAYABLE SHARED SERVICE",SAKATOON,SK,S7K 7G3,Canada,Yes,No,2,No
AHLSTROM-MUNKSJO FILTRATION,No,AHLSTROM-MUNKSJO FILTRATION,5,catherine.ault@ahlstrom-munksjo.com,(717) 486-6458,AHLSTROM-MUNKSJO FILTRATION,(717) 486-6458,POB 250,WINDSOR LOCKS,CT,06096-0250,United States,Yes,No,2,No
AIR STAR INC,No,AIR STAR INC,10,jgomez@airstarinc.com,(505) 634-0602,AIR STAR INC,(505) 634-0602,PO BOX 1510,AZTEC,NM,87410,United States,Yes,No,11,Yes
AIRGAS,No,AIRGAS,2,Kim.Irvin@airgas.com,,AIRGAS,,9232 ST VINCENT AVENUE,SHREVEPORT,LA,71106,United States,Yes,No,2,No
AIRGAS (PA),No,AIRGAS (PA),2,ap.invoice.merchantgas@airgas.com,(601) 845-3842,AIRGAS (PA),(601) 845-3842,POB 6610,RADNOR,PA,19087-8675,United States,Yes,No,17,No
ALL PHASE ELECTRIC,No,ALL PHASE ELECTRIC,10,mherrington@apegroves.com,(409) 962-9698,ALL PHASE ELECTRIC,(409) 962-9698,5300 WEST PARKWAY STREET,GROVES,TX,77619,United States,Yes,No,11,No
ALMA PLANTATION,No,ALMA PLANTATION,3,EJarreau@almaplt.com,(225) 627-6666,ALMA PLANTATION,(225) 627-6666,4612 ALMA RD,LAKELAND,LA,70752,United States,Yes,No,2,No
ALMATIS INC,No,ALMATIS INC,2,AP@ALMATIS.COM,(501) 776-4922,ALMATIS INC,(501) 776-4922,4701 ALCOA ROAD,BENTON,AR,72015,United States,Yes,No,17,No
ALPHA PROCESS SALES,No,ALPHA PROCESS SALES,9,terim@alphaps.com,(281) 240-4505,ALPHA PROCESS SALES,(281) 240-4505,12850 E BOURNEWOOD DRIVE,SUGAR LAND,TX,77478,United States,Yes,No,2,No
AMERICAN AUTOCLAVE,No,AMERICAN AUTOCLAVE,8,tina@americanautoclave.com,(706) 692-4480,AMERICAN AUTOCLAVE,(706) 692-4480,93 PIONEER INDUSTRIAL BLVD,JASPER,GA,30143,United States,Yes,No,2,No
AMERICAN CONTROL & ENGINEERING,No,AMERICAN CONTROL & ENGINEERING,8,office@theacesinc.com,(316) 776-7500,AMERICAN CONTROL & ENGINEERING,(316) 776-7500,14433 SW 150TH STREET,ROSE HILL,KS,67133-8078,United States,Yes,No,2,No
AMPINE LLC,No,AMPINE LLC,5,ampineAP@timberproducts.com,(209) 223-6013,AMPINE LLC,(209) 223-6013,11610 AMPINE FIBERFORM ROAD,SUTTER CREEK,CA,95685,United States,Yes,No,2,Yes
AMVAC,No,AMVAC,2,AVD@invoices.corcentric.com,(323) 526-2321,AMVAC,(323) 526-2321,POB 13714,PHILADELPHIA,PA,19101,United States,Yes,No,2,Yes
ANDERSON REGIONAL JOINT WATER,No,ANDERSON REGIONAL JOINT WATER,4,jmerritt@arjwater.com,(864) 332-6534,ANDERSON REGIONAL JOINT WATER,(864) 332-6534,998 HUNTERS TRAIL,ANDERSON,SC,29625,United States,Yes,No,2,No
ANMAR METROLOGY,No,ANMAR METROLOGY,10,tina.vizzard@transcat.com,(858) 621-2630,ANMAR METROLOGY,(858) 621-2630,7726 ARJONS DRIVE,SAN DIEGO,CA,92126,United States,Yes,No,2,Yes
ANR PIPELINE,No,ANR PIPELINE,6,invoices_US@tcenergy.com,(832) 320-5357,ANR PIPELINE,(832) 320-5357,2255 WEST US 20,LA GRANGE,IN,46761,United States,Yes,No,2,No
APC OF NEW YORK,No,APC OF NEW YORK,5,kayla.bellman@proampac.com,3153844225,APC OF NEW YORK,3153844225,POB 756,NORFOLK,NY,13667,United States,Yes,No,2,Yes
APC PAPER COMPANY,No,APC PAPER COMPANY,5,kim.stone@proampac.com,(603) 542-6330.114,APC PAPER COMPANY,(603) 542-6330.114,130 SULLIVAN STREET,CLAREMONT,NH,03743,United States,Yes,No,2,No
APPLIED INDUSTRIAL TECHNOLOGIES,No,APPLIED INDUSTRIAL TECHNOLOGIES,10,va@applied.com,(304) 746-2012,APPLIED INDUSTRIAL TECHNOLOGIES,(304) 746-2012,POB 93018,CLEVELAND,OH,44101-5018,United States,Yes,No,2,Yes
ARCADIA OILFIELD SUPPLY,No,ARCADIA OILFIELD SUPPLY,10,regan.campbell@arcadiaoilfieldsupply.com,(318) 263-8547,ARCADIA OILFIELD SUPPLY,(318) 263-8547,POB 89,ARCADIA,LA,71001,United States,Yes,No,11,No
ARKANSAS ELECTRIC,No,ARKANSAS ELECTRIC,4,adam.mason@aecc.com,(501) 897-5212,ARKANSAS ELECTRIC,(501) 897-5212,"HARRY L OSWALD GEN STATION
17400 HWY 365 S",LITTLE ROCK,AR,72206,United States,Yes,No,2,Yes
ARROW PUMP,No,ARROW PUMP,10,sales@arrowpump.net,(405) 382-0644,ARROW PUMP,(405) 382-0644,1460 W WRANGLER BLVD,SEMINOLE,OK,74868,United States,Yes,No,2,No
ASPEN FLOW CONTROL,No,ASPEN FLOW CONTROL,9,jacki@aspenflow.com,(918) 933-5617,ASPEN FLOW CONTROL,(918) 933-5617,POB 140238,BROKEN ARROW,OK,74014,United States,Yes,No,2,No
AURIGA POLYMERS INC,No,AURIGA POLYMERS INC,2,apinvoice.auriga@in.indorama.net,(888) 406-5058,AURIGA POLYMERS INC,(888) 406-5058,POB 5887,SPARTANBURG,SC,29304,United States,Yes,No,2,No
AURORA ENERGY LLC,No,AURORA ENERGY LLC,4,Reggleston@auroraenergyak.com,(907) 452-8767,AURORA ENERGY LLC,(907) 452-8767,"100 CUSHMAN STREET
STE. 210",FAIRBANKS,AK,99701,United States,Yes,No,11,No
AUTOMATION PLUS PVT LTD,No,AUTOMATION PLUS PVT LTD,10,rhoskins@sullivanprocess.com,,AUTOMATION PLUS PVT LTD,,"112 SEKE RD GRANITESIDE
HARARE",ZIMBABWE,AFRICA,,ZIMBABWE,Yes,No,2,Yes
AVP VALVE INC,No,AVP VALVE INC,10,ap@AVPvalve.com,(863) 709-0455,AVP VALVE INC,(863) 709-0455,104 W BRANNEN ROAD,LAKELAND,FL,33813,United States,Yes,No,2,No
AZOTA GAS PROCESSING LTD,No,AZOTA GAS PROCESSING LTD,8,INVOICES@AZOTALTD.COM,,AZOTA GAS PROCESSING LTD,,9800 CENTRE PKWY STE# 900,HOUSTON,TX,77036,United States,Yes,No,2,No
"B.E. CROWLEY, INCORPORATED",No,"B.E. CROWLEY, INCORPORATED",10,diane@becrowley.com,(413) 737-0263,"B.E. CROWLEY, INCORPORATED",(413) 737-0263,P.O. BOX 3066,SPRINGFIELD,MA,01101,United States,Yes,No,2,Yes
BARSATECH. INC,No,BARSATECH. INC,10,ntheriault@barsatech.ca,(418) 697-7777,BARSATECH. INC,(418) 697-7777,3415 AVENUE DU PORT,SAGUENAY,LA BAIE,G7B 0H2,Canada,Yes,No,2,Yes
BAY VALVE SERVICE,No,BAY VALVE SERVICE,10,ap0400@iss-na.com,(206) 267-3900,BAY VALVE SERVICE,(206) 267-3900,4385 SOUTH 133RD STREET,TUKWILA,WA,98168,United States,Yes,No,2,No
BBP SALES LLC,No,BBP SALES LLC,10,accounting@bbpsales.com,(225) 751-4142,BBP SALES LLC,(225) 751-4142,337 HIGHLANDIA DR,BATON ROUGE,LA,70810,United States,Yes,No,2,No
BC OILFIELD SERVICES,No,BC OILFIELD SERVICES,10,richard@bcosi.com,(351) 573-6355,BC OILFIELD SERVICES,(351) 573-6355,POB 5033,VICTORIA,TX,77903,United States,Yes,No,11,No
BDI USA,No,BDI USA,10,APinvoices@BDIworldwide.com,,BDI USA,,PO BOX 458035,WESTLAKE,OH,44145,United States,Yes,No,2,Yes
BEACON WEST ENERGY GROUP,No,BEACON WEST ENERGY GROUP,10,invoices@beacon-west.com,(805) 395-9747,BEACON WEST ENERGY GROUP,(805) 395-9747,"1145 EUGENIA PLACE
STE# 101 ATTN: A/P DEPT",CARPINTERIA,CA,93013,United States,Yes,No,2,No
BIG RIVERS ELECTRIC CORP,No,BIG RIVERS ELECTRIC CORP,4,tonja.hay@bigrivers.com,(270) 844-6147,BIG RIVERS ELECTRIC CORP,(270) 844-6147,"D.B. WILSON STATION
5663 STATE ROUTE 85 WEST",CENTERTOWN,KY,42328,United States,Yes,No,2,No
BITTER END TRADING,No,BITTER END TRADING,10,bitterendtrading@gmail.com,(603) 763-9777,BITTER END TRADING,(603) 763-9777,POB 215,ELKINS,NH,03233,United States,Yes,No,2,Yes
BK ENERGY SERVICES LLC,No,BK ENERGY SERVICES LLC,10,bkenergyservices@gmail.com,3182513226 x115,BK ENERGY SERVICES LLC,3182513226 x115,3936 RIDGE ROAD,CASTOR,LA,71016,United States,Yes,No,2,No
BLACK BEAR MIDSTREAM,No,BLACK BEAR MIDSTREAM,6,ap@blackbearmidstream.com,(281) 407-2711,BLACK BEAR MIDSTREAM,(281) 407-2711,POB 55948,HOUSTON,TX,77255,United States,Yes,No,2,No
BLACK BEAR TRANSMISSION LLC,No,BLACK BEAR TRANSMISSION LLC,6,,(318) 665-4426,BLACK BEAR TRANSMISSION LLC,(318) 665-4426,910 LOUISIANA STREET STE# 240,HOUSTON,TX,77002,United States,Yes,No,2,Yes
BLACKSTONE STATION,No,BLACKSTONE STATION,3,carol_coelho@harvard.edu,(617) 496-2892,BLACKSTONE STATION,(617) 496-2892,"HARVARD UNIVERSITY
46 BLACKSTONE STREET",CAMBRIDGE,MA,02139,United States,Yes,No,2,No
"Blue Ridge Fiberboard, Inc.",No,"Blue Ridge Fiberboard, Inc.",5,tyeatts@blueridgefiberboard.com,(434) 797-1321,"Blue Ridge Fiberboard, Inc.",(434) 797-1321,250 Celotex Dr,Danville,VA,24541,United States,Yes,No,2,No
BLUECREST ALASKA OPERATING LLC,No,BLUECREST ALASKA OPERATING LLC,6,AP@Bluecrestenergy.com,(281) 664-7222,BLUECREST ALASKA OPERATING LLC,(281) 664-7222,"3301 C STREET 
STE# 202",ANCHORAGE,AK,99503,United States,Yes,No,2,No
BOILER ROOM SERVICES,No,BOILER ROOM SERVICES,10,boileroomservice@aol.com,(712) 281-4584,BOILER ROOM SERVICES,(712) 281-4584,15 DORCHESTER ROAD,SIOUX CITY,IA,51106,United States,Yes,No,2,No
BOILER SUPPLY,No,BOILER SUPPLY,10,payables@boisco.com,(800) 849-5001,BOILER SUPPLY,(800) 849-5001,POB 40225,NASHVILLE,TN,37204,United States,Yes,No,2,No
BOISE CASCADE,No,BOISE CASCADE,5,submitinvoice@bc.com,318-586-8200,BOISE CASCADE,318-586-8200,POB 8187,BOISE,ID,83707-2187,United States,Yes,No,2,No
BPM,No,BPM,10,,,BPM,,200 W FRONT STREET,PESTIGO,WI,54157,United States,Yes,No,2,No
BPS SUPPLY GROUP,No,BPS SUPPLY GROUP,10,ap@bpssg.com,(832) 310-2368,BPS SUPPLY GROUP,(832) 310-2368,POB 639,BAKERSFIELD,CA,93302,United States,Yes,No,2,No
BPX PRODUCTION COMPANY,No,BPX PRODUCTION COMPANY,6,Trace.Mandino@bpx.com,(866) 627-3287,BPX PRODUCTION COMPANY,(866) 627-3287,501 WESTLAKE PARK BLVD,HOUSTON,TX,77079,United States,Yes,No,3,Yes
BRADFORD SUPPLY,No,BRADFORD SUPPLY,10,dave@bradfordsupplyinc.com,(740) 886-4442,BRADFORD SUPPLY,(740) 886-4442,1216 STATE ROUTE 775,PROCTORVILLE,OH,45669,United States,Yes,No,2,No
BRANCH ENERGY,No,BRANCH ENERGY,6,rlawson@branch-energy.com,(903) 892-2625,BRANCH ENERGY,(903) 892-2625,880 PLAINVIEW ROAD,SHERMAN,TX,75092,United States,Yes,No,2,No
BRANDON SERVICE CO,No,BRANDON SERVICE CO,10,gwatts@brandonservice.com,(601) 373-6363,BRANDON SERVICE CO,(601) 373-6363,POB 6464,JACKSON,MS,39282-6464,United States,Yes,No,2,No
BREWSTER PROCUREMENT GROUP,No,BREWSTER PROCUREMENT GROUP,10,orders@brewsterprocurement.com,(337) 291-9009,BREWSTER PROCUREMENT GROUP,(337) 291-9009,401 WEST MAIN STREET,LAFAYETTE,LA,70501,United States,Yes,No,2,Yes
BRYAN TEXAS UTILITIES,No,BRYAN TEXAS UTILITIES,4,ap@btutilities.com,(979) 821-5947,BRYAN TEXAS UTILITIES,(979) 821-5947,POB 1000,BRYAN,TX,77805,United States,Yes,No,2,No
BYIS MANUFACTURING LLC,No,BYIS MANUFACTURING LLC,8,byisoffice@cox.net,(620) 221-4603,BYIS MANUFACTURING LLC,(620) 221-4603,318 CEDAR LANE,WINFIELD,KS,67156,United States,Yes,No,2,No
CABOT NORIT AMERICAS,No,CABOT NORIT AMERICAS,2,cabotnorit.invoices@cabotcorp.com,(903) 923-1000,CABOT NORIT AMERICAS,(903) 923-1000,3200 UNIVERSITY AVENUE,MARSHALL,TX,75670,United States,Yes,No,2,No
CALIBER VALVE & CONTROLS,No,CALIBER VALVE & CONTROLS,10,treed@calibervalve.com,(337) 602-6481,CALIBER VALVE & CONTROLS,(337) 602-6481,6896 HWY 90 EAST,LAKE CHARLES,LA,70615,United States,Yes,No,2,No
CALUMET REFINING CO,No,CALUMET REFINING CO,2,calumetrefap@calumetspecialty.com,(318) 706-7032,CALUMET REFINING CO,(318) 706-7032,"2780 WATERFRONT PKWY 
EAST DRIVE",INDIANAPOLIS,IN,46214,United States,Yes,No,2,No
CANES MIDSTREAM G&P LLC,No,CANES MIDSTREAM G&P LLC,6,ap@canesmidstream.com,(469) 290-4100,CANES MIDSTREAM G&P LLC,(469) 290-4100,2000 MCKINNEY AVENUE SUITE 400,DALLAS,TX,75201,United States,Yes,No,2,No
CAPITAL VALVE SERVICE,No,CAPITAL VALVE SERVICE,10,captalvalveservice@gmail.com,(215) 288-5800,CAPITAL VALVE SERVICE,(215) 288-5800,2525 ORTHODOX STREET,PHILADELPHIA,PA,19137,United States,Yes,No,2,No
CARBERY GROUP,No,CARBERY GROUP,3,payables@carbery.com,,CARBERY GROUP,,BALLINEEN,CO CORK,Cork,P47 YW77,Ireland,Yes,No,11,Yes
CCS INDUSTRIAL SERVICES,No,CCS INDUSTRIAL SERVICES,10,nathan@ccsservices.us,(769) 456-2002,CCS INDUSTRIAL SERVICES,(769) 456-2002,31 DAVID SWAN LANE,PURVIS,MS,39475,United States,Yes,No,2,Yes
CDK INDUSTRIAL SOLUTIONS,No,CDK INDUSTRIAL SOLUTIONS,10,marty@cdkindustrial.com,(601) 664-2171,CDK INDUSTRIAL SOLUTIONS,(601) 664-2171,608 ELDORADO ROAD STE# 34,PEARL,MS,39208,United States,Yes,No,2,Yes
CELANESE LTD,No,CELANESE LTD,2,tracy.kirkwood@celanese.com,(281) 474-6200,CELANESE LTD,(281) 474-6200,9502 BAY PORT BLVD,PASADENA,TX,77507,United States,Yes,No,11,Yes
CENTERPOINT ENERGY.,No,CENTERPOINT ENERGY.,4,shawn.thomas@centerpointenergy.com,(318) 429-3886,CENTERPOINT ENERGY.,(318) 429-3886,POB 1374,HOUSTON,TX,77251,United States,Yes,No,2,Yes
CENTRAL STATES IND. SUPPLY,No,CENTRAL STATES IND. SUPPLY,10,acctpy@csgmail.com,(402) 894-1003,CENTRAL STATES IND. SUPPLY,(402) 894-1003,8720 S 137TH CIRCLE,OMAHA,NE,68138,United States,Yes,No,2,No
CERTAINTEED LLC,No,CERTAINTEED LLC,5,NA-APinvoices@saint-gobain.com,(318) 677-2705,CERTAINTEED LLC,(318) 677-2705,POB 2864,CLINTON,IA,52733-2864,United States,Yes,No,11,Yes
CHALMERS & KUBECK SOUTH,No,CHALMERS & KUBECK SOUTH,10,jfeaster@candksouth.com,803-791-6012 EXT# 2507,CHALMERS & KUBECK SOUTH,803-791-6012 EXT# 2507,1125 WALTER PRICE STREET,CAYCE,SC,29033,United States,Yes,No,11,Yes
CHAMPIONX LLC,No,CHAMPIONX LLC,2,1401GV@championx.com,(979) 239-5839,CHAMPIONX LLC,(979) 239-5839,POB 557,CHESTERTON,IN,46304,United States,Yes,No,2,Yes
CHARGER ENERGY SERVICES,No,CHARGER ENERGY SERVICES,8,cfree@chargerenergyservices.com,(432) 687-1848,CHARGER ENERGY SERVICES,(432) 687-1848,POB 80865,MIDLAND,TX,79708,United States,Yes,No,2,No
CHART INDUSTRIES,No,CHART INDUSTRIES,8,kristie.vice@chartindustries.com,(713) 413-3000,CHART INDUSTRIES,(713) 413-3000,55 SOUTHBELT INDUSTRIAL DR,HOUSTON,TX,77047-7011,United States,Yes,No,11,Yes
CHEMAC CO,No,CHEMAC CO,10,chemac@chemacvalveautomation.com,(304) 744-1166,CHEMAC CO,(304) 744-1166,326 7TH AVENUE,SOUTH CHARLESTON,WV,25303,United States,Yes,No,2,No
CHEMTRADE SOLUTIONS,No,CHEMTRADE SOLUTIONS,10,ebest@chemtradelogistics.com,(360) 299-1566,CHEMTRADE SOLUTIONS,(360) 299-1566,8579 NORTH TEXAS ROAD,ANACORTES,WA,98221-8603,United States,Yes,No,17,Yes
CHEYENNE PETROLEUM,No,CHEYENNE PETROLEUM,6,bhampton@cheypet.com,,CHEYENNE PETROLEUM,,1400 QUAIL SPRINGS PKWY STE# 2200,OKLAHOMA CITY,OK,73134,United States,Yes,No,2,No
CHURCH & DWIGHT CO.,No,CHURCH & DWIGHT CO.,2,APOFCHD@churchdwight.com,4199924244,CHURCH & DWIGHT CO.,4199924244,2501 E County Rd 34,Old Fort,OH,44861,United States,Yes,No,3,Yes
"CIC, INC",No,"CIC, INC",10,kirk@cicpro.com,(704) 786-1700,"CIC, INC",(704) 786-1700,7950 WEST WINDS BLVD,CONCORD,NC,28027,United States,Yes,No,2,No
Cima Controls Company,No,Cima Controls Company,10,wcolina@cimacontrolscompany.com,(281) 650-3968,Cima Controls Company,(281) 650-3968,"9119 Hwy 6 South, #230",Missouri City,TX,77459,United States,Yes,No,11,No
CITGO,No,CITGO,2,,(409) 926-4104,CITGO,(409) 926-4104,POB 698,SOUR LAKE,TX,77659,United States,Yes,No,2,Yes
CITY OF CLEMSON,No,CITY OF CLEMSON,4,sramey@cityofclemson.org,8646532046 op#3,CITY OF CLEMSON,8646532046 op#3,300 COCHRAN ROAD,CLEMSON,SC,29631,United States,Yes,No,2,Yes
CITY OF MARSHALL,No,CITY OF MARSHALL,4,JMcClendon@marshalltexas.net,,CITY OF MARSHALL,,POB 698,MARSHALL,TX,75671,United States,Yes,No,2,No
CITY OF MINDEN,No,CITY OF MINDEN,4,,3183771212.00,CITY OF MINDEN,3183771212,POB 580,Minden,LA,,United States,Yes,No,2,No
CIVITAS RESOURCES,No,CIVITAS RESOURCES,6,royalties@civiresources.com,(720) 440-6100,CIVITAS RESOURCES,(720) 440-6100,"c/o CIVITAS RESOURCES
555 17TH STREET STE# 3700",DENVER,CO,80202,United States,Yes,No,11,No
Clean Combustion Inc,No,Clean Combustion Inc,10,,(281) 705-6958,Clean Combustion Inc,(281) 705-6958,"POB 890
14210 Highway 146",Dayton,TX,77580,United States,Yes,No,11,Yes
CLEAN HARBORS,No,CLEAN HARBORS,10,means.patty@cleanharbors.com,,CLEAN HARBORS,,309 AMERICAN CIRCLE,EL DORADO,AR,71730,United States,Yes,No,2,Yes
CLECO POWER LLC,No,CLECO POWER LLC,4,apinvoices@cleco.com,(318) 793-1133,CLECO POWER LLC,(318) 793-1133,POB 4387,PINEVILLE,LA,71361-4387,United States,Yes,No,2,Yes
CLEVELAND VALVE & GAUGE,No,CLEVELAND VALVE & GAUGE,10,ap@fcxperformance.com,(216) 362-1702,CLEVELAND VALVE & GAUGE,(216) 362-1702,3000 E 14TH AVENUE,COLUMBUS,OH,43219,United States,Yes,No,2,Yes
CMC STEEL NEW JERSEY,No,CMC STEEL NEW JERSEY,3,Mackenzie.fornville@cmc.com,(732) 401-1157,CMC STEEL NEW JERSEY,(732) 401-1157,"POB 139094
A/P SHARED SERVICES",DALLAS,TX,75313-9094,United States,Yes,No,11,Yes
CMS ENGINEERED PRODUCTS LLC,No,CMS ENGINEERED PRODUCTS LLC,10,info@cmsengineeredproducts.com,(317) 292-2914,CMS ENGINEERED PRODUCTS LLC,(317) 292-2914,235 W 54TH STREET,INDIANAPOLIS,IN,46208,United States,Yes,No,2,No
COASTAL FLOW MEASUREMENT,No,COASTAL FLOW MEASUREMENT,10,apinvoices@quorumsoftware.com,(713) 430-8600,COASTAL FLOW MEASUREMENT,(713) 430-8600,22210 MCCLESKEY ROAD,NEW CANEY,TX,77357,United States,Yes,No,2,No
COASTAL STRUCTURES,No,COASTAL STRUCTURES,8,jacob@coastalstructures.com,,COASTAL STRUCTURES,,407 CHURCH STREET UNIT J,GEORGETOWN,SC,29440,United States,Yes,No,2,Yes
COKE MACHINE CO (DBA CMI VALVE),No,COKE MACHINE CO (DBA CMI VALVE),10,accounting@cmi-valve.com,(713) 724-8277,COKE MACHINE CO (DBA CMI VALVE),(713) 724-8277,P.O. BOX 1925,STAFFORD,TX,77497,United States,Yes,No,2,No
COLLINS PRODUCTS LLC,No,COLLINS PRODUCTS LLC,5,CP-AP@collinsCo.com,(503) 471-5264,COLLINS PRODUCTS LLC,(503) 471-5264,"6410 HWY 66 
AP",KLAMATH FALLS,OR,97601,United States,Yes,No,2,Yes
COLUMBUS RUBBER AND GASKET,No,COLUMBUS RUBBER AND GASKET,10,angie@columbusrandg.com,(662) 328-7687,COLUMBUS RUBBER AND GASKET,(662) 328-7687,POB 2206,COLUMBUS,MS,39704,United States,Yes,No,2,Yes
"COM-PAC SYSTEMS, INC",No,"COM-PAC SYSTEMS, INC",8,kristin@compressorpackaging.com,4323324515,"COM-PAC SYSTEMS, INC",4323324515,2412 S MARKET STREET,ODESSA,TX,79766,United States,Yes,No,2,No
CONSOLIDATED NUCLEAR SECURITY LLC,No,CONSOLIDATED NUCLEAR SECURITY LLC,8,,,CONSOLIDATED NUCLEAR SECURITY LLC,,POB 2009,OAK RIDGE,TN,37831-8265,United States,Yes,No,2,No
CONTINENTAL CARBON CO,No,CONTINENTAL CARBON CO,2,apponca@continentalcarbon.com,(281) 647-3732,CONTINENTAL CARBON CO,(281) 647-3732,1006 E OAKLAND AVE,PONCA CITY,OK,74601,United States,Yes,No,2,No
"Control Integral Alfa, S.A. DE C.V.",No,"Control Integral Alfa, S.A. DE C.V.",10,ciacontrolac@aim.com,(956) 843-8289,"Control Integral Alfa, S.A. DE C.V.",(956) 843-8289,LA BARCA #805 COL. MITRAS SUR,MONTERREY N.L.,MEXICO,64020,United States,Yes,No,11,Yes
CONTROL PLUS INC,No,CONTROL PLUS INC,10,kclark@controlplus.com,(706) 860-6900,CONTROL PLUS INC,(706) 860-6900,POB 16455,AUGUSTA,GA,30919-2455,United States,Yes,No,2,Yes
CONTROL VALVE SOLUTIONS LTD,No,CONTROL VALVE SOLUTIONS LTD,10,,,CONTROL VALVE SOLUTIONS LTD,,"UNIT 7 MINTO PLACE
MINTO COMMERCIAL PARK",ABERDEEN,,AB12 3SN,Scotland,Yes,No,11,Yes
"Control-Tech, Inc.",No,"Control-Tech, Inc.",10,AP@CONTROL-TECHINC.COM,3096921029,"Control-Tech, Inc.",3096921029,8938 N Prairie Pt,Peoria,IL,61615,United States,Yes,No,2,No
COUNTRYMARK REFINING & LOGISTICS,No,COUNTRYMARK REFINING & LOGISTICS,2,APRL@countrymark.com,8128388144,COUNTRYMARK REFINING & LOGISTICS,8128388144,1200 REFINERY RD,VERNON,IN,47620,United States,Yes,No,2,No
CRAIG INTERNATIONAL SUPPLIES,No,CRAIG INTERNATIONAL SUPPLIES,10,Erica.Sims@craig-group.com,(281) 710-9180,CRAIG INTERNATIONAL SUPPLIES,(281) 710-9180,1704 RANKIN ROAD STE# 190,HOUSTON,TX,77073,United States,Yes,No,2,No
CROWN MIDSTREAM,No,CROWN MIDSTREAM,6,ed.fuller@crownmidstream.com,5803612217,CROWN MIDSTREAM,5803612217,RT 1 BOX 109,BALKO,OK,73931,United States,Yes,No,2,No
CRT-CHEMICAL REFINING & TERMINAL SERVICES,No,CRT-CHEMICAL REFINING & TERMINAL SERVICES,10,accounting@crt-usa.com,(713) 589-1133,CRT-CHEMICAL REFINING & TERMINAL SERVICES,(713) 589-1133,15820 LORENZO ST.,CHANNELVIEW,TX,77530,United States,Yes,No,2,Yes
CUSTOM HOSE & SUPPLY,No,CUSTOM HOSE & SUPPLY,10,lori@customhosellc.com,(903) 389-7208,CUSTOM HOSE & SUPPLY,(903) 389-7208,POB 679,PALESTINE,TX,75802,United States,Yes,No,2,No
CUSTOM VALVE REPAIR,No,CUSTOM VALVE REPAIR,10,accountspay@custom-valve.com,(724) 652-9041,CUSTOM VALVE REPAIR,(724) 652-9041,RD #1 BOX 271,NEW CASTLE,PA,16101,United States,Yes,No,2,Yes
DANCHEM,No,DANCHEM,8,dtiinvoices@danchem.com,(434) 797-8120,DANCHEM,(434) 797-8120,1975 OLD RICHMOND RD,DANVILLE,VA,24540,United States,Yes,No,2,Yes
DESOTO GATHERING CO LLC,No,DESOTO GATHERING CO LLC,6,jennifer.bennett@flywheelenergy.com,(405) 702-6991,DESOTO GATHERING CO LLC,(405) 702-6991,"621 N ROBINSON AVE
SUITE 300",OKLAHOMA CITY,OK,73102,United States,Yes,No,2,No
DISTRIBUTION NOW,No,DISTRIBUTION NOW,1,victor.merritt@dnow.com,(903) 693-2596,DISTRIBUTION NOW,(903) 693-2596,114 WILSON STREET,CARTHAGE,TX,75633,United States,Yes,No,11,No
DIVERSIFIED CONTROLS INC.,No,DIVERSIFIED CONTROLS INC.,10,invoices@diversifiedcontrolsinc.com,(770) 932-5844,DIVERSIFIED CONTROLS INC.,(770) 932-5844,"3640 BURNETTE PARK DRIVE SUITE ""B""",SUWANEE,GA,30024,United States,Yes,No,2,Yes
DIVERSIFIED GAS & OIL,No,DIVERSIFIED GAS & OIL,6,aweaver@dgoc.com,,DIVERSIFIED GAS & OIL,,121 EXCO PVT DRIVE,GRAND CANE,LA,71030,United States,Yes,No,11,Yes
DK/AMANS VALVE & SUPPLY,No,DK/AMANS VALVE & SUPPLY,10,Dosano.Delo@Teaminc.com,(562) 529-8400,DK/AMANS VALVE & SUPPLY,(562) 529-8400,2407 E ARTESIA BLVD,LONG BEACH,CA,90805,United States,Yes,No,2,No
DNOW L.P.,No,DNOW L.P.,1,bryanna.lunsford@dnow.com,,DNOW L.P.,,"P.O. BOX
Attn: Distribution AP",HOUSTON,TX,77240-0985,United States,Yes,No,2,Yes
DOMINION ENERGY,No,DOMINION ENERGY,4,paul.grandy@dominionenergy.com,(803) 827-2544,DOMINION ENERGY,(803) 827-2544,100 URQUHART DRIVE,BEACH ISLAND,SC,29842,United States,Yes,No,11,Yes
DOMTAR INDUSTRIES,No,DOMTAR INDUSTRIES,5,ashdownapinvoices@domtar.com,(870) 898-2711,DOMTAR INDUSTRIES,(870) 898-2711,285 HWY 71 S,ASHDOWN,AR,71822,United States,Yes,No,16,No
DOUBLE B CUBED LLC,No,DOUBLE B CUBED LLC,10,cbrown@legacyfcp.com,,DOUBLE B CUBED LLC,,POB 9847,MIDLAND,TX,79708,United States,Yes,No,2,No
DR. REDDY,No,DR. REDDY,3,suzanne.Traylor@drreddys.com,(318) 861-8392,DR. REDDY,(318) 861-8392,8800 LINE AVENUE,SHREVEPORT,LA,71106,United States,Yes,No,2,Yes
DRILLING SPECIALTIES DIV OF CHEVRON PHILIPS,No,DRILLING SPECIALTIES DIV OF CHEVRON PHILIPS,2,HALLSA@CPCHEM.COM,(225) 717-4088,DRILLING SPECIALTIES DIV OF CHEVRON PHILIPS,(225) 717-4088,5450 JEFFERSON CHEMICAL ROAD,CONROE,TX,77301,United States,Yes,No,11,Yes
DRIVETECH AUTOMATION,No,DRIVETECH AUTOMATION,10,SALES@DRIVETECHONLINE.COM,(954) 746-9800,DRIVETECH AUTOMATION,(954) 746-9800,5401 NW 102ND AVE. #146,SUNRISE,FL,33351,United States,Yes,No,2,No
DUKE ENERGY PROGRESS,No,DUKE ENERGY PROGRESS,4,SupplierServices@duke-energy.com,(812) 386-4383,DUKE ENERGY PROGRESS,(812) 386-4383,POB 37929 ST25B,CHARLOTTE,NC,28237,United States,Yes,No,2,No
DUNCAN COMPANY,No,DUNCAN COMPANY,10,PAYABLES@DUNCANCO.COM,(612) 331-1776,DUNCAN COMPANY,(612) 331-1776,425 HOOVER STREET NE,MINNEAPOLIS,MN,55413,United States,Yes,No,2,No
DXP ENTERPRISES 1908,No,DXP ENTERPRISES 1908,10,Accountspayable@dxpe.com,(903) 531-6033,DXP ENTERPRISES 1908,(903) 531-6033,POB 2892,CLINTON,IA,52733-2892,United States,Yes,No,17,No
EADS/EPSCO,No,EADS/EPSCO,9,ap@fcxperformance.com,(614) 253-1996,EADS/EPSCO,(614) 253-1996,3000 E 14TH AVENUE,COLUMBUS,OH,43219,United States,Yes,No,2,No
EAST BAY MUD/EBMUD,No,EAST BAY MUD/EBMUD,4,warren.taylor@ebmud.com,(209) 772-8213,EAST BAY MUD/EBMUD,(209) 772-8213,1804 W. MAIN ST,STOCKTON,CA,95203,United States,Yes,No,11,Yes
EASTMAN GAS CO,No,EASTMAN GAS CO,2,tonyc@fairplaygas.com,(903) 806-4757,EASTMAN GAS CO,(903) 806-4757,POB 2851,LONGVIEW,TX,75606,United States,Yes,No,11,Yes
ECO SERVICES OPERATIONS,No,ECO SERVICES OPERATIONS,2,AP@eco-services.com,(225) 359-3713,ECO SERVICES OPERATIONS,(225) 359-3713,POB 830,VALLEY FORGE,PA,19482,United States,Yes,No,2,Yes
EDGEN MURRAY CORP,No,EDGEN MURRAY CORP,1,apnotify@edgenmurray.com,(225) 756-9868,EDGEN MURRAY CORP,(225) 756-9868,POB 84160,BATON ROUGE,LA,70884,United States,Yes,No,2,No
ELEMENTIS GLOBAL LLC,No,ELEMENTIS GLOBAL LLC,2,accounts.payable.na@elementis.com,(910) 675-7280,ELEMENTIS GLOBAL LLC,(910) 675-7280,469 OLD TRENONT ROAD BLDG 100,EAST WINDSOR,NJ,08512,United States,Yes,No,17,Yes
ELITE SUPPLY PARTNERS INC,No,ELITE SUPPLY PARTNERS INC,10,deborah.mcvay@elitesupplypartners.com,(817) 599-3889,ELITE SUPPLY PARTNERS INC,(817) 599-3889,PO BOX 2112,ODESSSA,TX,79760,United States,Yes,No,2,Yes
ENABLE MIDSTREAM PARTNERS,No,ENABLE MIDSTREAM PARTNERS,6,APInvoiceSETp.mailbox@energytransfer.com,(318) 698-6424,ENABLE MIDSTREAM PARTNERS,(318) 698-6424,POB 258853,OKLAHOMA CITY,OK,73125,United States,Yes,No,2,No
ENBRIDGE PIPELINE,No,ENBRIDGE PIPELINE,6,apinvoicesubmission@midcoastenergy.com,903-860-2125,ENBRIDGE PIPELINE,903-860-2125,5400 WESTHEIMER COURT,HOUSTON,TX,77002,United States,Yes,No,2,No
ENERCORP,No,ENERCORP,10,rnorred@enercop.net,,ENERCORP,,175 P.R. 7335,DEBERRY,TX,75639,United States,Yes,No,11,Yes
ENERFIN RESOURCES,No,ENERFIN RESOURCES,6,ap@enerfin.com,(713) 888-8615,ENERFIN RESOURCES,(713) 888-8615,POB 472,SEMINOLE,OK,74818-0472,United States,Yes,No,2,Yes
ENERFLEX MIDDLE EAST LLC,No,ENERFLEX MIDDLE EAST LLC,8,emea.finance@enerflex.com,97124979100,ENERFLEX MIDDLE EAST LLC,97124979100,"POB 43103 
MUSCAT",SULTANATE OF OMAN,OMAN,,Oman,Yes,No,2,Yes
ENERFLEX SERVICES INC,No,ENERFLEX SERVICES INC,8,LATAMAccountsPayable@enerflex.com,(281) 856-4300,ENERFLEX SERVICES INC,(281) 856-4300,711 LOUISIANA STR STE# 710,HOUSTON,TX,77002,United States,Yes,No,17,No
ENERGY  HYDRAULICS,No,ENERGY  HYDRAULICS,10,lbartalini@energyhyd.com,(318) 629-0322,ENERGY  HYDRAULICS,(318) 629-0322,4500 INDUSTRIAL DRIVE EXT,BOSSIER CITY,LA,71112,United States,Yes,No,2,No
Energy Control L.L.C.,No,Energy Control L.L.C.,10,ladacey@energy2steam.com,9736860648,Energy Control L.L.C.,9736860648,1235 State Rt 23,Butler,NJ,07405,United States,Yes,No,2,No
ENERGY TRANSFER,No,ENERGY TRANSFER,6,rebecca.oyerbides@energytransfer.com,(432) 308-2008,ENERGY TRANSFER,(432) 308-2008,POB 38,COYANOSA,TX,79730,United States,Yes,No,2,Yes
ENERGY TRANSFER (DALLAS),No,ENERGY TRANSFER (DALLAS),6,APInvoicesETP.mailbox@energytransfer.com,(318) 239-1216,ENERGY TRANSFER (DALLAS),(318) 239-1216,POB 132400,DALLAS,TX,75313,United States,Yes,No,2,Yes
ENERGY TRANSFER (JACK),No,ENERGY TRANSFER (JACK),6,apinvoicesetp.mailbox@energytransfer.com,(903) 541-2606,ENERGY TRANSFER (JACK),(903) 541-2606,1044 N JACKSON,JACKSONVILLE,TX,75766,United States,Yes,No,2,No
"Energy Transfer Group, L.L.C.",No,"Energy Transfer Group, L.L.C.",6,apinvoicesetp.mailbox@energytransfer.com,(318) 371-1978,"Energy Transfer Group, L.L.C.",(318) 371-1978,140 View Point Rd,Bossier City,LA,71112,United States,Yes,No,2,Yes
ENERGY TRANSFER. minden,No,ENERGY TRANSFER. minden,6,APInvoicesETP.mailbox@energytransfer.com,(318) 371-7829,ENERGY TRANSFER. minden,(318) 371-7829,10220 HWY 80,MINDEN,LA,71055,United States,Yes,No,2,Yes
ENGINEERED POWER AND CONTROL,No,ENGINEERED POWER AND CONTROL,10,kyle@epcsinc.com,(601) 832-3002,ENGINEERED POWER AND CONTROL,(601) 832-3002,"110 METROPLEX BLVD
STE G",PEARL,MS,39208,United States,Yes,No,2,Yes
ENGINEWORXS SALES AND SERVICES,No,ENGINEWORXS SALES AND SERVICES,10,,(575) 616-1775,ENGINEWORXS SALES AND SERVICES,(575) 616-1775,225 LAKE ARTHUR HWY,ARTESIA,NM,88210,United States,Yes,No,11,Yes
ENLINK TIGER GAS PLANT,No,ENLINK TIGER GAS PLANT,6,invoices@enlink.com,(432) 248-6630,ENLINK TIGER GAS PLANT,(432) 248-6630,31783 US HWY 285,ORLA,TX,79770,United States,Yes,No,2,Yes
ENTERPRISE,No,ENTERPRISE,6,jlbranch@eprod.com,(903) 812-2630,ENTERPRISE,(903) 812-2630,2105 CITY WEST BLVD STE# 100,HOUSTON,TX,77092,United States,Yes,No,11,Yes
ENTERPRISE (BC),No,ENTERPRISE (BC),6,jamiller@eprod.com,,ENTERPRISE (BC),,4731 VIKING DRIVE,BOSSIER CITY,LA,71111,United States,Yes,No,2,Yes
ENTERPRISE NAVITAS MIDSTREAM MIDLAND,No,ENTERPRISE NAVITAS MIDSTREAM MIDLAND,6,apadministration@eprod.com,(713) 381-8149,ENTERPRISE NAVITAS MIDSTREAM MIDLAND,(713) 381-8149,POB 4735,HOUSTON,TX,77210-4735,United States,Yes,No,2,No
ENVASCO,No,ENVASCO,10,brenda@envasco.com,(713) 675-7525,ENVASCO,(713) 675-7525,8207 N LOOP EXPRESS #400,HOUSTON,TX,77029,United States,Yes,No,2,No
EPIC Y-GRADE LOGISTICS LP,No,EPIC Y-GRADE LOGISTICS LP,6,kathy.ochoa@epicmid.com,(210) 728-3026,EPIC Y-GRADE LOGISTICS LP,(210) 728-3026,18615 TUSCANY STONE STE# 300,SAN ANTONIO,TX,78258,United States,Yes,No,2,No
EPS AFRICA FZE,No,EPS AFRICA FZE,9,invoices@fr-eps.com,,EPS AFRICA FZE,,POB 26877,DUBAI,UNITED ARAB EMIRATES,,United Arab Emirates,Yes,No,2,No
ERVING INDUSTRIES dba ERVING PAPER MILL,No,ERVING INDUSTRIES dba ERVING PAPER MILL,5,payables@ervingpapermill.com,(413) 422-2700,ERVING INDUSTRIES dba ERVING PAPER MILL,(413) 422-2700,97 EAST MAIN STREET,ERVING,MA,01344,United States,Yes,No,2,No
ETC TEXAS PIPELINE,No,ETC TEXAS PIPELINE,6,APInvoicesETP.mailbox@energytransfer.com,,ETC TEXAS PIPELINE,,POB 13240,DALLAS,TX,75313,United States,Yes,No,2,No
ETC TEXAS PROCESSING LTD,No,ETC TEXAS PROCESSING LTD,6,apinvoicesetp.mailbox@energytransfer.com,361.698.4152,ETC TEXAS PROCESSING LTD,361.698.4152,POB 132400,DALLAS,TX,75313,United States,Yes,No,2,No
ETC TEXAS PROSESSING LTD,No,ETC TEXAS PROSESSING LTD,6,apinvoicesetp.mailbox@energytransfer.com,(409) 698-9606,ETC TEXAS PROSESSING LTD,(409) 698-9606,"ACCOUNTS PAYABLE
428 CR 200",BROOKELAND,TX,75931,United States,Yes,No,2,No
EUROCOMPONENTES Y SERVICIOS IND,No,EUROCOMPONENTES Y SERVICIOS IND,10,OZUNIGA@EUROCOMPONENTES.COM.MX,,EUROCOMPONENTES Y SERVICIOS IND,,"AV,MARQUES DE MONTEMAYOR 642, INT.49
FRACC REAL DE MARQUES",QUERTARO CP,76118,,Mexico,Yes,No,11,Yes
EXELON NUCLEAR,No,EXELON NUCLEAR,4,,(815) 416-3546,EXELON NUCLEAR,(815) 416-3546,6500 NORTH DRESDEN ROAD,MORRIS,IL,60450,United States,Yes,No,2,Yes
EXTERRAN ENERGY SOLUTIONS L.P.,No,EXTERRAN ENERGY SOLUTIONS L.P.,8,submit.invoice@exterran.com,,EXTERRAN ENERGY SOLUTIONS L.P.,,POB 671427,HOUSTON,TX,77267-0089,United States,Yes,No,2,No
EXXON MOBIL,No,EXXON MOBIL,2,stephanie.b.katers@exxonmobil.com,(805) 961-4108,EXXON MOBIL,(805) 961-4108,12000 CALLE REAL,GOLETA,CA,93117,United States,Yes,No,2,Yes
EXXON MOBIL UPSTREAM,No,EXXON MOBIL UPSTREAM,2,robert.l.wallace@exxonmobil.com,(903) 769-7935,EXXON MOBIL UPSTREAM,(903) 769-7935,155 PRIVATE ROAD 7652,HAWKINS,TX,75765,United States,Yes,No,2,Yes
F & A INDUSTRIAL SALES,No,F & A INDUSTRIAL SALES,10,,,F & A INDUSTRIAL SALES,,"65-A UNRUBIA ST BRGY MARILAG
PROJ. 4 1109",QUEZON CITY,METRO MANILA,,Philipines,Yes,No,11,Yes
F.W. WEBB,No,F.W. WEBB,10,KAIT@FWWEBB.COM,(207) 873-7741,F.W. WEBB,(207) 873-7741,37 HEYWOOD ROAD,WINSLOW,ME,04901,United States,Yes,No,11,Yes
FARCOM INDUSTRIAL SA DE CV,No,FARCOM INDUSTRIAL SA DE CV,9,dani@farcomindustrial.com,,FARCOM INDUSTRIAL SA DE CV,,"CARRETERA NACIONAL KM 265
COL EL URO",MONTERREY,NL,64986,United States,Yes,No,2,Yes
FCX PERFORMANCE,No,FCX PERFORMANCE,10,ap@fcxperformance.com,6143246050,FCX PERFORMANCE,6143246050,3000 E 14th Ave,Columbus,OH,43219,United States,Yes,No,2,No
FEAZEL ELECTRICAL,No,FEAZEL ELECTRICAL,10,lrogers@feazelelectric.com,(318) 686-5100,FEAZEL ELECTRICAL,(318) 686-5100,POB 17826,SHREVEPORT,LA,71138,United States,Yes,No,2,Yes
"FERGUSON ENTERPRISES, INC",No,"FERGUSON ENTERPRISES, INC",9,SAC266.VendorInvoices@ferguson.com,(757) 874-7795,"FERGUSON ENTERPRISES, INC",(757) 874-7795,POB 9406,HAMPTON,VA,23670-0406,United States,Yes,No,2,No
"First Instrument Solutions, Ltd.",No,"First Instrument Solutions, Ltd.",10,gperez@calibrationdepot.com,(361) 887-9001,"First Instrument Solutions, Ltd.",(361) 887-9001,"POB 542
5233 Th 37 Ste C18",Corpus Christi,TX,78408,United States,Yes,No,2,No
FLOTECH INC,No,FLOTECH INC,10,rallen@flotechinc.com,(843) 554-5553,FLOTECH INC,(843) 554-5553,2097 HAYTER STREET BLDG 226A,NORTH CHARLESTON,SC,29405,United States,Yes,No,2,Yes
FLOW CONTROL AND MEASUREMENT S.A.,No,FLOW CONTROL AND MEASUREMENT S.A.,10,david.castellanos@fcmmex.com,,FLOW CONTROL AND MEASUREMENT S.A.,,"BLVD. ALDOLFO RUIZ CORTINEZ NO. 3510
ALTOS.COL. COSTA DE ORO
BOCA DEL RIO","VERACRUZ, C.P.",,94299,Mexico,Yes,No,11,Yes
FLOW CONTROL EQUIPMENT.,No,FLOW CONTROL EQUIPMENT.,10,amyh@flowcontrolequip.com,(337) 233-2881,FLOW CONTROL EQUIPMENT.,(337) 233-2881,POB 60939,LAFAYETTE,LA,70596,United States,Yes,No,2,No
FLUID FLOW,No,FLUID FLOW,10,APWEST@FLUIDFLOW.COM,(918) 663-5310,FLUID FLOW,(918) 663-5310,7255 D 46TH STREET,TULSA,OK,74145,United States,Yes,No,2,No
FOX FOR INTERNATIONAL TRADING,No,FOX FOR INTERNATIONAL TRADING,10,rhoskins@sullivanprocess.com,,FOX FOR INTERNATIONAL TRADING,,"19 EL SUEZ STREET
BEHIND EL SALAAB WAREHOUSE
EL ZAHRAA",NASR CITY,CAIRO,,Egypt,Yes,No,11,Yes
FOX RIVER FIBER CO,No,FOX RIVER FIBER CO,5,ap@sustanagroup.com,(920) 676-1744,FOX RIVER FIBER CO,(920) 676-1744,1751 W MATTHEW DRIVE,DEPERE,WI,54115,United States,Yes,No,2,No
FR INTEGRITY LLC DBA EVERLINE COMPLIANCE LLC,No,FR INTEGRITY LLC DBA EVERLINE COMPLIANCE LLC,10,julie.williams@everlineus.com,(936) 447-6100,FR INTEGRITY LLC DBA EVERLINE COMPLIANCE LLC,(936) 447-6100,"4203 MONTROSE BLVD, STE. 670",HOUSTON,TX,77006,United States,Yes,No,2,Yes
FTC COMBUSTION,No,FTC COMBUSTION,8,,,FTC COMBUSTION,,"3107 STIRLING ROAD
STE# 307",FORT LAUDERDALE,FL,33312,United States,Yes,No,11,Yes
FULTON SYSTEMS,No,FULTON SYSTEMS,8,accounting@fultonsystems.com,7704471400,FULTON SYSTEMS,7704471400,5875 PEACHTREE INDUSTRIAL BLVD STE# 330,NORCROSS,GA,30092-3401,United States,Yes,No,17,No
G & G,No,G & G,10,jgriffin.gandgoilfield@gmail.com,(361) 576-5320,G & G,(361) 576-5320,"1201 WOOD HI RD.
ATT: JUDY",VICTORIA,TX,77905,United States,Yes,No,2,No
GALLOUP,No,GALLOUP,10,apinvoices@galloup.com,(616) 245-1195,GALLOUP,(616) 245-1195,5101 S SPRINKLE ROAD,PORTAGE,MI,49002-2049,United States,Yes,No,2,No
GAO JIA STOCK CO,No,GAO JIA STOCK CO,10,INFO@SINBIDER.COM.TW,8.86427E+11,GAO JIA STOCK CO,8.86427E+11,"NO. 3 WUFENG RD
BANQIAO DIST",NEW TAIPEI CITY 220,TAIWAN,,Taiwan,Yes,No,2,Yes
"Gas Processors, Inc.",No,"Gas Processors, Inc.",8,psanford@gasprocessorsinc.com,(601) 736-1600,"Gas Processors, Inc.",(601) 736-1600,POB 683,Columbia,MS,39429,United States,Yes,No,2,No
GAS TECHNOLOGY CORP,No,GAS TECHNOLOGY CORP,8,gastech@gastech.net,(972) 255-7800,GAS TECHNOLOGY CORP,(972) 255-7800,POB 111,TRENT,TX,79561,United States,Yes,No,2,No
GATEWAY AUTOMATION INSTRUMENTATION,No,GATEWAY AUTOMATION INSTRUMENTATION,10,Jimmy.hall@gai-automation.com,(903) 235-5770,GATEWAY AUTOMATION INSTRUMENTATION,(903) 235-5770,457 SPOKANE STREET,GLADEWATER,TX,75647,United States,Yes,No,2,No
GEM-TRIM OF HOUMA,No,GEM-TRIM OF HOUMA,10,jfilce@gem-trim.com,9858681586,GEM-TRIM OF HOUMA,9858681586,148 EQUITY BLVD,HOUMA,LA,70360,United States,Yes,No,2,No
GENON,No,GENON,4,MorgantownInvoices@genon.com,,GENON,,POB 438,MAPLE GROVE,MN,55369,United States,Yes,No,2,No
GEONIX LP,No,GEONIX LP,10,Marggie@geonixlp.com,(903) 983-3249,GEONIX LP,(903) 983-3249,POB 2169,KILGORE,TX,75663,United States,Yes,No,11,No
GEORGIA PACIFIC,No,GEORGIA PACIFIC,5,frankie.hart@motion-ind.com,(870) 353-5334,GEORGIA PACIFIC,(870) 353-5334,"MOTION INDUSTRIES
POB 1655",BIRMINGHAM,AL,35201,United States,Yes,No,11,No
GEORGIA PACIFIC (FL),No,GEORGIA PACIFIC (FL),5,alee@sullivanprocess.com,(518) 561-3500,GEORGIA PACIFIC (FL),(518) 561-3500,"7016 A.C. SKINNER PRWY (ZIP 32256)
POB 44182",JACKSONVILLE,FL,32231-4182,United States,Yes,No,2,Yes
"GEP HAYNESVILLE II, LLC",No,"GEP HAYNESVILLE II, LLC",6,kgish@GEPH2.com,2813639161,"GEP HAYNESVILLE II, LLC",2813639161,1425 Lake Front Cir,The Woodlands,TX,77380,United States,Yes,No,2,Yes
GESCO SUPPLY INC,No,GESCO SUPPLY INC,10,gesco@gescosupply.com,(281) 436-7031,GESCO SUPPLY INC,(281) 436-7031,9597 JONES ROAD #725,HOUSTON,TX,77065,United States,Yes,No,2,No
GEXPRO,No,GEXPRO,10,aldo.spadaro@gexpro.com,,GEXPRO,,150 E. NINTH AVE. SUITE A,RUNNEMEDE,NJ,08078,United States,Yes,No,11,Yes
GLOBAL SUPPLY INC,No,GLOBAL SUPPLY INC,10,jose.pabon@globalspinc.com,(786) 660-1064,GLOBAL SUPPLY INC,(786) 660-1064,8620 NW 66 S ST,MIAMI,FL,33166,United States,Yes,No,2,Yes
GRAYTON CONTROL SERVICES,No,GRAYTON CONTROL SERVICES,10,fuelair@aol.com,(978) 499-9175,GRAYTON CONTROL SERVICES,(978) 499-9175,41A RAILROAD AVENUE,SEABROOK,NH,03874,United States,Yes,No,11,Yes
GREAT BASIN COLLEGE,No,GREAT BASIN COLLEGE,3,sheree.beard@gbcnv.edu,(775) 738-8493,GREAT BASIN COLLEGE,(775) 738-8493,"ATTN: CONTROLLERS OFFICE
1500 COLLEGE PARKWAY",ELKO,NV,89801,United States,Yes,No,2,No
GREAT WESTERN VALVE.,No,GREAT WESTERN VALVE.,10,AP@gwvalve.com,(713) 455-9400,GREAT WESTERN VALVE.,(713) 455-9400,14247 BANDERA STREET,HOUSTON,TX,77015,United States,Yes,No,2,No
GREGORY SALES & SERVICE INC.,No,GREGORY SALES & SERVICE INC.,10,,(361) 573-5988,GREGORY SALES & SERVICE INC.,(361) 573-5988,114 TAYLORCREST STREET,VICTORIA,TX,77905,United States,Yes,No,11,No
GT CORP,No,GT CORP,10,ventas@dkptrading.com,(305) 406-0003,GT CORP,(305) 406-0003,8458 NW 70 STREET,MIAMI,FL,33166,United States,Yes,No,11,Yes
GULF COAST TMC (CLINTON),No,GULF COAST TMC (CLINTON),10,accounting@gulfcoasttmc.com,(318) 775-5679,GULF COAST TMC (CLINTON),(318) 775-5679,POB 8337,CLINTON,LA,70722,United States,Yes,No,2,No
GULF SENSORS INC,No,GULF SENSORS INC,10,Debbie@gulfsensors.com,(225) 273-3233,GULF SENSORS INC,(225) 273-3233,POB 45543,BATON ROUGE,LA,70895,United States,Yes,No,2,No
GULF SOUTH PIPELINE (LAKE BIST),No,GULF SOUTH PIPELINE (LAKE BIST),6,Lindsay.Owens@bwpipelines.com,(318) 894-9629,GULF SOUTH PIPELINE (LAKE BIST),(318) 894-9629,407 HWY 371,RINGGOLD,LA,7110671068,United States,Yes,No,2,Yes
GYL LLC,No,GYL LLC,10,gylllc1904@gmail.com,(305) 607-9424,GYL LLC,(305) 607-9424,801 BRICKELL KEY BLVD #1703,MIAMI,FL,33131,United States,Yes,No,11,Yes
HARVEST MIDSTREAM,No,HARVEST MIDSTREAM,6,JThomas@harvestmidstream.com,(361) 543-0494,HARVEST MIDSTREAM,(361) 543-0494,127 CR 384,GEORGE WEST,TX,78022,United States,Yes,No,11,Yes
"HATFIELD AND COMPANY, INC",No,"HATFIELD AND COMPANY, INC",1,ap_dallas@hatfieldandcompany.com,(972) 285-0115,"HATFIELD AND COMPANY, INC",(972) 285-0115,2475 DISCOVERY BLVD,ROCKWALL,TX,75032,United States,Yes,No,2,No
HAYGOR INSTRUMENT.,No,HAYGOR INSTRUMENT.,10,accounting@haygor.com,(800) 851-1791,HAYGOR INSTRUMENT.,(800) 851-1791,6322 NUNN,HOUSTON,TX,77087,United States,Yes,No,2,No
HB FULLER/ROYAL ADHESIVES,No,HB FULLER/ROYAL ADHESIVES,3,kevin.snipes@hbfuller.com,(864) 228-1329,HB FULLER/ROYAL ADHESIVES,(864) 228-1329,2001 WEST WASHINGTON ST,SOUTH BEND,IN,46628,United States,Yes,No,11,Yes
HEALTHY PET,No,HEALTHY PET,3,jdouglas@healthy-pet.com,912-810-1023,HEALTHY PET,912-810-1023,6960 SALSHAN PKWY,FERNDALE,WA,98248,United States,Yes,No,2,No
HEAT TRANSFER SOLUTIONS,No,HEAT TRANSFER SOLUTIONS,10,,(615) 274-2382,HEAT TRANSFER SOLUTIONS,(615) 274-2382,11040 SOUTH WINDROW ROAD,ROCKVALE,TN,37153,United States,Yes,No,11,No
HEXION,No,HEXION,2,denise.robertson@hexion.com,(888) 524-8800,HEXION,(888) 524-8800,POB 1310,COLUMBUS,OH,43216,United States,Yes,No,11,Yes
HIGHT DESERT VALVE & EQUIPMENT CO.,No,HIGHT DESERT VALVE & EQUIPMENT CO.,10,markc@highdesertvalve.com,(505) 325-8258,HIGHT DESERT VALVE & EQUIPMENT CO.,(505) 325-8258,550 DEKALB UNITS C & D,FARMINGTON,NM,87401,United States,Yes,No,2,Yes
HILCORP ENERGY,No,HILCORP ENERGY,6,berickson@hilcorp.com,(307) 313-7094,HILCORP ENERGY,(307) 313-7094,POB 61529,HOUSTON,TX,77208-1529,United States,Yes,No,2,Yes
"HILE CONTROLS, INC",No,"HILE CONTROLS, INC",9,hile.orders@hilecontrolsinc.com,(205) 620-4000,"HILE CONTROLS, INC",(205) 620-4000,311 APPLEGATE PKWY,PELHAM,AL,35124,United States,Yes,No,2,No
Hollingsworth & Vose Company,No,Hollingsworth & Vose Company,3,charlie.spears@hovo.com,(508) 668-0295,Hollingsworth & Vose Company,(508) 668-0295,112 Washington St,East Walpole,MA,02032,United States,Yes,No,11,Yes
HOUSTON PROCUREMENT INTERN'L,No,HOUSTON PROCUREMENT INTERN'L,10,accounting@hprocurementIntl.com,(281) 214-8104,HOUSTON PROCUREMENT INTERN'L,(281) 214-8104,16206 ADLINE WESTFIELD ROAD,HOUSTON,TX,77032,United States,Yes,No,11,No
HUNTSMAN INTERNATIONAL,No,HUNTSMAN INTERNATIONAL,2,americasinvoice@ap.huntsman.com,(713) 924-6404,HUNTSMAN INTERNATIONAL,(713) 924-6404,101 CONCRETE STREET,HOUSTON,TX,77012,United States,Yes,No,17,No
HUNTSMAN PERFORMANCE CHEMICAL,No,HUNTSMAN PERFORMANCE CHEMICAL,2,hunapinvoices@huntsman.com,(877) 761-2967,HUNTSMAN PERFORMANCE CHEMICAL,(877) 761-2967,POB 982159,EL PASO,TX,79998-2159,United States,Yes,No,2,No
HYDRAULIC EXCHANGE,No,HYDRAULIC EXCHANGE,10,sales@hydraulicexcangellc.com,,HYDRAULIC EXCHANGE,,5404 INDUSTRIAL DRIVE EXT.,BOSSIER CITY,LA,71112,United States,Yes,No,2,Yes
IMPAR ARGENTINA S.A.,No,IMPAR ARGENTINA S.A.,10,,,IMPAR ARGENTINA S.A.,,"AV. RIVADAVIA 11088
PISO 6 B",CAPITAL FEDERAL,,,Argentina,Yes,No,11,No
INEOS ABS USA LLC,No,INEOS ABS USA LLC,2,INSTY.us.3011@ineos.com,,INEOS ABS USA LLC,,"ATTN: ACCOUNTS PAYABLE
4245 MERIDIAN PKWY STE# 151",AURORA,IL,60504,United States,Yes,No,2,No
INEOS NITRILES USA LLC,No,INEOS NITRILES USA LLC,2,glkap@ineos.com,(361) 552-8649,INEOS NITRILES USA LLC,(361) 552-8649,"13060 STATE HWY 185 N
POB 659",PORT LAVACA,TX,77979,United States,Yes,No,3,No
INFINITY ELECTRIC,No,INFINITY ELECTRIC,10,josephmjr@gmail.com,(903) 539-8090,INFINITY ELECTRIC,(903) 539-8090,"DBA JOSEPH MESSIMER
POB 631086",NACOGDOCHES,TX,75963,United States,Yes,No,2,No
INGEVITY CORPORATION,No,INGEVITY CORPORATION,2,sapinv.ingevity@conduent.com,337-462-4568,INGEVITY CORPORATION,337-462-4568,POB 982493,EL PASO,TX,79998-2493,United States,Yes,No,2,No
INSTRUMENTATION.COM,No,INSTRUMENTATION.COM,10,INVOICES@INSTRUMENTATION.COM,(610) 446-6600,INSTRUMENTATION.COM,(610) 446-6600,"A SHELBY JONES COMPANY
POB 508",HAVERTOWN,PA,19083,United States,Yes,No,2,No
INTEGRAL DYNAMICS INC,No,INTEGRAL DYNAMICS INC,10,amym@integraldynamics.com,(405) 286-3425,INTEGRAL DYNAMICS INC,(405) 286-3425,POB 720125,OKLAHOMA CITY,OK,73172,United States,Yes,No,2,No
INTEGRITY CONTROLS INC,No,INTEGRITY CONTROLS INC,10,,,INTEGRITY CONTROLS INC,,3545 S PLATTE RIVER DRIVE #C,ENGLEWOOD,CO,80110,United States,Yes,No,2,No
INTERMOUNTAIN POWER SERVICE CORP,No,INTERMOUNTAIN POWER SERVICE CORP,4,Brandon.George@ipsc.com,(435) 864-6466,INTERMOUNTAIN POWER SERVICE CORP,(435) 864-6466,850 WEST BRUSHWELLMAN ROAD,DELTA,UT,84624,United States,Yes,No,11,No
INTERNATIONAL OIL AND GAS TRADING,No,INTERNATIONAL OIL AND GAS TRADING,10,gabriela.coronel@mexigot.com,(713) 341-9804,INTERNATIONAL OIL AND GAS TRADING,(713) 341-9804,1 RIVERWAY STE# 1125,HOUSTON,TX,77056,United States,Yes,No,11,No
INTERNATIONAL PAPER MANSFIELD,No,INTERNATIONAL PAPER MANSFIELD,5,APinvoices@ipaper.com,(318) 871-1481,INTERNATIONAL PAPER MANSFIELD,(318) 871-1481,POB 5383,PORTLAND,OR,97228-5383,United States,Yes,No,3,No
INTERNATIONAL TECHNICAL SERVICES (ITS),No,INTERNATIONAL TECHNICAL SERVICES (ITS),10,rhoskins@sullivanprocess.com,(787) 793-4290,INTERNATIONAL TECHNICAL SERVICES (ITS),(787) 793-4290,"584 ALDEBARAN ST
URB. ALTAMIRA",SAN JUAN,PUERTO RICO,00920,Puerto Rico,Yes,No,11,Yes
INTERNATIONAL TECHNIQUE INDUSTRY CO,No,INTERNATIONAL TECHNIQUE INDUSTRY CO,10,,82522897008,INTERNATIONAL TECHNIQUE INDUSTRY CO,82522897008,"33-5 DUWANGRO 22 GIL
NAMGU",ULSAN,SOUTH KOREA,,South Korea,Yes,No,2,Yes
INTERNATIONAL VALVE,No,INTERNATIONAL VALVE,10,rguild@collinspipe.com,(860) 292-5341,INTERNATIONAL VALVE,(860) 292-5341,"COLLINS PIPE & SUPPLY
POB 1053
11 THOMPSON ROAD",EAST WINDSOR,CT,06088,United States,Yes,No,2,No
"Interstate Treating, Inc.",No,"Interstate Treating, Inc.",8,Accounting@InterTreat.com,(432) 362-9291,"Interstate Treating, Inc.",(432) 362-9291,2310 Prospect,Odessa,TX,79762,United States,Yes,No,2,No
"INV NYLON CHEMICALS OF AMERICAS, LLC",No,"INV NYLON CHEMICALS OF AMERICAS, LLC",2,APInvoices@INVISTA.com,,"INV NYLON CHEMICALS OF AMERICAS, LLC",,POB 5003,WICHITA,KS,67201-5003,United States,Yes,No,2,No
Ironsmith Compression Inc,No,Ironsmith Compression Inc,10,mannon@Iron-Smith.com,(432) 530-9295,Ironsmith Compression Inc,(432) 530-9295,114 W 83rd St,Odessa,TX,79764,United States,Yes,No,11,No
ISC CONSTRUCTORS LLC,No,ISC CONSTRUCTORS LLC,10,agulino@iscgrp.com,(225) 218-7682,ISC CONSTRUCTORS LLC,(225) 218-7682,20480 HIGHLAND ROAD,BATON ROUGE,LA,70817,United States,Yes,No,2,Yes
ITUS GLOBAL,No,ITUS GLOBAL,10,kristiina@1-lng.com,(800) 603-4070,ITUS GLOBAL,(800) 603-4070,609 MAIN ST.,HOUSTON,TX,77009,United States,Yes,No,11,Yes
J. CROFT,No,J. CROFT,10,james@jcroft.com,(903) 388-6472,J. CROFT,(903) 388-6472,POB 21748,WACO,TX,76702,United States,Yes,No,11,Yes
J. GLOBAL ENERGY MIDSTREAM LLC,No,J. GLOBAL ENERGY MIDSTREAM LLC,6,ap@jge-midstream.com,(903) 399-5048,J. GLOBAL ENERGY MIDSTREAM LLC,(903) 399-5048,"440 LOUISIANA STREET
STE# 1818",HOUSTON,TX,77002,United States,Yes,No,2,Yes
JAMES LAKE MIDSTREAM,No,JAMES LAKE MIDSTREAM,6,ap@woodlandmidstream.com,(281) 720-3130,JAMES LAKE MIDSTREAM,(281) 720-3130,"24 WATERWAY
STE# 1400",THE WOODLANDS,TX,77380,United States,Yes,No,2,No
"JDJ SALES, INC.",No,"JDJ SALES, INC.",10,mhughes@jdjsales.com,865-2393,"JDJ SALES, INC.",865-2393,POB 6620,SHREVEPORT,LA,71106,United States,Yes,No,2,No
JGE MIDSTREAM,No,JGE MIDSTREAM,6,AP@jge-midstream.com,(903) 399-5048,JGE MIDSTREAM,(903) 399-5048,"440 LOUISIANA STREET
STE# 1818",HOUSTON,TX,77002,United States,Yes,No,2,Yes
JOHN H. FEHLINGER CO,No,JOHN H. FEHLINGER CO,10,operations@jnfsteam.com,(212) 233-1383,JOHN H. FEHLINGER CO,(212) 233-1383,"20 VESSEY STREET
STE 1000",NEW YORK CITY,NY,10007,United States,Yes,No,11,Yes
JP SERVICES,No,JP SERVICES,10,accounts.payable@jpservices.com,(832) 299-6779,JP SERVICES,(832) 299-6779,16619 ALDINE WESTFIELD ROAD,HOUSTON,TX,77032,United States,Yes,No,2,Yes
KAISER PUMP & VALVE INC,No,KAISER PUMP & VALVE INC,10,kaiserpumpvalve@gmail.com,(903) 643-9232,KAISER PUMP & VALVE INC,(903) 643-9232,11894 HWY 149,LONGVIEW,TX,75603,United States,Yes,No,11,No
KAISER-FRANCIS OIL COMPANY,No,KAISER-FRANCIS OIL COMPANY,6,BrettB@kfoc.net,(918) 491-4661,KAISER-FRANCIS OIL COMPANY,(918) 491-4661,P. O. BOX 21468,TULSA,OK,74121-1468,United States,Yes,No,2,Yes
KEMIRA CHEMICAL,No,KEMIRA CHEMICAL,2,Accounts.PayableUS@kemira.com,(678) 819-4555,KEMIRA CHEMICAL,(678) 819-4555,"1000 PARKWOOD CIRCLE
STE# 500 ATTN: AP",ATLANTA,GA,30339,United States,Yes,No,2,No
KINDER MORGAN NORSE PLANT,No,KINDER MORGAN NORSE PLANT,6,alisha_nelson@kindermorgan.com,(701) 648-9030,KINDER MORGAN NORSE PLANT,(701) 648-9030,10370 88TH ST NW,MCGREGOR,ND,58755,United States,Yes,No,2,Yes
KINDERHAWK FIELD SERVICE,No,KINDERHAWK FIELD SERVICE,6,kinderhawk_invoices@kindermorgan.com,318.934.9211,KINDERHAWK FIELD SERVICE,318.934.9211,9580 ST VINCENT AVENUE,SHREVEPORT,LA,71106,United States,Yes,No,2,No
KITTRELL INDUSTRIAL & SUPPLY,No,KITTRELL INDUSTRIAL & SUPPLY,10,David.Kittrellsupply@yahoo.com,(601) 909-2689,KITTRELL INDUSTRIAL & SUPPLY,(601) 909-2689,216 WEST CENTRAL AVENUE,PETAL,MS,39465,United States,Yes,No,2,Yes
"Komar Industries, Inc.",No,"Komar Industries, Inc.",10,bstilson@komarindustries.com,(614) 836-2366,"Komar Industries, Inc.",(614) 836-2366,4425 Marketing Pl,Groveport,OH,43125,United States,Yes,No,2,No
KONKI,No,KONKI,10,konki@btconnect.com,(215) 253-5685,KONKI,(215) 253-5685,"7 GREAT VALLEY PKWY
STE# 210",MALVERN,PA,19355,United States,Yes,No,11,Yes
L & L PROCESS SOLUTIONS,No,L & L PROCESS SOLUTIONS,10,mkennedy@egm-llc.com,(251) 660-8255,L & L PROCESS SOLUTIONS,(251) 660-8255,3748 INDUSTRIAL PARK DRIVE,MOBILE,AL,36683,United States,Yes,No,2,Yes
L&S SUPPLY,No,L&S SUPPLY,10,corey@ls-supply.com,(501) 388-2540,L&S SUPPLY,(501) 388-2540,1408 HWY 125,DAMASCUS,AR,72039,United States,Yes,No,11,No
LANXESS,No,LANXESS,2,apinvproc@lanxess.com,870.862.5141,LANXESS,870.862.5141,111 RIDC PARK WEST DRIVE,PITTSBURGH,PA,15275,United States,Yes,No,2,No
"Laredo Petroleum, Inc.",No,"Laredo Petroleum, Inc.",6,,9185134570,"Laredo Petroleum, Inc.",9185134570,15 W 6th St Ste 1800,Tulsa,OK,74119,United States,Yes,No,2,No
LCM INDUSTRIES INC,No,LCM INDUSTRIES INC,10,ap@lcmindustries.com,(432) 332-5516,LCM INDUSTRIES INC,(432) 332-5516,1605 S MARLIN,ODESSA,TX,79763,United States,Yes,No,2,No
LESMAN INSTRUMENT CO,No,LESMAN INSTRUMENT CO,10,glennb@lesman.com,(630) 757-1760,LESMAN INSTRUMENT CO,(630) 757-1760,135 BERNICE DRIVE,BENSENVILLE,IL,60106,United States,Yes,No,2,Yes
LIME INSTRUMENTS,No,LIME INSTRUMENTS,10,,(713) 781-1883,LIME INSTRUMENTS,(713) 781-1883,1187 BRITTMOORE ROAD,HOUSTON,TX,77043,United States,Yes,No,11,No
Linde,No,Linde,2,,,Linde,,119140 Rick Jones Way,Silverbow,MT,59750,United States,Yes,No,11,Yes
LION OIL CO.,No,LION OIL CO.,2,lioninvoices@delekus.com,870-864-1475,LION OIL CO.,870-864-1475,PO BOX 7560,MONROE,LA,71211-7560,United States,Yes,No,2,No
LM TOUCHDOWN LLC,No,LM TOUCHDOWN LLC,6,,,LM TOUCHDOWN LLC,,"2850 N. HARDWOOD STREET, SUITE 1050",DALLAS,TX,75201,United States,Yes,No,2,Yes
"Lockwood Partners, LLC",No,"Lockwood Partners, LLC",10,apinvoices@lockwoodint.com,(713) 679-5015,"Lockwood Partners, LLC",(713) 679-5015,1321 E Pasadena Fwy,Pasadena,TX,77506,United States,Yes,No,2,No
LONGFALLS PAPER,No,LONGFALLS PAPER,5,accountspayable@longfallspaperboard.com,8022570365,LONGFALLS PAPER,8022570365,161 Wellington Rd,Brattleboro,VT,05301,United States,Yes,No,11,No
LUBRIZOL CORP.,No,LUBRIZOL CORP.,2,LZUSAccountsPayable@Lubrizol.com,4409434200 ohio,LUBRIZOL CORP.,4409434200 ohio,29400 LAKELAND BLVD,WICKLIFFE,OH,44092,United States,Yes,No,2,No
"LUCID ENERGY GROUP II, LLC",No,"LUCID ENERGY GROUP II, LLC",6,ap@lucid-energy.com,(214) 420-4950,"LUCID ENERGY GROUP II, LLC",(214) 420-4950,"3100 MCKINNON STREET
STE# 800",DALLAS,TX,75201,United States,Yes,No,2,Yes
M & M SUPPLY,No,M & M SUPPLY,10,tely@mmsupply.com,(405) 352-7879,M & M SUPPLY,(405) 352-7879,9000 N KELLY AVENUE,OKC,OK,73131,United States,Yes,No,2,No
MADILL GAS PROCESS LLC,No,MADILL GAS PROCESS LLC,6,madill.plant@carreragas.com,(580) 795-7396,MADILL GAS PROCESS LLC,(580) 795-7396,"CARRERA
3449 NEAFUS RD",MADILL,OK,73446-6672,United States,Yes,No,2,No
MAGELLAN MIDSTREAM PARTNERS,No,MAGELLAN MIDSTREAM PARTNERS,6,invoices@magellanlp.coupahost.com,(918) 574-7000,MAGELLAN MIDSTREAM PARTNERS,(918) 574-7000,POB 22186 MD27,TULSA,OK,74121-2186,United States,Yes,No,17,Yes
MARATHON PETROLEUM CO,No,MARATHON PETROLEUM CO,2,apayable@marathonpetroleum.com,(866) 876-2455,MARATHON PETROLEUM CO,(866) 876-2455,POB 599701,SAN ANTONIO,TX,78259-9701,United States,Yes,No,17,No
"MARKWEST ENERGY EAST TEXAS GAS CO, LLC",No,"MARKWEST ENERGY EAST TEXAS GAS CO, LLC",6,APInvoicesMarkWest@marathonpetroleum.com,(903) 694-2225,"MARKWEST ENERGY EAST TEXAS GAS CO, LLC",(903) 694-2225,"1515 APAPHOE ST TOWER 1, STE# 1600",DENVER,CO,80202,United States,Yes,No,2,Yes
"MARTIN UNDERGROUND STORAGE, INC",No,"MARTIN UNDERGROUND STORAGE, INC",6,KENT.MCGRAW@MARTINMLP.COM,,"MARTIN UNDERGROUND STORAGE, INC",,PO BOX 389,ARCADIA,LA,71001,United States,Yes,No,11,Yes
MARYLAND PAPER,No,MARYLAND PAPER,5,accounting@marylandpaper.com,3012236550,MARYLAND PAPER,3012236550,16144 ELLIOTT PKWY,WILLIAMSPORT,MD,21795,United States,Yes,No,2,No
MATHESON TRI-GAS,No,MATHESON TRI-GAS,2,MTG-ap@mathesongas.com,(281) 495-0773,MATHESON TRI-GAS,(281) 495-0773,909 LAKE CAROLYN PARKWAY,IRVING,TX,75039,United States,Yes,No,2,Yes
"MEASUREMENT, INSTURMENTATION & CO",No,"MEASUREMENT, INSTURMENTATION & CO",10,sgriff747@gmail.com,(661) 401-0070,"MEASUREMENT, INSTURMENTATION & CO",(661) 401-0070,2251 ORPHEUS CT,BAKERSFIELD,CA,93308,United States,Yes,No,2,No
MECHANICAL CONCEPTS LLC,No,MECHANICAL CONCEPTS LLC,10,mwiggins@mechanicalconceptsllc.com,(318) 453-2469,MECHANICAL CONCEPTS LLC,(318) 453-2469,935 W 70TH,SHREVEPORT,LA,71106,United States,Yes,No,11,No
MEC-TRIC CONTROL CO,No,MEC-TRIC CONTROL CO,10,Payables@mec-tric.com,(704) 376-8555,MEC-TRIC CONTROL CO,(704) 376-8555,4110 MONROE ROAD,CHARLOTTE,NC,28205,United States,Yes,No,2,No
MERCER VALVE CO,No,MERCER VALVE CO,10,accountspayable@mercervalve.net,(405) 470-5219,MERCER VALVE CO,(405) 470-5219,POB 270970,OKC,OK,73137,United States,Yes,No,2,No
MESSER LLC,No,MESSER LLC,2,noah.reeves@messer-us.com,(803) 443-5054,MESSER LLC,(803) 443-5054,85 AIRCO BLVD,AIKENS,SC,29801,United States,Yes,No,2,Yes
MID GEORGIA COGEN,No,MID GEORGIA COGEN,4,michelle.harrington@midgapower.com,(478) 987-9701,MID GEORGIA COGEN,(478) 987-9701,POB 160,KATHLEEN,GA,31047,United States,Yes,No,2,No
MIDCOAST G& P (EAST TEXAS),No,MIDCOAST G& P (EAST TEXAS),6,apinvoicesubmission@midcoastenergy.com,(713) 627-4275,MIDCOAST G& P (EAST TEXAS),(713) 627-4275,"ACCOUNTS PAYABLE
POB 128",HOUSTON,TX,77001,United States,Yes,No,2,No
MIDSTREAM VALVE PARTNERS,No,MIDSTREAM VALVE PARTNERS,10,AP@midstreamvalve.com,(713) 234-1270,MIDSTREAM VALVE PARTNERS,(713) 234-1270,13915 SERVICE CENTER RD,TOMBALL,TX,77377,United States,Yes,No,2,No
MIG ENERGY & ENG,No,MIG ENERGY & ENG,10,,,MIG ENERGY & ENG,,"UNIT 2-1 LEVEL 2 PODIUM TOWER 3
NO 1 JALAN PENGATURCARA",U1 51A SEKSYE,,,Malaysia,Yes,No,11,Yes
"MISSION CREEK RESOURCES, LLC",No,"MISSION CREEK RESOURCES, LLC",6,scox@missioncrk.com,(870) 235-0400,"MISSION CREEK RESOURCES, LLC",(870) 235-0400,POB 2060,MAGNOLIA,AR,71754,United States,Yes,No,2,Yes
MOAB ENERGY LLC,No,MOAB ENERGY LLC,10,ap@moabenergy.com,(903) 224-7612,MOAB ENERGY LLC,(903) 224-7612,PO BOX 4324,LONGVIEW,TX,75606,United States,Yes,No,2,Yes
"Moody-Price, L.L.C.",No,"Moody-Price, L.L.C.",10,accountspayable@moodyprice.com,(225) 767-7755,"Moody-Price, L.L.C.",(225) 767-7755,POB 260044,BATON ROUGE,LA,70826,United States,Yes,No,2,No
MOTION INDUSTRIES,No,MOTION INDUSTRIES,10,ap.corporate@motion-ind.com,(877) 558-9287,MOTION INDUSTRIES,(877) 558-9287,POB 1655,BIRMINGHAM,AL,35201,United States,Yes,No,11,No
MRC GLOBAL.,No,MRC GLOBAL.,1,einvoicing-us@mrcglobal.com,(432) 276-7819,MRC GLOBAL.,(432) 276-7819,POB 513,CHARLESTON,WV,25322,United States,Yes,No,2,No
"MSEC, INC",No,"MSEC, INC",10,invoice@msecinc.com,(303) 232-4100,"MSEC, INC",(303) 232-4100,600 CORPORATE CIRCLE STE. H,GOLDEN,CO,80401-5604,United States,Yes,No,2,Yes
MW ENERGY WEST TEXAS GAS COMPANY,No,MW ENERGY WEST TEXAS GAS COMPANY,6,APInvoicesMarkWest@marathonpetroleum.com,(361) 244-0109,MW ENERGY WEST TEXAS GAS COMPANY,(361) 244-0109,"1515 APAPHOE ST TOWER 1, STE# 1600",DENVER,CO,80202,United States,Yes,No,2,No
NA SOLID PETROSERVE LTD CANADA CALGARY - SUCURSALA ROMANIA,No,NA SOLID PETROSERVE LTD CANADA CALGARY - SUCURSALA ROMANIA,10,rhoskins@sullivanprocess.com,(866) 247-6543,NA SOLID PETROSERVE LTD CANADA CALGARY - SUCURSALA ROMANIA,(866) 247-6543,"PLOIESTI, IND. PARK CRANGUL LUI BOT, STR. CONULUI, NR.6
VAT CODE: RO32985813 EORI CODE: ROCA2010010953",,,100213,United States,Yes,No,11,Yes
NAN YA PLASTICS CORP. AMERICA,No,NAN YA PLASTICS CORP. AMERICA,2,TXAccounting@ftpc.fpcusa.com,(361) 987-7000,NAN YA PLASTICS CORP. AMERICA,(361) 987-7000,"POB 478
ATTN: ACCOUNTS PAYABLE",LIVINGSTON,NJ,07039,United States,Yes,No,2,No
NEW ULM PUBLIC UTILITIES COMMISSION,No,NEW ULM PUBLIC UTILITIES COMMISSION,4,janines@newulmmn.gov,(507) 359-8259,NEW ULM PUBLIC UTILITIES COMMISSION,(507) 359-8259,310 1ST NORTH,NEW ULM,MN,56073,United States,Yes,No,2,Yes
NEWPOINT GAS LLC,No,NEWPOINT GAS LLC,8,zane.rhodes@newpointgas.com,(979) 820-0556,NEWPOINT GAS LLC,(979) 820-0556,1124 MILAN STREET,COLUMBUS,TX,78934,United States,Yes,No,2,No
NORTH AMERICAN PROCESS CONTROLS,No,NORTH AMERICAN PROCESS CONTROLS,10,ccooper@napcgi.com,,NORTH AMERICAN PROCESS CONTROLS,,133 MARGARET AVE,DAVIDSVILLE,PA,15928,United States,Yes,No,2,Yes
NORTHEAST SOLITE CORP,No,NORTHEAST SOLITE CORP,3,tleris@nesolite.com,(845) 246-2933,NORTHEAST SOLITE CORP,(845) 246-2933,POB 437,MT MARION,NY,12456,United States,Yes,No,2,No
NORTHWEST LOUISIANA TECHNICAL COLLEGE,No,NORTHWEST LOUISIANA TECHNICAL COLLEGE,3,tabithascott@nltcc.edu,2686966.00,NORTHWEST LOUISIANA TECHNICAL COLLEGE,2686966,9500 INDUSTRIAL DRIVE,MINDEN,LA,71055,United States,Yes,No,2,No
NOURYON FUNCTIONAL CHEMICALS,No,NOURYON FUNCTIONAL CHEMICALS,2,david.atchison@nouryon.com,(281) 817-9139,NOURYON FUNCTIONAL CHEMICALS,(281) 817-9139,"ACCTG CTR AMERICAS
525 W VAN BUREN STREET",CHICAGO,IL,60607-3823,United States,Yes,No,2,No
NOVVI,No,NOVVI,2,AP@novvi.com,2814880959,NOVVI,2814880959,POB 1169,LAPORTE,TX,77572,United States,Yes,No,2,No
NPL CONSTRUCTION,No,NPL CONSTRUCTION,10,cheitz@gonpl.com,(952) 469-2800,NPL CONSTRUCTION,(952) 469-2800,8190 215 TH STREET WEST,WEST LAKEVILLE,MN,55044,United States,Yes,No,11,Yes
NPS SPILL CONTROL LLC,No,NPS SPILL CONTROL LLC,3,AP@NPSSpillControl.com,(630) 293-6055,NPS SPILL CONTROL LLC,(630) 293-6055,3303 SPIRIT WAY,GREEN BAY,WI,54304,United States,Yes,No,2,Yes
NUTRIEN,No,NUTRIEN,3,chris.maddox@nutrien.com,(706) 993-0507,NUTRIEN,(706) 993-0507,P.O. BOX 1483,AUGUSTA,GA,30903,United States,Yes,No,11,Yes
NVENT,No,NVENT,10,john.marinan@nvent.com,(763) 274-8958,NVENT,(763) 274-8958,2100 HOFFMAN WAY,ANOKA,MN,55303,United States,Yes,No,2,Yes
OAKWAY PARK SDN BHD (1095389-A),No,OAKWAY PARK SDN BHD (1095389-A),10,alee@sullivanprocess.com,(036) 028-5870,OAKWAY PARK SDN BHD (1095389-A),(036) 028-5870,"NO 13G (M), JALAN ORKID 2B, SEKSYEN BS2, BUKIT SENTOSA, 48300 RAWANG",SELANGOR,MALAYSIA,,Malaysia,Yes,No,2,Yes
OCEAN AUTOMATION SOLUTIONS PTF,No,OCEAN AUTOMATION SOLUTIONS PTF,10,rhoskins@sullivanprocess.com,,OCEAN AUTOMATION SOLUTIONS PTF,,"50 TUAS AVE 11, #01-05 TUAS LOT",SINGAPORE,639107,,Singapore,Yes,No,11,Yes
OKLAHOMA STEEL & WIRE,No,OKLAHOMA STEEL & WIRE,10,mcass@midamericansteel.com,580-795-2559,OKLAHOMA STEEL & WIRE,580-795-2559,POB 220 HWY 70 S,MADILL,OK,73446,United States,Yes,No,2,No
OM ELECTRICALS SALES,No,OM ELECTRICALS SALES,10,rhoskins@sullivanprocess.com,,OM ELECTRICALS SALES,,"AND SERVICES 36
ASHOP ALAV MARKET
NEAR MODHERA CROSS ROAD",MEHSANA 384,,,India,Yes,No,2,Yes
OMNI SALES INTERNATIONAL,No,OMNI SALES INTERNATIONAL,10,info@omnisales-intl.com,(870) 863-5346,OMNI SALES INTERNATIONAL,(870) 863-5346,"POB 10901
518 S JACKSON AVENUE",EL DORADO,AR,71730,United States,Yes,No,2,No
ONEOK INC,No,ONEOK INC,6,POAccountspayable@oneok.com,(918) 246-4773,ONEOK INC,(918) 246-4773,100 WEST 5TH ST,TULSA,OK,74103,United States,Yes,No,17,Yes
OOG-TKP OIL SERVICES LTD,No,OOG-TKP OIL SERVICES LTD,10,rhoskins@sullivanprocess.com,5.54734E+11,OOG-TKP OIL SERVICES LTD,554733901500,"MAPLES CORP SERVICES LTD
POB 209 UGLAND HOUSE",GRAND CAYMAN,KY1-1104,,Cayman Islands,Yes,No,11,Yes
OPD,No,OPD,8,accountspayable@opdepc.com,2813717500,OPD,2813717500,POB 810,KATY,TX,77493,United States,Yes,No,2,No
ORG CHEM GROUP,No,ORG CHEM GROUP,2,kmoseley@chem-group.com,18127598335,ORG CHEM GROUP,18127598335,POB 3642,EVANSVILLE,IN,47711,United States,Yes,No,2,No
OTTER TAIL POWER (COYOTE),No,OTTER TAIL POWER (COYOTE),4,coyoteadmin@otpco.com,(701) 873-2571,OTTER TAIL POWER (COYOTE),(701) 873-2571,"POB 339
6240 13TH STREET",BEULAH,ND,58523,United States,Yes,No,2,Yes
OTTER TAIL POWER CO,No,OTTER TAIL POWER CO,4,mrheault@otpco.com,(218) 739-8130,OTTER TAIL POWER CO,(218) 739-8130,"SOURCING DEPT
POB 496",FERGUS FALLS,MN,56537,United States,Yes,No,11,No
OWENS ILLINOIS,No,OWENS ILLINOIS,3,john.koontz@o-i.com,(336) 225-9534,OWENS ILLINOIS,(336) 225-9534,9698 OLD HWY 52,LEXINGTON,NC,27295,United States,Yes,No,3,Yes
PACKAGING CORP OF AMERICA,No,PACKAGING CORP OF AMERICA,5,DERAccountsPayable@packagingcorp.com,(337) 462-4094,PACKAGING CORP OF AMERICA,(337) 462-4094,"ATTN: ACCOUNTS PAYABLE
POB 1060",DERIDDER,LA,70634,United States,Yes,No,2,No
PARIS GENERATION LP,No,PARIS GENERATION LP,4,vivian.mueller@mesquitegen.com,(903) 785-2992,PARIS GENERATION LP,(903) 785-2992,"ATTN: ACCTS PAYABLE
301 LAKE CROOK ROAD",PARIS,TX,75460,United States,Yes,No,2,No
PARKER HANNIFIN CORP,No,PARKER HANNIFIN CORP,10,thomas.scott@parker.com,(308) 344-3207,PARKER HANNIFIN CORP,(308) 344-3207,400 SOUTH STREET,MCCOOK,NE,69001,United States,Yes,No,11,No
PCO,No,PCO,10,malarrabee@pco2.com,(281) 421-1321,PCO,(281) 421-1321,POB 1922,BAYTOWN,TX,77520,United States,Yes,No,2,No
PELICAN INDUSTRIAL SALES CORP,No,PELICAN INDUSTRIAL SALES CORP,10,piscor94@gmail.com,63888587560,PELICAN INDUSTRIAL SALES CORP,63888587560,"DOOR 202 2ND FLOOR VAAJ SQUARE, ZONE 12",CAGAYAN DE ORO CITY,KAUSWAGAN,9000,United States,Yes,No,11,Yes
PERFORMANCE DRIVES,No,PERFORMANCE DRIVES,10,perdrives.jt@gmail.com,,PERFORMANCE DRIVES,,"ATTN: AVERY RICHARDSON
POB 1682",RICHLANDS,VA,24641,United States,Yes,No,2,Yes
PERGAN,No,PERGAN,2,ap@pergan-na.com,(903) 638-5141,PERGAN,(903) 638-5141,710A BUSSEY RD,MARSHALL,TX,75670,United States,Yes,No,2,No
PERMIAN VALVE REPAIR INC,No,PERMIAN VALVE REPAIR INC,10,clayton@permianvalve.com,(432) 381-1313,PERMIAN VALVE REPAIR INC,(432) 381-1313,4301 N CR WEST,ODESSA,TX,79764,United States,Yes,No,11,No
PETRO PROCESSING,No,PETRO PROCESSING,10,petroprocessing@gmail.com,(940) 393-5729,PETRO PROCESSING,(940) 393-5729,POB 1144,BRIDGE PORT,TX,76426,United States,Yes,No,2,No
PHOENIX CEMENT CO,No,PHOENIX CEMENT CO,3,apgeneralmail@srmaterials.com,(480) 850-5757,PHOENIX CEMENT CO,(480) 850-5757,"SALT RIVER MATERIALS 
8800 E CHAPARRAL RD 
STE# 155",SCOTTSDALE,AZ,85250-2606,United States,Yes,No,2,No
PILGRIMS PRIDE,No,PILGRIMS PRIDE,3,apinvoices@jbssa.com,,PILGRIMS PRIDE,,1770 PROMONTORY CIRCLE,GREELEY,CO,80634,United States,Yes,No,17,No
PILOT CHEMICAL HOLDINGS INC,No,PILOT CHEMICAL HOLDINGS INC,2,Accountpayable@pilotchemical.com,(513) 326-0600,PILOT CHEMICAL HOLDINGS INC,(513) 326-0600,"9075 CENTRE POINTE DRIVE
STE# 400",WEST CHESTER,OH,45069,United States,Yes,No,2,No
PNEUMATIC CONTROL INC,No,PNEUMATIC CONTROL INC,10,fletcherperez@pneumaticcontrol.com,(661) 325-1200,PNEUMATIC CONTROL INC,(661) 325-1200,"DBA CONTROL SPECIALTIES
POB 80907",BAKERSFIELD,CA,93380-0907,United States,Yes,No,2,Yes
POLYMER PRODUCTS,No,POLYMER PRODUCTS,2,credit@polymer-product.com,(817) 265-6731,POLYMER PRODUCTS,(817) 265-6731,2613 AVIATION PKWY,GRAND PRAIRIE,TX,75052,United States,Yes,No,2,No
PORTERSVILLE PRD LLC,No,PORTERSVILLE PRD LLC,10,AP@PORTERSVILLEPRD.COM,(724) 368-8725,PORTERSVILLE PRD LLC,(724) 368-8725,2680 NEW BUTLER ROAD,NEW CASTLE,PA,16101,United States,Yes,No,2,Yes
POTLATCH/DELTIC TIMBER CORP,No,POTLATCH/DELTIC TIMBER CORP,5,ap@potlatchdeltic.com,5093432804,POTLATCH/DELTIC TIMBER CORP,5093432804,601 W 1ST AVENUE STE# 1600,SPOKANE,WA,99201,United States,Yes,No,2,No
"Powerpac, LLC",No,"Powerpac, LLC",8,jimmeyer4559@gmail.com,(660) 619-6367,"Powerpac, LLC",(660) 619-6367,26407 Prairie Rd,Sedalia,MO,65301,United States,Yes,No,2,No
PRAXAIR (NY),No,PRAXAIR (NY),2,AP_PTC@praxair.com,,PRAXAIR (NY),,POB 808,TONAWANDA,NY,14151-0808,United States,Yes,No,2,No
PRECISION SERVICES,No,PRECISION SERVICES,10,apinvoices@ppvs.com,(859) 371-9003,PRECISION SERVICES,(859) 371-9003,1829 LASER LANE,LOUISVILLE,KY,40299,United States,Yes,No,2,No
PRECISION VALVE SERVICES LLC,No,PRECISION VALVE SERVICES LLC,10,scott@precisionvalveservices.com,,PRECISION VALVE SERVICES LLC,,5209 SIERRA VISTA DRIVE,CARLSBAD,NM,88220,United States,Yes,No,11,Yes
"PROMAR INTERNATIONAL MFG, LLC",No,"PROMAR INTERNATIONAL MFG, LLC",10,promarintl@promarintl.com,(909) 868-2930,"PROMAR INTERNATIONAL MFG, LLC",(909) 868-2930,POB 1721,STAFFORD,TX,77497-1721,United States,Yes,No,2,No
"Prometheus Energy Group, Inc.",No,"Prometheus Energy Group, Inc.",2,,(832) 456-6500,"Prometheus Energy Group, Inc.",(832) 456-6500,10375 Richmond Ave # 700,Houston,TX,77042,United States,Yes,No,11,No
PROTHERM CORP,No,PROTHERM CORP,8,rob@prothermcorp.com,(314) 894-6720,PROTHERM CORP,(314) 894-6720,11108 SOUTH TOWNE SQUARE,SAINT LOUIS,MO,63123-7813,United States,Yes,No,2,No
PSPI - POTSDAM SPECIALTY PAPER INC,No,PSPI - POTSDAM SPECIALTY PAPER INC,5,PSPIAccounting@pspi.us.com,(315) 265-4000,PSPI - POTSDAM SPECIALTY PAPER INC,(315) 265-4000,547 A SISSONVILLE ROAD,POTSDAM,NY,13676,United States,Yes,No,2,No
PT INTI BERKAT MANDIRI,No,PT INTI BERKAT MANDIRI,10,rhoskins@sullivanprocess.com,,PT INTI BERKAT MANDIRI,,MUTIARA TAMAN PALEM BLOK C19 NO. 87,JAKARTA BARAT 11730,,,Indonesia,Yes,No,11,Yes
PT SIGMA KREASI INSTRUMENTS,No,PT SIGMA KREASI INSTRUMENTS,10,,,PT SIGMA KREASI INSTRUMENTS,,"JL ANGGREK NELI MUNIC 123
KEMANGGISAN",JAKARTA BARAT 11480,INDONESIA,,Indonesia,Yes,No,11,Yes
PUMP SYSTEMS INC,No,PUMP SYSTEMS INC,10,Nicka@PumpSystemsNC.com,(336) 992-2929,PUMP SYSTEMS INC,(336) 992-2929,POB 1090,KERNERSVILLE,NC,27285,United States,Yes,No,2,No
PVF INDUSTRIAL SUPPLY,No,PVF INDUSTRIAL SUPPLY,10,jadams@pvfind.com,(903) 255-7762,PVF INDUSTRIAL SUPPLY,(903) 255-7762,710 THOMPSON AVENUE,TEXARKANA,TX,75501,United States,Yes,No,2,No
PVS CHEMICAL,No,PVS CHEMICAL,2,solutionspayables@pvschemicals.com,773-933-8800,PVS CHEMICAL,773-933-8800,"Attn: Accounts Payable
10900 HARPER AVE",DETROIT,MI,48213,United States,Yes,No,2,No
QUEST VALVE & CONTROLS,No,QUEST VALVE & CONTROLS,10,richard.coleman@questvalve.com,(281) 975-2429,QUEST VALVE & CONTROLS,(281) 975-2429,10194 FAIRBANKS NORTH HOUSTON RD,HOUSTON,TX,77064,United States,Yes,No,2,Yes
R LACY,No,R LACY,6,cgreer@rlacy.com,(903) 758-8276,R LACY,(903) 758-8276,222 E TYLER STREET,LONGVIEW,TX,75601,United States,Yes,No,2,Yes
R.F. MacDONALD CO,No,R.F. MacDONALD CO,10,Accounts.Payable@RFMacDonald.com,(510) 670-7406,R.F. MacDONALD CO,(510) 670-7406,"ACCTS PAYABLE
25920 EDEN LANDING RD",HAYWARD,CA,94545,United States,Yes,No,2,Yes
R360,No,R360,3,joshuaco@R360es.com,(337) 824-3194,R360,(337) 824-3194,11031 CAMPBELL WELLS RD,JENNINGS,LA,70546,United States,Yes,No,11,Yes
R4 SPECIALTIES INC,No,R4 SPECIALTIES INC,10,Trey@r4specialties.com,(337) 652-5328,R4 SPECIALTIES INC,(337) 652-5328,"10111 GRANT ROAD
STE Q",HOUSTON,TX,77070,United States,Yes,No,2,No
RDG PROSOLUTIONS LLC,No,RDG PROSOLUTIONS LLC,8,Pj@rdgpro.com,(815) 641-8836,RDG PROSOLUTIONS LLC,(815) 641-8836,2314 ROUTE 59 #143,PLAINFIELD,IL,60586,United States,Yes,No,2,No
REAGAN POWER & COMRESSION,No,REAGAN POWER & COMRESSION,8,apinvoices@reaganpower.com,(337) 364-1263,REAGAN POWER & COMRESSION,(337) 364-1263,1347 EVANGELINE THRUWAY,BROUSSARD,LA,70518-8018,United States,Yes,No,2,No
RECARBON INC,No,RECARBON INC,8,rhoskins@sullivanprocess.com,(408) 980-4700,RECARBON INC,(408) 980-4700,3350 SCOTT BLVD BLDG 16,SANTA CLARA,CA,95054,United States,Yes,No,11,No
RECON PUMP,No,RECON PUMP,10,nicole@reconpump.com,(978) 833-3352,RECON PUMP,(978) 833-3352,39 RUGG RD,STERLING,MA,01564,United States,Yes,No,2,Yes
RED OAK TREATING LLC,No,RED OAK TREATING LLC,6,accountspayable@resetenergy.com,(432) 682-2020,RED OAK TREATING LLC,(432) 682-2020,POB 8601,MIDLAND,TX,79708,United States,Yes,No,2,Yes
REGENCY GAS (DUBACH),No,REGENCY GAS (DUBACH),6,accountspayable@energytransfer.com,318-777-4002,REGENCY GAS (DUBACH),318-777-4002,201 OAK ST,DUBACH,LA,71235,United States,Yes,No,2,No
RES ENERGY SOLUTIONS,No,RES ENERGY SOLUTIONS,10,scott.hall@res-co.com,(678) 746-2400,RES ENERGY SOLUTIONS,(678) 746-2400,POB 842990,DALLAS,TX,75284-2990,United States,Yes,No,11,No
"Reset Energy, LP",No,"Reset Energy, LP",8,AccountsPayable@ResetEnergy.com,4326822020,"Reset Energy, LP",4326822020,POB 8601,Midland,TX,79708,United States,Yes,No,2,No
RIGGINS COMPANY,No,RIGGINS COMPANY,10,accountspayable@rigginscompany.com,(757) 826-0525,RIGGINS COMPANY,(757) 826-0525,410 ROTARY STREET,HAMPTON,VA,23661,United States,Yes,No,17,No
RIVER VALLEY ANIMAL FOODS,No,RIVER VALLEY ANIMAL FOODS,3,Dennis.Kloss@tyson.com,,RIVER VALLEY ANIMAL FOODS,,"TYSON FOODS
POB 2020",SPRINGDALE,AR,72765-2020,United States,Yes,No,2,No
ROCKCLIFF ENERGY MANAGEMENT,No,ROCKCLIFF ENERGY MANAGEMENT,6,David.Hunter@Rockcliffenergy.com,(713) 351-0500,ROCKCLIFF ENERGY MANAGEMENT,(713) 351-0500,1301 MCKINNEY STREET STE# 1300,HOUSTON,TX,77010,United States,Yes,No,2,Yes
ROCKWELL AUTOMATION,No,ROCKWELL AUTOMATION,10,raaccountspayablemke@ra.rockwell.com,(414) 382-2733,ROCKWELL AUTOMATION,(414) 382-2733,POB 2167,MILWAUKEE,WI,53201,United States,Yes,No,17,No
S4M LTD,No,S4M LTD,10,info@solutions4mfg.com,(217) 245-2919,S4M LTD,(217) 245-2919,"DBA SOULUTIONS 4 MFG
1627 BALDWIN ROAD",JACKSONVILLE,IL,61650,United States,Yes,No,11,No
"Salt Creek Midstream, LLC",No,"Salt Creek Midstream, LLC",6,Diane.Tersero@armenergy.com,2816553200,"Salt Creek Midstream, LLC",2816553200,20329 State Highway 249,Houston,TX,77070,United States,Yes,No,2,Yes
SCANCONTROLS ING. LTDA,No,SCANCONTROLS ING. LTDA,10,asistente.ventas@scancontrols.cl,,SCANCONTROLS ING. LTDA,,AV RADOMIRO TOMIC N 8153,ANTOFAGASTA,CHILE,,Chile,Yes,No,2,Yes
SCFM COMPRESSION SYSTEMS,No,SCFM COMPRESSION SYSTEMS,8,ap@scfm.com,(918) 663-1309,SCFM COMPRESSION SYSTEMS,(918) 663-1309,8665 WEST 78TH STREET SOUTH,TULSA,OK,74131-3289,United States,Yes,No,2,No
SCHIMBERG CO.,No,SCHIMBERG CO.,10,khoffman@schimberg.com,(319) 365-9421,SCHIMBERG CO.,(319) 365-9421,1106 SHAVER ROAD NE,CEDAR RAPIDS,IA,52402,United States,Yes,No,11,No
SCHWEITZER MAUDIT CO,No,SCHWEITZER MAUDIT CO,5,cpotash@swmintl.com,(518) 329-5135,SCHWEITZER MAUDIT CO,(518) 329-5135,POB 10,ANCRAM,NY,12502-0010,United States,Yes,No,11,Yes
SCOUT ENERGY MANAGEMENT,No,SCOUT ENERGY MANAGEMENT,6,Janet.Watson@scoutep.com,(972) 865-7571,SCOUT ENERGY MANAGEMENT,(972) 865-7571,2225 W OKLAHOMA AVENUE,ULYSSES,KS,67880,United States,Yes,No,2,Yes
SCS ENERGY,No,SCS ENERGY,4,accountspayable@scsengineers.com,(562) 426-9544,SCS ENERGY,(562) 426-9544,3900 KILROY AIRPORT WAY STE#100,LONG BEACH,CA,90806,United States,Yes,No,2,Yes
SEMINOLE ELECTRIC COOP,No,SEMINOLE ELECTRIC COOP,4,invoices@seminole-electric.com,(813) 963-0994,SEMINOLE ELECTRIC COOP,(813) 963-0994,POB 273000,TAMPA,FL,33688,United States,Yes,No,2,No
SENECA LIGHT AND WATER,No,SENECA LIGHT AND WATER,4,mramey@seneca.sc.us,(864) 885-2735,SENECA LIGHT AND WATER,(864) 885-2735,P.O. BOX 4773,SENECA,SC,29679,United States,Yes,No,2,Yes
SERSINCA INC INDUSTRIAL SUPPLY,No,SERSINCA INC INDUSTRIAL SUPPLY,10,rhoskins@sullivanprocess.com,(305) 406-6700,SERSINCA INC INDUSTRIAL SUPPLY,(305) 406-6700,"1919 NORTH STATE ROAD 7
STE# 201-S",MARGATE,FL,33063,United States,Yes,No,11,Yes
SERVICIOS GALECTRA S.A.,No,SERVICIOS GALECTRA S.A.,10,anastasia@turboefficiency.com,,SERVICIOS GALECTRA S.A.,,AV LAS MISIONES 123,SANTIAGO,NL,67302,United States,Yes,No,2,Yes
SETPOINT INTEGRATED SOLUTIONS.,No,SETPOINT INTEGRATED SOLUTIONS.,10,adpowell@setpointis.com,(318) 343-3000,SETPOINT INTEGRATED SOLUTIONS.,(318) 343-3000,191 FONTANA ROAD,MONROE,LA,71203,United States,Yes,No,11,No
S-G INDUSTRIAL & MACHINE CORP,No,S-G INDUSTRIAL & MACHINE CORP,10,rdurnell@s-gind.com,7702977709,S-G INDUSTRIAL & MACHINE CORP,7702977709,POB 570,MURRAYVILLE,GA,30564,United States,Yes,No,2,No
SM CONTROL VALVES CO LTD,No,SM CONTROL VALVES CO LTD,10,rhoskins@sullivanprocess.com,(662) 403-2501,SM CONTROL VALVES CO LTD,(662) 403-2501,"108/2 MOO4, RATHCAPHRUEK ROAD
BANGKRANG",MUANG NONTABURI,NONTHABURI,NONTAB,United States,Yes,No,2,Yes
SMURFIT KAPPA,No,SMURFIT KAPPA,5,ap.forney@smurfitkappa.com,2145156417.00,SMURFIT KAPPA,2145156417,POB 847,FORNEY,TX,75126,United States,Yes,No,2,No
SNIDER INDUSTRIES,No,SNIDER INDUSTRIES,5,dwoodley@sniderindustries.com,(903) 938-9221,SNIDER INDUSTRIES,(903) 938-9221,POB 668,MARSHALL,TX,75671,United States,Yes,No,2,No
SOLAN TRADING EST,No,SOLAN TRADING EST,10,,,SOLAN TRADING EST,,34TH STREET OLAYA DISTRICT,RIYADH 11534,SAUDIA,,Saudia Arabia,Yes,No,11,Yes
SOLVAY (WSP),No,SOLVAY (WSP),2,,(318) 519-3045,SOLVAY (WSP),(318) 519-3045,POB 929,BLANCHARD,LA,71009,United States,Yes,No,11,Yes
Southcross Energy LLC,No,Southcross Energy LLC,6,accountspayable@southcrossenergy.com,2149793700,Southcross Energy LLC,2149793700,"ACCOUNTS PAYABLE
2103 Citywest Blvd
Ste# 900",Houston,TX,77042,United States,Yes,No,2,Yes
SOUTHERN WATER DISPOSAL,No,SOUTHERN WATER DISPOSAL,6,southern1501@gmail.com,(318) 949-1501,SOUTHERN WATER DISPOSAL,(318) 949-1501,POB 786,HAUGHTON,LA,71037,United States,Yes,No,2,Yes
SPARTAN ENTERPRISES INC.,No,SPARTAN ENTERPRISES INC.,10,stacy@spartanent.com,,SPARTAN ENTERPRISES INC.,,PO BOX 1306,MONTGOMERY,TX,77316,United States,Yes,No,2,Yes
SPC HAUGHTON.,No,SPC HAUGHTON.,7,,,SPC HAUGHTON.,,450 COVINGTON ROAD,HAUGHTON,LA,71037,United States,Yes,No,2,Yes
SPC VICTORIA,No,SPC VICTORIA,7,moneill@sullivanprocess.com,,SPC VICTORIA,,13102 N Navarro St,Victoria,TX,77904,United States,Yes,No,2,No
SPC-HOUSTON,No,SPC-HOUSTON,7,,,SPC-HOUSTON,,9440 BAMBOO ROAD,HOUSTON,TX,77041,United States,Yes,No,2,No
SPECVALVE INC,No,SPECVALVE INC,10,r.tremblay@specvalve.ca,,SPECVALVE INC,,40A RUE DOYON,"ASBESTOS, QC",J1T 1H7,,Canada,Yes,No,11,Yes
SPINDLETOP ENERGY PRODUCTS,No,SPINDLETOP ENERGY PRODUCTS,10,ap@spindletopep.com,(409) 225-5863,SPINDLETOP ENERGY PRODUCTS,(409) 225-5863,850 FANNIN STREET,BEAUMONT,TX,77701,United States,Yes,No,2,No
STARCHEM,No,STARCHEM,2,nathan.vance@star-na.com,(706) 618-0059,STARCHEM,(706) 618-0059,10150 GREENVILLE HWY,WELFORD,SC,29385,United States,Yes,No,11,No
STARCON,No,STARCON,10,apadia@starcon.org,(409) 718-0458,STARCON,(409) 718-0458,260 MARKET PLACE,MANHATTAN,IL,60442,United States,Yes,No,2,No
STARFISH PPS LLC,No,STARFISH PPS LLC,10,cody.faulk@starfishpps.com,,STARFISH PPS LLC,,1419 VANDERBILT DR.,TYLER,TX,75703,United States,Yes,No,2,Yes
STASIS DRILLING SOLUTIONS,No,STASIS DRILLING SOLUTIONS,8,pmuniz@stasisdrilling.com,(281) 841-1711,STASIS DRILLING SOLUTIONS,(281) 841-1711,5007 HAZEL JONES ROAD,BOSSIER CITY,LA,71111,United States,Yes,No,11,Yes
STASIS DRILLING SOLUTIONS (TX),No,STASIS DRILLING SOLUTIONS (TX),8,jmccarver@stasisdrilling.com,(346) 326-5870,STASIS DRILLING SOLUTIONS (TX),(346) 326-5870,2301 OIL CENTER COURT,HOUSTON,TX,77073,United States,Yes,No,2,Yes
STATELINE PROCESSING LLC,No,STATELINE PROCESSING LLC,6,WTXINVOICES@HOWARDEP.COM,(210) 298-2222,STATELINE PROCESSING LLC,(210) 298-2222,338 RM 652 EAST,ORLA,TX,79770,United States,Yes,No,2,Yes
STEFFES METAL PRODUCTS,No,STEFFES METAL PRODUCTS,8,kbarron@steffes.com,(701) 456-7467,STEFFES METAL PRODUCTS,(701) 456-7467,3050 HWY 22 N,DICKINSON,ND,58601-9413,United States,Yes,No,2,No
STRATEGIC ENERGY PRODUCTS LLC,No,STRATEGIC ENERGY PRODUCTS LLC,9,marlaobrien@sep-usa.com,(432) 254-4803,STRATEGIC ENERGY PRODUCTS LLC,(432) 254-4803,"3915 W DAVIS ST. 
STE# 130",CONROE,TX,77304,United States,Yes,No,17,No
SULPHUR RIVER EXPLORATION,No,SULPHUR RIVER EXPLORATION,6,Acctg@sulphurriver.com,(903) 734-7248,SULPHUR RIVER EXPLORATION,(903) 734-7248,POB 948,GILMER,TX,75645,United States,Yes,No,2,No
SUMMIT VALVE SOLUTIONS,No,SUMMIT VALVE SOLUTIONS,10,accounting@summitvalves.com,(801) 253-8878,SUMMIT VALVE SOLUTIONS,(801) 253-8878,49 WEST 9000 SOUTH,SALT LAKE CITY,UT,84070,United States,Yes,No,2,No
SUNY RF,No,SUNY RF,3,cnsesffm@sunypoly.edu,(518) 956-7051,SUNY RF,(518) 956-7051,"THE RESEARCH FOUNDATION
BOX 9",ALBANY,NY,12201-0009,United States,Yes,No,2,No
SVI - SOUTHEASTERN VALVE INC,No,SVI - SOUTHEASTERN VALVE INC,10,medlock@svi-industrial.com,(704) 644-5165,SVI - SOUTHEASTERN VALVE INC,(704) 644-5165,POB 7850,CHARLOTTE,NC,28241,United States,Yes,No,11,Yes
SWANSON FLO,No,SWANSON FLO,10,accountspayable@swansonflo.com,(763) 383-4700,SWANSON FLO,(763) 383-4700,151 Cheshire Ln N Ste 700,Plymouth,MN,55441,United States,Yes,No,2,No
SWENT FABRICATION & MACHINE LTD,No,SWENT FABRICATION & MACHINE LTD,10,office@swentltd.com,(905) 776-2620,SWENT FABRICATION & MACHINE LTD,(905) 776-2620,4816 RAINHAM ROAD,SELKIRK,ONTARIO,NPA 1PO,Canada,Yes,No,11,No
SYST USA CORP,No,SYST USA CORP,10,,,SYST USA CORP,,9741 SW 123 STREET,MIAMI,FL,33166,United States,Yes,No,11,Yes
TAMINCO US LLC,No,TAMINCO US LLC,2,USPOINV@EASTMAN.COM,(225) 642-3192,TAMINCO US LLC,(225) 642-3192,"A SUBSIDIARY OF EASTMAN CHEMICAL CO
ACCTS PAYABLE DEPT
POB 511",KINGSPORT,TN,37662,United States,Yes,No,2,Yes
TARGA RESOURCES,No,TARGA RESOURCES,6,invoices@targaresources.com,7135841500,TARGA RESOURCES,7135841500,"ACCOUNTS PAYABLE
811 LOUISIANA STREET
STE #2100",HOUSTON,TX,77002,United States,Yes,No,2,No
TECHNOLOGIES INTERNATIONAL,No,TECHNOLOGIES INTERNATIONAL,8,,,TECHNOLOGIES INTERNATIONAL,,3149 BROADWAY STE# 16,NEW YORK,NY,10027,United States,Yes,No,11,No
TECH-QUIP INC.,No,TECH-QUIP INC.,10,sflorrow@techquip.com,(281) 484-4830,TECH-QUIP INC.,(281) 484-4830,PO BOX 890649,HOUSTON,TX,77289,United States,Yes,No,2,No
TENCARVA MACHINERY COMPANY,No,TENCARVA MACHINERY COMPANY,10,dkirkman@tencarva.com,,TENCARVA MACHINERY COMPANY,,1115 PLEASANT RIDGE ROAD,GREENSBORO,NC,27409,United States,Yes,No,2,Yes
TEXAS EASTERN/SPECTRA ENERGY,No,TEXAS EASTERN/SPECTRA ENERGY,6,kyle.warner@enbridge.com,(318) 396-1238,TEXAS EASTERN/SPECTRA ENERGY,(318) 396-1238,309 WORTHEY RD,WEST MONROE,LA,71291,United States,Yes,No,11,Yes
TFE GROUP INC,No,TFE GROUP INC,10,christelle.smith@grouptfe.com,8323976740,TFE GROUP INC,8323976740,1416 NORTH SAM HOUSTON PKWY EAST STE# 180,HOUSTON,TX,77032,United States,Yes,No,2,No
THANH NGUYEN TECHNOLOGY EQUIPMENT,No,THANH NGUYEN TECHNOLOGY EQUIPMENT,10,,,THANH NGUYEN TECHNOLOGY EQUIPMENT,,"WASECO TOWER
10 PHO QUANG STR WARD 2",TAN BINH DIST,HOCKIMINH CITY,,Vietnam,Yes,No,2,Yes
THE BLYTHE COMPANY (SC),No,THE BLYTHE COMPANY (SC),10,ann@theblythecompany.com,7048431960,THE BLYTHE COMPANY (SC),7048431960,9485 OLD BAILES RD,FORT MILLS,SC,29707,United States,Yes,No,2,No
THERMOGEN POWER SERVICES,No,THERMOGEN POWER SERVICES,10,,,THERMOGEN POWER SERVICES,,210-1200 ST JACQUES,MONTREAL,QUEBEC,H3C 0E9,Canada,Yes,No,11,Yes
THOMPSON EQUIPMENT COMPANY,No,THOMPSON EQUIPMENT COMPANY,10,APinvoices@teco-inc.com,(504) 833-6381,THOMPSON EQUIPMENT COMPANY,(504) 833-6381,PO BOX 4189,NEW ORLEANS,LA,70178,United States,Yes,No,2,Yes
THURMOND MCGLOTHLIN LLC,No,THURMOND MCGLOTHLIN LLC,10,tammyc@tmems.com,(806) 228-7108,THURMOND MCGLOTHLIN LLC,(806) 228-7108,POB 2358,PAMPA,TX,79066-2358,United States,Yes,No,2,No
TOA INSTRUMENTACION INDUSTRIAL,No,TOA INSTRUMENTACION INDUSTRIAL,10,ciacontrolac@aim.com,(956) 843-8289,TOA INSTRUMENTACION INDUSTRIAL,(956) 843-8289,"NUEVA CASTILLA NO. 4205 FRACC
RESIDENTIAL LINCOLN C.P.",NUEVO LEON,64310,64020,Mexico,Yes,No,11,Yes
TOOLPUSHERS SUPPLY CO,No,TOOLPUSHERS SUPPLY CO,10,tps.ap@truecos.com,(307) 266-0484,TOOLPUSHERS SUPPLY CO,(307) 266-0484,POB 1714,CASPER,WY,82602,United States,Yes,No,2,No
TOPS PIPELINE LLC,No,TOPS PIPELINE LLC,6,ap@alignmidstream.com,(281) 989-4787,TOPS PIPELINE LLC,(281) 989-4787,600 TRAVIS ST. SUITE 5500,HOUSTON,TX,77002,United States,Yes,No,2,No
TOWN OF LOGANSPORT,No,TOWN OF LOGANSPORT,4,,(318) 272-2577,TOWN OF LOGANSPORT,(318) 272-2577,POB 400,LOGANSPORT,LA,71049,United States,Yes,No,2,No
TOWN OF OCEAN CITY,No,TOWN OF OCEAN CITY,4,mshowell@oceancitymd.gov,(410) 524-6762,TOWN OF OCEAN CITY,(410) 524-6762,6405 SEA BAY DRIVE,OCEAN CITY,MD,21842,United States,Yes,No,2,No
TRAC,No,TRAC,3,,(979) 357-2243,TRAC,(979) 357-2243,17654 FORDTRAN BLVD,INDUSTRY,TX,78944,United States,Yes,No,2,Yes
TRECORA CHEMICAL,No,TRECORA CHEMICAL,2,ap@trecchem.com,(281) 474-7500,TRECORA CHEMICAL,(281) 474-7500,12500 BAY AREA BLVD,PASADENA,TX,77507,United States,Yes,No,2,No
TREMCO CPG MANUFACTURING CORP,No,TREMCO CPG MANUFACTURING CORP,3,JCOLLINS@TREMCOINC.COM,(430) 216-8913,TREMCO CPG MANUFACTURING CORP,(430) 216-8913,2733 STATE HWY 31 W,CORSICANA,TX,75109,United States,Yes,No,2,Yes
TRICOR REFINING,No,TRICOR REFINING,2,nikkit@tricorrefining.com,661.393.7110,TRICOR REFINING,661.393.7110,POB 5877,BAKERSFIELD,CA,93388-5877,United States,Yes,No,2,No
TRINOVA INC.,No,TRINOVA INC.,9,alap@TriNovaInc.com,(251) 378-7837,TRINOVA INC.,(251) 378-7837,4485 LAUGHLIN DRIVE S,MOBILE,AL,36693,United States,Yes,No,2,No
TRUE OIL,No,TRUE OIL,6,matt.alexander@truecoast.com,(406) 478-7080,TRUE OIL,(406) 478-7080,14080 14th STREET NW,ARNEGARD,ND,58835,United States,Yes,No,11,Yes
TYSON FARMS,No,TYSON FARMS,3,APHanceville@tyson.com,(256) 970-6126,TYSON FARMS,(256) 970-6126,"RIVER VALLEY INGREDIENTS
POB 429",HANCEVILLE,AL,35077,United States,Yes,No,2,No
UCOR URS,No,UCOR URS,3,Lindsay.Smith@ettp.doe.gov,(865) 241-2418,UCOR URS,(865) 241-2418,POB 4699,OAK RIDGE,TN,37831,United States,Yes,No,11,No
UGI DEVELOPMENT,No,UGI DEVELOPMENT,4,accountspayable@ugies.com,(570) 542-2780,UGI DEVELOPMENT,(570) 542-2780,835 KNITTING MILLS WAY,WYOMISSING,PA,19610,United States,Yes,No,2,Yes
UNISYS MIDDLE EAST & AFRICA,No,UNISYS MIDDLE EAST & AFRICA,10,rhoskins@sullivanprocess.com,,UNISYS MIDDLE EAST & AFRICA,,"UNIT# G1-21
POB 2641",AJMAN FREE ZONE,AJAMAN,,United Arab Emirates,Yes,No,2,Yes
UNITED INDUSTRIAL RESOURCES,No,UNITED INDUSTRIAL RESOURCES,10,frank.costello64@yahoo.com,(713) 834-5764,UNITED INDUSTRIAL RESOURCES,(713) 834-5764,9688 WESTHEIMER STE# 200-205,HOUSTON,TX,77063,United States,Yes,No,2,Yes
UNIVERSAL TRADING SERVICES,No,UNIVERSAL TRADING SERVICES,10,,,UNIVERSAL TRADING SERVICES,,80 STOOPS LANE,BESSACARR,DONCASTER,DN4 7RY,United Kingdom,Yes,No,2,Yes
URBAN OIL AND GAS,No,URBAN OIL AND GAS,6,krasmussen@urbanoilandgas.com,(435) 636-2402,URBAN OIL AND GAS,(435) 636-2402,POB 211 ELMO,ELMO,UT,84521,United States,Yes,No,2,Yes
US NITROGEN LLC,No,US NITROGEN LLC,2,invoicing-usn@austinpowder.com,(423) 422-2040,US NITROGEN LLC,(423) 422-2040,471 POTTERTOWN ROAD,MIDWAY,TN,37809,United States,Yes,No,2,Yes
VALIN CORP,No,VALIN CORP,10,nhenry@valin.com,(480) 336-2602,VALIN CORP,(480) 336-2602,POB 270420,ST LOUIS,MO,63127-0420,United States,Yes,No,2,Yes
VALLEN DISTRIBUTION,No,VALLEN DISTRIBUTION,10,ap@vallen.com,(678) 746-1450,VALLEN DISTRIBUTION,(678) 746-1450,CALLER SERVICE 1819,ALPHARETTE,GA,30023,United States,Yes,No,2,No
VALVE & INSTRUMENT EXPRESS LLC,No,VALVE & INSTRUMENT EXPRESS LLC,10,ginny@fourtotwenty.com,(908) 403-7048,VALVE & INSTRUMENT EXPRESS LLC,(908) 403-7048,POB 5072,BASKING RIDGE,NJ,07920,United States,Yes,No,2,No
VALVE RECONDITIONING SERVICE,No,VALVE RECONDITIONING SERVICE,10,acarbonaro@vrsinc.net,(313) 928-5980,VALVE RECONDITIONING SERVICE,(313) 928-5980,17180 FRANCIS,MELVINDALE,MI,48122,United States,Yes,No,2,No
VAOS LTD.,No,VAOS LTD.,8,,,VAOS LTD.,,99 LEVEL 3. MILL STREET,QRM3100,,,Malta,Yes,No,11,Yes
VENERGY GROUP,No,VENERGY GROUP,8,AP@venergygroup.com,(772) 468-0053,VENERGY GROUP,(772) 468-0053,3130 SEMINOLE ROAD,FORT PIERCE,FL,34951,United States,Yes,No,2,No
VERITAS GAS PROCESSING,No,VERITAS GAS PROCESSING,8,accounting@jasperventuresinc.com,,VERITAS GAS PROCESSING,,101 GLENDA ST,WHITEHOUSE,TX,75791,United States,Yes,No,2,No
VESCO,No,VESCO,10,vescoinvoices@reagan.com,(580) 256-2569,VESCO,(580) 256-2569,POB 246,WOODWARD,OK,73802,United States,Yes,No,11,No
VESCO INC.,No,VESCO INC.,10,VESCOINVOICES@REAGAN.COM,(580) 256-2569,VESCO INC.,(580) 256-2569,PO BOX 246,WOODWARD,OK,73802,United States,Yes,No,11,No
VP SALES & MANUFACTURING L.P.,No,VP SALES & MANUFACTURING L.P.,10,,(361) 664-2999,VP SALES & MANUFACTURING L.P.,(361) 664-2999,2733 HWY 44 WEST,ALICE,TX,78332,United States,Yes,No,2,No
VRC PROTX LLC,No,VRC PROTX LLC,10,ap@vrcprotx.com,(248) 658-9251,VRC PROTX LLC,(248) 658-9251,26511 HARDING,OAK PARK,MI,48237,United States,Yes,No,2,Yes
W.R. GRACE & CO.,No,W.R. GRACE & CO.,2,AccountsPayable.GOC@grace.com,(423) 697-8258,W.R. GRACE & CO.,(423) 697-8258,POB 429,COLUMBIA,MD,21045,United States,Yes,No,2,No
WARE INC,No,WARE INC,10,accounts.payable@wareinc.com,(502) 962-0978,WARE INC,(502) 962-0978,4005 PRODUCE ROAD,LOUISVILLE,KY,40218,United States,Yes,No,2,No
WARRIOR SUPPLY INC,No,WARRIOR SUPPLY INC,1,staton@warriorsupply.com,(830) 672-6400,WARRIOR SUPPLY INC,(830) 672-6400,POB 4989,VICTORIA,TX,77903,United States,Yes,No,2,No
WEIDMANN ELECTRICAL TECH,No,WEIDMANN ELECTRICAL TECH,10,ap.weti-usasj@weidmann-group.com,(937) 652-1220,WEIDMANN ELECTRICAL TECH,(937) 652-1220,"POB 903
ONE GORDON MILLS WAY",ST JONESBURY,VT,05819-0903,United States,Yes,No,2,No
WEISS INDUSTRIAL,No,WEISS INDUSTRIAL,9,Accounting@WeissIndustrial.com,(412) 344-1500,WEISS INDUSTRIAL,(412) 344-1500,"300 MT LEBANON BLVE
STE# 2202",PITTSBURGH,PA,15234,United States,Yes,No,2,Yes
WELLHEAD SERVICES,No,WELLHEAD SERVICES,9,AccountsPayable@Wellhead.com,(916) 447-5171,WELLHEAD SERVICES,(916) 447-5171,650 BERCUT DRIVE STE C,SACRAMENTO,CA,95811,United States,Yes,No,2,Yes
WEST MECHANICAL,No,WEST MECHANICAL,9,shawn.west@westmechanicalservice.com,(270) 702-7700,WEST MECHANICAL,(270) 702-7700,80 WEST CALVERT LANE,ISLAND,KY,42350,United States,Yes,No,11,Yes
WESTERN PROCESS CONTROLS PTY LTD,No,WESTERN PROCESS CONTROLS PTY LTD,10,FangFangW@wpc.com.au,618 9455 3590,WESTERN PROCESS CONTROLS PTY LTD,618 9455 3590,1 HARVARD WAY,CANNING VALE,WA,6155,United States,Yes,No,2,Yes
WESTERN STATES AUTOMATION,No,WESTERN STATES AUTOMATION,9,accounting@westernstatesautomation.com,(866) 473-2747,WESTERN STATES AUTOMATION,(866) 473-2747,POB 46033,BOISE,ID,83711,United States,Yes,No,2,No
WESTROCK,No,WESTROCK,9,POInvoices@westrock.com,(904) 330-3115,WESTROCK,(904) 330-3115,POB 100084,DULUTH,GA,30096,United States,Yes,No,2,No
WGS EQUIPMENT & CONTROLS INC,No,WGS EQUIPMENT & CONTROLS INC,10,lynn@wgsequipment.com,(610) 459-8800,WGS EQUIPMENT & CONTROLS INC,(610) 459-8800,"3060 PLAZA DRIVE, SUITE 110",GARNET VALLEY,PA,19060,United States,Yes,No,2,No
WHEELABRATOR FALLS INC.,No,WHEELABRATOR FALLS INC.,3,APInvoices@win-waste.com,(215) 736-1760,WHEELABRATOR FALLS INC.,(215) 736-1760,"90 ARBORETUM DRIVE, SUITE 300",PORTSMOUTH,NH,03801,United States,Yes,No,2,Yes
WHITCO Instument Sales & Service,No,WHITCO Instument Sales & Service,10,hfholmes@att.net,(432) 639-2086,WHITCO Instument Sales & Service,(432) 639-2086,POB 65,IRAAN,TX,79744,United States,Yes,No,2,No
WHITCO SUPPLY,No,WHITCO SUPPLY,1,ap@whitcosupply.com,(337) 837-2440,WHITCO SUPPLY,(337) 837-2440,200 N MORGAN AVENUE,BROUSSARD,LA,70518,United States,Yes,No,2,No
WHITE ROCK OIL & GAS,No,WHITE ROCK OIL & GAS,6,tharrison@whiterockog.com,(214) 981-1400,WHITE ROCK OIL & GAS,(214) 981-1400,5810 TENNYSON PARKWAY STE# 500,PLANO,TX,75024,United States,Yes,No,2,Yes
WILLIAMS COMPANY,No,WILLIAMS COMPANY,6,APInvoices@williams.com,(318) 687-0491,WILLIAMS COMPANY,(318) 687-0491,8051 SHREVE PARK DRIVE,SHREVEPORT,LA,71129-2657,United States,Yes,No,2,No
WILLIAMS.,No,WILLIAMS.,6,APinvoices@williams.com,(570) 888-0920,WILLIAMS.,(570) 888-0920,"IBM TULSA DELIVERY CTR, SOUTH 6 B
POB 21218",TULSA,OK,74121-1218,United States,Yes,No,2,Yes
WINN CONSULTING & SERVICE,No,WINN CONSULTING & SERVICE,8,spettyjohn@texasfab.com,(903) 541-4883,WINN CONSULTING & SERVICE,(903) 541-4883,1991 US HWY 175W,JACKSONVILLE,TX,75766,United States,Yes,No,11,Yes
WOODROW LLC,No,WOODROW LLC,10,mike@woodrowvalve.com,(913) 220-0558,WOODROW LLC,(913) 220-0558,19321 BELLBROOK BLVD,GRETNA,NE,68028,United States,Yes,No,2,Yes
XCL MIDSTREAM,No,XCL MIDSTREAM,6,acampbell@xclmidstream.com,(724) 531-8036,XCL MIDSTREAM,(724) 531-8036,1320 S University Dr # 500,Fort Worth,TX,76107,United States,Yes,No,2,No
XTO ENERGY,No,XTO ENERGY,6,Josh_duke@XTOenergy.com,(318) 832-4215,XTO ENERGY,(318) 832-4215,POB 748,COTTON VALLEY,LA,71018,United States,Yes,No,2,Yes
YENNAI AMERICAS LLC,No,YENNAI AMERICAS LLC,10,rhoskins@sullivanprocess.com,(281) 740-2873,YENNAI AMERICAS LLC,(281) 740-2873,5931 UNION SPRINGS,SUGAR LAND,TX,77479-4176,United States,Yes,No,2,No
