Value,Name
Stone,PCT Canopy Top Color
Red,PCT Canopy Top Color
Lime Green,PCT Canopy Top Color
Forest Green,PCT Canopy Top Color
Indigo Blue,PCT Canopy Top Color
Yellow,PCT Canopy Top Color
Sangria Red,PCT Canopy Top Color
Champagne,PCT Canopy Top Color
Caribbean Blue,PCT Canopy Top Color
Silver,PCT Canopy Top Color
Purple,PCT Canopy Top Color
Charcoal,PCT Canopy Top Color
Pearl White,PCT Canopy Top Color
Kansas Blue,PCT Canopy Top Color
Toyota Blue,PCT Canopy Top Color
Matte Black,PCT Canopy Top Color
