Internal ID,Internal ID,Name,Legacy Vendor ID,Acount Number
3559,3559,3 M,32876,32876
3560,3560,3M COMPANY,41837,41837
2582,2582,A & A MANUFACTURING,30252,30252
2583,2583,A & B DEBURRING,42868,42868
2584,2584,A.B. YOUNG,41565,41565
2585,2585,A.E. FLEMING,31702,31702
2586,2586,ABBOTT WORKHOLDING PRODUCTS,40016,40016
2587,2587,ABF,31649,31649
2588,2588,ACCURATE GAGE,32622,32622
2589,2589,ACE HARDWARE,43012,43012
2590,2590,ACE USA,30280,30280
2591,2591,"ACE-TEX ENTERPRISES, INC.","3,174,141,741",31741
2592,2592,"ACS GRAPHICS, INC.",98354,98354
2593,2593,ACS WOOD DALE,30048,30048
2594,2594,"ACTION ENVIROMRNTAL, INC.",30110,30110
2595,2595,"ACTON TECHNOLOGIES, INC.",41660,41660
2596,2596,ADAMS REMCO INC.,30818,30818
2597,2597,ADAPT INC.,31474,31474
2598,2598,ADAZON LABEL & BARCODE SOLUT.,30040,30040
2599,2599,"ADP, INC.",31672,31672
2600,2600,ADVANCE PACKAGING,31856,31856
2601,2601,ADVANCED CONSTRUCTION,31707,31707
2602,2602,ADVANCED DEFLASHING ENTERPRISE,33020,33020
2603,2603,"ADVANCED ELASTOMER SYSTEMS, LP",31484,31484
2604,2604,ADVANCED ENVIRONMENTAL SERVICE,33028,33028
2605,2605,ADVANCED MOLDING TECHNOLOGY,"3,182,141,821",31821
2606,2606,"ADVANCED SYSTEMS & DESIGNS,INC",30081,30081
2607,2607,AGC CHEMICALS AMERICAS INC.,41535,41535
2608,2608,AIAG,32427,32427
2609,2609,AIR SYSTEMS ENGINEERING INC.,33041,33041
2610,2610,AIRGAS SAFETY INC.,30022,30022
2611,2611,"AIRGAS USA, LLC.",30209,30209
2612,2612,AKER INC.,30063,30063
2613,2613,AKRON CONSULTING COMPANY,31691,31691
2614,2614,AKRON RUBBER & DEVELOPMENT,31165,31165
2615,2615,ALLEN BUSINESS MACHINES,"3,191,641,916",31916
2616,2616,ALLIANCE INDUSTRIAL SUPPLY,40036,40036
2617,2617,ALLIED ELECTRONICS INC.,30250,30250
2618,2618,ALLIED METRICS SEALS&FESTN.INC,40072,40072
2619,2619,ALLIUM US HOLDING LLC,98282,98282
2620,2620,ALLSTATE PLASTICS,43049,43049
2621,2621,ALPHAGRAPHICS,30255,30255
2622,2622,ALRO STEEL CORPORATION,"3,120,741,236",31207
2623,2623,"ALTERNATIVE FLASH, INC.",98268,98268
2624,2624,ALVAN MOTOR FREIGHT,32920,32920
2625,2625,AMAZON CAPITAL SERVICES,30342,30342
2626,2626,AMCON,"3,887,248,872",38872
2627,2627,AME,30258,30258
2628,2628,AMERICAN COMMUNITY BANK,30201,30201
2629,2629,"AMERICAN CONTAINERS, INC",41630,41630
2630,2630,AMERICAN CUTTING EDGE,32998,32998
2631,2631,AMERICAN FAMILY LIFE ASSN.CO.,31337,31337
2632,2632,AMERICAN RED CROSS OF INDIANA,40037,40037
2633,2633,AMERICAN SOCIETY FOR QUALITY,30166,30166
2634,2634,AMERICANEAGLE.COM,30354,30354
2635,2635,"AMERIFLON, LTD.",41763,41763
2636,2636,"AMERISOURCE FUNDING, INC.","33,039,430,914,309,200,000",33039
2637,2637,"AMETEK, INC.",30177,30177
2638,2638,AMSOIL,42789,42789
2639,2639,"ANAHEIM AUTOMATION, INC",98522,98522
2640,2640,ANDERSON WIRE WORKS,31701,31701
2641,2641,ANGOLA LUMBER CO.,30107,30107
2642,2642,ANGOLA OFFICE SUPPLY,31551,31551
2643,2643,ANGOLA PERSONNEL SERVICES,33012,33012
2644,2644,ANR ADVANCE,30813,30813
2645,2645,ANTIBUS SCALES & SYSTEMS,"3,800,048,000",38000
2646,2646,"ANTWERP TOOL DIE & ENG.,INC.",30357,30357
2647,2647,APG-HUSTON,30054,30054
2648,2648,API HEAT TRANSFER INC.,30291,30291
2649,2649,APICS CORPORATE MEMBERSHIP,30184,30184
2650,2650,APPLIED METALS & MACHINE WORKS,32518,32518
2651,2651,APTS TRAINING DIVISION,98578,98578
2652,2652,ARAMARK SERVICES INC.,"3,800,148,001",38001
2653,2653,ARNOLD AUTO PARTS,31475,31475
2654,2654,ARROW INDUSTRIAL SURPLUS,"9,845,898,565",98458
2655,2655,ARROW SERVICE INC.,30374,30374
2656,2656,ARTCRAFT COMPUTER FORMS CORP.,30176,30176
2657,2657,ARTEK,43067,43067
2658,2658,ASCENDOSOFT INC.,98595,98595
2659,2659,ASSOCIATED BAG,33038,33038
2660,2660,ASSOCIATED SALES & BAG,41596,41596
2661,2661,ATLANTIC INDIA RUBBER COMPANY,"3,121,141,211",31211
2662,2662,"ATLAS DIE, LLC",41215,41215
2663,2663,ATTICA HYDRAULIC EXCHANGE CORP,30149,30149
2664,2664,AUSTIN MACHINE & TOOL LLC,32004,32004
2665,2665,AUTOMATIC DATA PROCESSING,41672,41672
2666,2666,"AUTOMATION & CONTROL TECH.,LTD",30083,30083
2667,2667,"AUTOMATION SERVICES GROUP,INC.",32721,32721
2668,2668,"B&J SPECIALTY, INC.",30329,30329
2669,2669,B/T EQUIPMENT SERVICE CORP.,41219,41219
2670,2670,BABIN MACHINE TOOL,98288,98288
2671,2671,BAILEY TOOLS & SUPPLY INC.,31249,31249
2672,2672,"BAKER'S PROPANE, INC.",30245,30245
2673,2673,BAKERS ACRES,32817,32817
2674,2674,BAL-TEC,98387,98387
2675,2675,BANKCARD PROCESSING CENTER,30214,30214
2676,2676,BANKERS ADVERTISING COMPANY,98433,98433
2677,2677,BARON EMBROIDERY CORP,30819,30819
2678,2678,BAUMULLER INC.,30148,30148
2679,2679,BAX GLOBAL,30007,30007
2680,2680,BEARING HEADQUARTERS CO.,32893,32893
2681,2681,BEL SORTING,43036,43036
2682,2682,"BELL, BOYD & LLOYD","213,813,138,141,381",21381
2683,2683,BEST-KLEAN,30816,30816
2684,2684,BETTY'S CAKES AND CATERING,32906,32906
2685,2685,BIE ENTERPRISES,32809,32809
2686,2686,"BIEHLE ELECTRIC, INC.",30368,30368
2687,2687,"BIG CHIEF, INC.",98308,98308
2688,2688,BILL/DIVVY CREDIT CARD,32010,32010
2689,2689,"BIOPROCESS, INC.",98273,98273
2690,2690,"BIT BY BIT, INC.",30257,30257
2691,2691,BLACKSTONE LABORATORIES,30187,30187
2692,2692,BLICK ART MATERIALS,30059,30059
2693,2693,"BOEDEKER PLASTICS, INC.",41120,41120
2694,2694,BOSTWICK-BRAUN CO.,31393,31393
2695,2695,BRC RUBBER GROUP,33061,33061
2696,2696,"BRECHBUHLER SCALES, INC.",98786,98786
2697,2697,BREHOB COMPRESSOR,31926,31926
2698,2698,"BRENNTAG MID-SOUTH, INC.",30215,30215
2699,2699,BRUSKE PRODUCTS,32901,32901
2700,2700,BUCKEYE BUSINESS PRODUCTS INC.,30108,30108
2701,2701,BURLAN CORP.,31780,31780
2702,2702,BUYRITE SUPPLY COMPANY,40029,40029
2703,2703,C & H DISTRIBUTORS INC.,41610,41610
2706,2706,C&M FINISHING,32786,32786
2704,2704,C.D.S. INC.,32780,32780
2705,2705,"C.H. ROBINSON WORLDWIDE, INC.",30008,30008
2707,2707,CADTECH SEMINARS,32891,32891
2708,2708,CALIFORNIA FOOD MACHINERY,30179,30179
2709,2709,CAMERON MEMORIAL HOSPITAL,98332,98332
2710,2710,CAMERON OCCUPATIONAL HEALTH,30015,30015
2711,2711,CAMFIL USA INC.,30284,30284
2712,2712,CAMPBELL'S GARAGE INC.,42249,42249
2713,2713,CAPITAL PREMIUM FINANCE INC.,30306,30306
2714,2714,CARDINAL FLUID MANAGEMENT,32793,32793
2715,2715,CARDINAL SUPPLY INC.,31312,31312
2716,2716,CARLIN CONSTRACTION INC.,30213,30213
2717,2717,"CASSELL PLAN AUDITS, INC.",30376,30376
2718,2718,CB MANUFACTURING,"3,007,143,007",30071
2719,2719,CDI COMPLETE DRIVERS INC.,30150,30150
2720,2720,CDW DIRECT,30279,30279
2721,2721,"CEM  SUPPLY, INC.",31483,31483
2722,2722,CENTRAL SECURITY COMMUNICATION,"3,800,248,002",38002
2723,2723,CENTRAL SUPPLY - FT. WAYNE,30056,30056
2724,2724,CENTRAL TRANSPORT,30050,30050
2725,2725,"CERATIZIT USA, INC.",40000,40000
2726,2726,CHARLIE'S SPIDER FIGHTERS,30126,30126
2727,2727,CHEM TEC EQUIPMENT COMPANY,40062,40062
2728,2728,CHEMPOINT,30104,30104
2729,2729,CHEMREP,33040,33040
2730,2730,"CHEMREP, INC.",31065,31065
2731,2731,CHICAGO FITTINGS CORP,33051,33051
2732,2732,CHICAGO GASKET COMPANY,40045,40045
2733,2733,"CHRISTOPHER BRETZ, MD.",32485,32485
2734,2734,CIERRACOM SYSTEMS,33084,33084
2735,2735,CINCINNATI ABRASIVE SUPPLY CO.,30405,30405
2736,2736,CITICAPITAL,33019,33019
2737,2737,CLASSIC DIE SERVICES INC.,30253,30253
2738,2738,CLAYTON INDUSTRIES,31671,31671
2739,2739,CLEAN PRO,30043,30043
2740,2740,"CLEANING ONE, INC.",30238,30238
2741,2741,CLEAR LAKE ELECTRIC,31999,31999
2742,2742,CLEAR RATE COMMUNICATIONS,30372,30372
2743,2743,"CLEMENT COMMUNICATIONS, INC.",31563,31563
2744,2744,CLEMMER MOVING & STORAGE INC,42869,42869
2745,2745,CLEVELAND COMPONENTS,98396,98396
2746,2746,CLEVELAND MOTION CONTROLS,30095,30095
2747,2747,CNC PATTERN INC.,33009,33009
2748,2748,CNC REPAIR AND SALES,98483,98483
2749,2749,COLORADO PLASTIC PRODUCTS INC,43035,43035
2750,2750,COLUMBIA INDUSTRIAL PRODUCTS,30821,30821
2751,2751,COLUMBIA PIPE-CHICAGO,30137,30137
2752,2752,COLUMBUS GASKET,33057,33057
2753,2753,COMBINED INSURANCE CO. OF AMER,"3,003,140,034",30031
2754,2754,COMCAST,30900,30900
2755,2755,COMMUNITY BUSINESS EQUIPMENT,43082,43082
2756,2756,COMMUNITY HOSPITAL OF NOBLE CT,43021,43021
2757,2757,COMPBENEFITS INSURANCE CO.,30094,30094
2758,2758,COMPDATA SURVEYS,33049,33049
2759,2759,COMPOUND USA,43000,43000
2760,2760,COMPUWARE CORP.,30005,30005
2761,2761,CON-WAY TRANSPORTATION SERVICE,32919,32919
2762,2762,CONAIR FRANKLIN,31041,31041
2763,2763,CONAIR JETRO/GATTO,31662,31662
2764,2764,CONCRATE BY JAKE,31002,31002
2765,2765,CONSOLIDATED PLASTICS,31705,31705
2766,2766,CORNELL SUPPLY COMPANY,32702,32702
2767,2767,COUNCIL ON EDUCATION IN MGMT,32741,32741
2768,2768,COUNTRY FLOWERS & GIFTS,40003,40003
2769,2769,COVINGTON BOX & PACKAGING INC.,"3,115,541,155",31155
2770,2770,CREFORM CORPORATION,30388,30388
2771,2771,CRG PLASTIC INC.,41726,41726
2772,2772,CRI-TECH TECHNOLOGIES,31771,31771
2773,2773,CROCKER LIMITED,32783,32783
2774,2774,CROWE CHIZEK,"3,800,348,003",38003
2775,2775,CROWN BATTERY,30041,30041
2776,2776,CROWN CREDIT COMPANY,32515,32515
2777,2777,CROWN LIFT TRUCKS,31212,31212
2778,2778,CRYOGENIC INSTITUTE OF ENGLAND,98259,98259
2779,2779,CRYOGENIC INSTITUTE OF NEW,30384,30384
2780,2780,CT CORPORATION,30196,30196
2781,2781,CULLIGAN OF KENDALLVILLE,31571,31571
2782,2782,"CURBELL PLASTICS, INC.",30348,30348
2783,2783,CURRENT MECHANICAL,31341,31341
2784,2784,CURTIS INDUSTRIES,31768,31768
2785,2785,CUTLER-HAMMER INC.,43052,43052
2786,2786,"CUTTING TOOLS, INC.","3,124,641,246",31246
2787,2787,"CYBERCODERS, INC.",98253,98253
2788,2788,D & D ELECTRONICS,32759,32759
2789,2789,D H L GLOBAL FORWARDING,30020,30020
2790,2790,"D.A.S. SERVICES,INC.",30143,30143
2791,2791,"DAIKIN AMERICA, INC.",40071,40071
2792,2792,"DAMEN CARBIDE TOOL CO., INC.",30205,30205
2793,2793,DAMN FILTERS,30346,30346
2794,2794,DANAHER INDUSTRIAL CONTROLS,30012,30012
2795,2795,DARTEK COMPUTER SUPPLY,33075,33075
2796,2796,DATACOM MARKETING,41296,41296
2797,2797,DATASTREAM,32198,32198
2798,2798,DAVID BOWLING,40039,40039
2799,2799,DAVIS CONCRETE,32881,32881
2800,2800,"DAVIS STANDARD, LLC.",31802,31802
2801,2801,DAY EQUIPMENT CORP.,"3,125,241,252",31252
2802,2802,DE LAGE LANDEN FINANCIAL SER.,42857,42857
2803,2803,DEARBORN NATIONAL LIFE INS.CO.,30689,30689
2804,2804,"DECATUR DIAMOND, LLC.",30146,30146
2805,2805,DECOOK & ASSOCIATES,40028,40028
2806,2806,DELAWARE SECRETARY OF STATE,33150,33150
2807,2807,DELL COMPUTER CORP,30294,30294
2808,2808,DEPART. OF HOMELAND SECURITY,30100,30100
2809,2809,"DEPEW PLBG, HTG & ELEC, INC.",42247,42247
2810,2810,DEPT OF ED/FED LOAN SERVICE,30316,30316
2811,2811,DESCHNER CORPORATION,40035,40035
2812,2812,"DEVLIEG BULLARD II, INC.",40011,40011
2813,2813,DEWALD FLUID POWER,31225,31225
2814,2814,DEWALD FLUID POWER CO.,41225,41225
2815,2815,DIAGRAPH CORPORATION,31443,31443
2816,2816,"DIAL-X AUTOMATED EQUIPMENT,INC",42889,42889
2817,2817,DIAMOND TECH,42782,42782
2818,2818,"DIGITAL 2000, INC.",30084,30084
2819,2819,DILLON MFG. INC.,43030,43030
2820,2820,DIRECT BUSINESS PRODUCTS,31721,31721
2821,2821,DIRECT CAPITAL,30800,30800
2822,2822,DIRECT SAFETY,43060,43060
2823,2823,DIXON GROUP SERVICES,98329,98329
2824,2824,DJS INDUSTRIAL SUPPLY CO.,30170,30170
2825,2825,"DMCI BROADBAND, LLC",98459,98459
2826,2826,DMH USA,31763,31763
2827,2827,DODGE HEATING & COOLING,31762,31762
2828,2828,DOW CORNING STI MIDWEST,31648,31648
2829,2829,DP INDUSTRIAL ABRASIVES,33063,33063
2830,2830,DR. G.K. HEMMICK,43011,43011
2831,2831,DR. LUBRICANTS,30229,30229
2832,2832,DUNWORTH AUTOMOTIVE INC.,31499,31499
2833,2833,DUPONT C/O DELEWARE MKT SERV.,41256,41256
2834,2834,DYNA-MIX,32902,32902
2835,2835,DYNISCO INSTRUMENTS,30178,30178
2836,2836,E.C. KITZEL & SONS INC.,30387,30387
2837,2837,EAGLE LAWN CARE LLC & ASPHALT,30703,30703
2838,2838,EAGLE MOLD & TOOL,32905,32905
2839,2839,"ECCEZION, LTD",30082,30082
2840,2840,ECLIPSE ENGINEERING INC.,43085,43085
2581,2581,eCOMPRESSEDAIR,30175,30175
2841,2841,"ECOWATER SERVICE, INC",98342,98342
2842,2842,EDLO SALES & ENG.,"3,149,341,493",31493
2843,2843,EDMUNDS,30103,30103
2844,2844,EDS CANADA INC.,33074,33074
2845,2845,EI DUPONT,42821,42821
2846,2846,ELBEX,33083,33083
2847,2847,ELECTROMARK,30062,30062
2848,2848,ELECTRONIC SOLUTIONS ASSOCIATE,30136,30136
2849,2849,EMPIRE MANUFACTURING SYST.INC,30138,30138
2850,2850,EMPOWER HEALTH SERVICES,30957,30957
2851,2851,ENCO MFG. CO.,31262,31262
2852,2852,"ENERGY SERVICES, INC.",30287,30287
2853,2853,ENFLO CORP.,41105,41105
2854,2854,"ENS GROUP, INC.",30260,30260
2855,2855,EOS RENE BOER,30410,30410
2856,2856,EQUIPMENT HUB,98392,98392
2857,2857,"EQUIPMENT RESALE, INC.",30162,30162
2858,2858,ERS AUTOMATION INC.,30099,30099
2859,2859,ESCALA EQUIPMENT LLC.,98716,98716
2860,2860,ETC W/CAREERTRACK INC.,32836,32836
2861,2861,EXAIR CORPORATION,98314,98314
2862,2862,EXEGISTICS INC.,98254,98254
2863,2863,EXHIBIT SYSTEMS,32823,32823
2864,2864,"EXHIBIT SYSTEMS, INC.",32819,32819
2865,2865,EXTERMITAL TERMITE & PEST CONT,31178,31178
2866,2866,EXTINGUISHER CO. No.1,30331,30331
2867,2867,"EXTRUDED SILICONE PROD., INC.",30275,30275
2868,2868,FANUC AMERICA CORP.,30416,30416
2869,2869,FASTENAL INDUSTRIAL,30122,30122
2870,2870,"FCX PERFORMANCE, INC.",31068,31068
2871,2871,FEDERAL EXPRESS,30018,30018
2872,2872,FEDEX FREIGHT,40010,40010
2873,2873,FEDEX FREIGHT EAST,30019,30019
2874,2874,FERGUSON #420,31392,31392
2875,2875,"FERGUSON ENTERPRISE, INC",33042,33042
2876,2876,FETTERS CONSTRUCTION INC.,32882,32882
2877,2877,FIDELITY SECURITY LIFE INS.CO.,30375,30375
2878,2878,"FIRE AND ICE MECHANICAL, INC.",30055,30055
2879,2879,FIRE PROTECTION,42913,42913
2880,2880,FIRE PROTECTION INC.,32913,32913
2881,2881,FIRST COMMUNICATIONS,30211,30211
2883,2883,FIRST INSURANCE FUNDING CORP.,"300,573,103,841,038",30057
2884,2884,FIRST MIDWEST BANK,36240,36240
2885,2885,FISHER BROS. PAPER CO.,41472,41472
2886,2886,FLONTECH  LLC,40060,40060
2887,2887,FLOW PRODUCTS INC.,30181,30181
2888,2888,FLOW SOLUTIONS,30282,30282
2889,2889,FMC CORP.,32492,32492
2890,2890,"FORENSIC FLUIDS LABORATORIES,",30338,30338
2891,2891,FOREST CITY PACKAGING,40068,40068
2892,2892,FOREVER CLEANERS,43054,43054
2893,2893,"FORT WAYNE NEWSPAPERS, INC.",42117,42117
2894,2894,FOUR STAR SHARPENING,33035,33035
2895,2895,FOX TOOL & MFG,43039,43039
2896,2896,FRED OLSEN MARKETING COMM,32799,32799
2897,2897,FRED PRYOR SEMINARS,43056,43056
2898,2898,FREEDOM ACADEMY,31580,31580
2899,2899,FREMONT CHAMBER OF COMMERCE,32922,32922
2900,2900,FREMONT HARDWARE,32734,32734
2901,2901,FREMONT LUMBER COMPANY,31396,31396
2902,2902,FREMONT PETTY CASH,32761,32761
2903,2903,FREMONT POST PROM,98266,98266
2904,2904,FREMONT SAND AND GRAVEL LLC.,30091,30091
2905,2905,FREMONT YOUTH LEAGUE,98313,98313
2906,2906,FRICTION COATING CORPORATION,31953,31953
2907,2907,FRISKNEY EQUIPMENT,30088,30088
2908,2908,FRONTIER,31289,31289
2909,2909,G.NEIL CORPORATION,30017,30017
2910,2910,GALLAGHER CORPORATION,30312,30312
2911,2911,"GARCOR SUPPLY CO., INC.",42644,42644
2912,2912,GARLAND MANUFACTURING CO.,30221,30221
2913,2913,GE GROUP LIFE ASSURANCE CO.,"3,002,940,032",30029
2914,2914,GEMBA ACADEMY INC.,30271,30271
2915,2915,GFL AMERICAS LLC.,40059,40059
2916,2916,GIGI'S PLAYHOUSE,32024,32024
2917,2917,GLE SERVICE,30044,30044
2918,2918,GLENDO CORP,42999,42999
2919,2919,GLOBAL DISTRIBUTION INDUSTRIES,40022,40022
2920,2920,"GLOBAL EQUIPMENT CO.,INC.",30197,30197
2921,2921,"GLOBALSPEC, LLC.",32005,32005
2922,2922,GOAL/QPC INC,31313,31313
2923,2923,GOODFRIED LAW GROUP APC,30704,30704
2924,2924,GOSHEN AIR CENTER,43038,43038
2925,2925,GOSHEN CHAMBER OF COMMERCE,40008,40008
2926,2926,GOSHEN ELECTRIC INC.,41295,41295
2927,2927,GOSIGER INDIANA,30066,30066
2928,2928,GPI AVIATION INC.,33013,33013
2929,2929,GRAINGER,31342,31342
2930,2930,GRAPHIC ARTS RUBBER,30180,30180
2931,2931,GRAYBAR ELECTRIC COMPANY INC.,30820,30820
2932,2932,"GRAYBAR FINANCIAL SERVICE,LLC.",30217,30217
2933,2933,GREAT AMERICA LEASING CORP.,30223,30223
2934,2934,"GREENE TWEED & CO., INC.",43055,43055
2935,2935,GRIEVE CORPORATION,40012,40012
2936,2936,GRINNELL,42489,42489
2937,2937,"GRIZZLY INDUSTRIAL, INC",32565,32565
2938,2938,GROUND PENETRAITING RADAR SYS.,30320,30320
2939,2939,GRS RECRUITING,30349,30349
2940,2940,GT CNC,30330,30330
2941,2941,GUARDIAN ELECTRIC,"3,265,442,654",32654
2942,2942,"GUHL MACHINE COMPANY, INC.",32874,32874
2943,2943,"H.P. NEUN CO., INC.",32232,32232
2944,2944,HAGGARD & STOCKING,30225,30225
2945,2945,HAMILTON AND SON SERVICE,30336,30336
2946,2946,HARBOR FREIGHT TOOLS,32397,32397
2947,2947,HARDINGE INC.,43017,43017
2948,2948,HARRIS BANK,30086,30086
2949,2949,HARTFORD TECHNOLOGIES,32851,32851
2950,2950,HARVEY & COMPANY LLC,32025,32025
2951,2951,HARWICK STANDARD CORP.,31306,31306
2952,2952,HAWKINS INDUSTRIAL RESOURCE CO,31153,31153
2953,2953,HAWKS SALES CORP.,41307,41307
2954,2954,HEALTH CARE SERVICE CORP.,30087,30087
2955,2955,"HERITAGE CRYSTAL CLEAN, LLC",43093,43093
2956,2956,Hexpol,40069,40069
2957,2957,HEXPOL COMPOUNDING LLC.,31833,31833
2958,2958,HEXPOL MIDDLEFIELD,30256,30256
2959,2959,HFO CHICAGO(218)-HASS FACTORY,98311,98311
2960,2960,"HGR INDUSTRIAL SURPLUS, INC.",98580,98580
2961,2961,HIGBEE WELDING INC.,31719,31719
2962,2962,"HILLSDALE TOOL & MFG.,INC.",32754,32754
2963,2963,HINEN PRINTING,"3,800,648,006",38006
2964,2964,HOFFMAN SALES,30102,30102
2965,2965,HOLIDAY INN EXPRESS,32822,32822
2966,2966,HOMETOWN PRODUCTIONS,32814,32814
2967,2967,"HONEYVILLE METALS, INC.",30333,30333
2968,2968,"HOOKER HANDLING SYSTEMS, INC.",30202,30202
2969,2969,HPE HEAT POWER ENGINEERING,30369,30369
2970,2970,HR DIRECT,42532,42532
2971,2971,HRG INDUSTRIAL SURPLUS,98600,98600
2972,2972,HTI INC.,41529,41529
2973,2973,"HUNTER PRODUCTS, INC.",30105,30105
2974,2974,HUNTSMAN ADVANCED MATERIALS,43077,43077
2975,2975,HUTCHINSON INDUSTRIES INC.,30219,30219
2976,2976,HYDE ENGINEERED PRODUCTS,32374,32374
2977,2977,ICONNECT,30001,30001
2978,2978,ICW GROUP,30281,30281
2979,2979,IFPE INTL EXPOSITION,30293,30293
2980,2980,ILLINOIS DEPARTMENT OF REVENUE,30276,30276
2981,2981,"IMCD US,LLC",40076,40076
2982,2982,IMPERIAL CREDIT CORPORATION,30128,30128
2983,2983,"IMPERIAL SPRING CO., INC",31494,31494
2984,2984,INDIANA CHAMBER OF COMMERCE,"3,136,041,360",31360
2985,2985,INDIANA DEPARTMENT OF ENVIRON,31700,31700
2986,2986,INDIANA DEPARTMENT OF LABOR,40005,40005
2987,2987,INDIANA DEPARTMENT OF REVENUE,22094,22094
2988,2988,INDIANA DEPT OF REVENUE,"21,706,213,173,800,700,000",21706
2989,2989,INDIANA DEPT. OF FIRE & BLDG,30013,30013
2991,2991,INDIANA DEPT. OF WORKFORCE,"2,000,030,115",20000
2992,2992,INDIANA DOL/IOSHA,30249,30249
2993,2993,INDIANA MANUFACTURERS DIRECTOR,30361,30361
2994,2994,INDIANA METROPOLITAN AREA NET.,30262,30262
2995,2995,INDIANA MICHIGAN POWER/AEP,42604,42604
2996,2996,INDIANA SAFETY & SUPPLY CO.,30300,30300
2997,2997,INDIANA SECRETARY OF STATE,30701,30701
2998,2998,INDUSTRIAL CONTROLS & ELECT.,30185,30185
2999,2999,INDUSTRIAL HEALTH INC.,31187,31187
3000,3000,INDUSTRIAL OPPORTUNITES,32372,32372
3001,3001,INDUSTRIAL PROCESS AND SENSOR,30246,30246
3002,3002,INDUSTRIAL PURCHASING AGENT,32840,32840
3003,3003,INDUSTRIAL RESOURCE SPECIALIST,43009,43009
3004,3004,INET,30264,30264
3005,3005,INFO USA,43064,43064
3006,3006,INFORMATION SYSTEMS EXPERTS,21000,21000
3007,3007,INGERSOLL-RAND CO.,"3,238,842,388",32388
3008,3008,INLINE FLUID POWER,30144,30144
3009,3009,INMED INDUSTRIAL HEALTH & WELL,43089,43089
3010,3010,INNOVATIVE MAINTENANCE SYSTEM,30332,30332
3011,3011,INOVIS INC.,"3,273,742,737",32737
3012,3012,INSCCU-ASFE,30119,30119
3013,3013,INSIGHT,30318,30318
3014,3014,INSIGHT DIRECT,30254,30254
3015,3015,INSPECTION PLUS,33021,33021
3016,3016,INSTRUMART,30378,30378
3017,3017,INTEGRATED BARCODING SYSTEM DI,30310,30310
3018,3018,INTERNATIONAL BUS. DIRECTORIES,33067,33067
3019,3019,INTERNATIONAL EXPOSITION,30251,30251
3020,3020,INTERNATIONAL SURFACE PREP,41201,41201
3021,3021,"INTERPLAST, INC.",31066,31066
3022,3022,INTERSTATE DISTRIBUTION CENTER,44001,44001
3023,3023,IPFW CONTINUING EDUCATION,40009,40009
3024,3024,IRVING GRAVELL,43022,43022
3025,3025,IT savvy LLC,30304,30304
3026,3026,ITI METRO,30159,30159
3027,3027,IVY TECH STATE COLLEGE,31044,31044
3028,3028,IWORKS,33037,33037
3029,3029,J & K ENTERPRISES,43020,43020
3030,3030,J.J. KELLER,43058,43058
3031,3031,J.O. WOLF TOOL & DIE INC.,43002,43002
3032,3032,JA NATIONWIDE,30131,30131
3033,3033,JACKSON SPRING & MFG.,41125,41125
3034,3034,JANESVILLE TOOL & MFG. INC.,30151,30151
3035,3035,JANI-PRO'S COMMERCIAL CLEANING,43008,43008
3036,3036,JAY INSTRUMENT,32757,32757
3037,3037,JAY'S  LAWN SERVICE,30295,30295
3038,3038,JEVIC,43070,43070
3039,3039,JMJ PHILLIP GROUP LLC,32001,32001
3040,3040,"JOB SHOP SHOWS, INC.","3,307,643,076",33076
3041,3041,JOHNSTONE SUPPLY,40017,40017
3042,3042,JOMORY INC.,40047,40047
3043,3043,JONESVILLE PAPER TUBE CORP.,30244,30244
3044,3044,"JUST PACKAGING, INC.",30076,30076
3045,3045,K M K K B LLC.,30216,30216
3048,3048,"K&L GATES, LLP.",30199,30199
3046,3046,K. C. MACHINE,41537,41537
3047,3047,"K.H. AHLBORN, INC.","3,307,840,031",33078
3049,3049,KADANT JOHNSON LLC.,30098,30098
3050,3050,KAMAN BEARING & SUPPLY,41341,41341
3051,3051,"KAMAN FLUID POWER,LLC",30134,30134
3052,3052,KANO LABORATORIES,"3,188,941,889",31889
3053,3053,KAREN'S FLOWERS,33043,33043
3054,3054,KATTEN MUCHIN ROSENMAN LLP,30543,30543
3055,3055,KB SEARCH TEAM,30382,30382
3056,3056,KELBURN ENGINEERING,33066,33066
3057,3057,KELCO INDUSTRIES,"3,120,841,208",31208
3058,3058,KELLERMEYER CO.,40025,40025
3059,3059,KELLOGG COMMUNITY COLLEGE,30090,30090
3060,3060,KEN SPECIALTIES,"3,003,640,043",30036
3061,3061,KENDALL ELECTRIC,41235,41235
3062,3062,KENDALL ELECTRIC INC.,32098,32098
3063,3063,KENDALLVILLE PUBLISHING CO.,42835,42835
3064,3064,"KENN-FELD GROUP, LLC.",31110,31110
3065,3065,KEYENCE CORP. OF AMERICA,30092,30092
3066,3066,KING ELECTRIC SUPPLY INC.,31501,31501
3067,3067,KLEBE'S LAWN CARE,31687,31687
3068,3068,"KLEEN POLYMERS, INC.",32192,32192
3069,3069,KMH SYSTEMS,33031,33031
3070,3070,KOONTZ-WAGNER ELECTRIC CO.,31332,31332
3071,3071,"KOORSEN FIRE & SECURITY, INC.",31564,31564
3072,3072,KROY LLC,30053,30053
3073,3073,KRUIS MOLD & ENGINEERING,31495,31495
3074,3074,L & R MANUFACTURING COMPANY,30058,30058
3076,3076,L&C DEFLASING AND COATING,42751,42751
3075,3075,L.K.S. AUTO BODY,33073,33073
3077,3077,LAB SAFETY SUPPLY,"2,163,830,116",21638
3078,3078,LABQUIP,42839,42839
3079,3079,LAKELAND ELECTRONIC SUPPLY,31502,31502
3080,3080,LAKESIDE FARM MARKET,98577,98577
3081,3081,LAKEVIEW ADVANCED SOLUTIONS,32826,32826
3082,3082,"LANCO ACQUISITION, LLC",98622,98622
3083,3083,LARRY'S LOCK & SAFE,32796,32796
3084,3084,"LAUER COMMUNICATIONS, INC.",30218,30218
3085,3085,"LDM, LOADING DOCK MAINTENANCE",30111,30111
3086,3086,"LEADING LEAN, INC",30096,30096
3087,3087,LEHIGH SAFETY SHOE CO.,31334,31334
3088,3088,LEWGER MACHINE & TOOL,43080,43080
3089,3089,LEWIS SEAL & CONSULTING LTD,"3,803,048,030",38030
3090,3090,LIBERTY SUPPLY,98339,98339
3091,3091,LIGONIER LOCKSMITH & SUPPLY,43068,43068
3092,3092,LIGONIER PALLET,"3,802,748,027",38027
3093,3093,LIGONIER TELEPHONE CO.,41382,41382
3094,3094,LIGONIER UTILITIES,41530,41530
3095,3095,LINCOLN FINANCIAL GROUP,"3,031,330,326",30313
3096,3096,LISLE CORPORATION,43024,43024
3097,3097,LOCAL NO. 7 INT. BRO. TCW & H,31504,31504
3098,3098,LOCKE - BROTHERS INC,"3,181,441,814",31814
3099,3099,LOCL.NET,33082,33082
3100,3100,LONGWOOD ENGINEERED PRODUCTS,33062,33062
3101,3101,LORD CORP,32818,32818
3102,3102,LRG CORPORATION,31004,31004
3103,3103,LUTHERAN MEDICAL GROUP LLC,30231,30231
3104,3104,LYMAN ENGINEERING,43081,43081
3105,3105,LYNAIR INC.,32894,32894
3106,3106,M & M CONTROL SERVICE,33033,33033
3107,3107,M&D OUTDOOR SERVICES LLC,30337,30337
3111,3111,MAB INDUSTRIES,"3,800,848,008",38008
3112,3112,MAGID GLOVE & SAFETY MFG.,40027,40027
3113,3113,MAGNAFLUX,41567,41567
3114,3114,MAGNUM VENUS PRODUCTS,"3,003,540,042",30035
3115,3115,MAIL MANAGEMENT,41689,41689
3108,3108,MaintainX INC.,30383,30383
3116,3116,"MAINTENANCE ENGINEERING, LTD.",30073,30073
3117,3117,MANAGEMENT RECRUITERS,42808,42808
3118,3118,"MANUFACTURER'S NEWS, INC.",49999,49999
3119,3119,MANUFACTURING SOLUTIONS INC.,32884,32884
3120,3120,MANYARD INDUSTRIES USA LLC,98393,98393
3121,3121,MAPLE CITY FIRE PROTECTION INC,41343,41343
3122,3122,"MAPLE CITY MACHINE, INC.",31067,31067
3123,3123,MARMARK ENTERPRISES,31803,31803
3124,3124,MARSH USA INC.,"3,150,741,507",31507
3125,3125,MARTINEZ CREATIVE GROUP,32653,32653
3109,3109,"Marubeni Specialty Chemicals,",40058,40058
3126,3126,MARVEL CONSULTANTS INC,"3,481,844,818",34818
3127,3127,MASTER GROUP,40048,40048
3128,3128,MASTER HEATING & COOLING,98545,98545
3129,3129,MASTER SEARCH INC.,42867,42867
2573,2573,MASTERGRAPHICS INC.,40021,40021
3130,3130,"MASTERMANS,LLP  ID#141905",30006,30006
3131,3131,MATERIALS HANDLING EQUIP. CORP,31508,31508
3132,3132,MATT BUCHAHAN,30239,30239
3133,3133,"MAUDLIN & SON MFG., INC.",30157,30157
3134,3134,"MAXI-BLAST, INC.",41633,41633
3135,3135,MAYER TOOL & ENGINEERING,42708,42708
3136,3136,MCGEE INDUSTRIES,31615,31615
3137,3137,MCI,"3,003,733,064",30037
3110,3110,McJUNKIN RED MAN CORPORATION,30191,30191
3138,3138,MCLUBE DIVISION OF MCGEE IND.,30235,30235
3139,3139,MCMASTER-CARR SUPPLY CO.,"313,403,800,941,340",31340
3140,3140,MEIJER INC.,30292,30292
3141,3141,MELCHING MACHINE INC.,98333,98333
3142,3142,MENARDS,30060,30060
3143,3143,METAL SUPERMARKETS,98555,98555
3144,3144,METLIFE SMALL BUSINESS CENTER,30030,30030
3145,3145,METROPOLITAN LABORATORIES,33034,33034
3146,3146,MEYER LABORATORY,30042,30042
3147,3147,MEYER PLASTICS,30101,30101
3148,3148,MFG.COM,30212,30212
3149,3149,MIAMI TOOL & DIE INC.,41346,41346
3150,3150,MICHIGAN CONFERENCE TEAMSTERS,33072,33072
3151,3151,MICHIGAN DEPARTMENT OF TREASUR,30117,30117
3152,3152,MICHIGAN DEPTMENT OF TREASURY,22860,22860
3153,3153,MICHIGAN GRAPHIC ART,32797,32797
3154,3154,MICHIGAN TREASURY,22858,22858
3155,3155,MID-STATES BOLT & SCREW CO.,30080,30080
3156,3156,"MIDSTATE CAPITAL, LLC.",30067,30067
3157,3157,MIDWEST ENGINEERED PROD CORP.,33011,33011
3158,3158,MIDWEST ESSENTIALS,31619,31619
3159,3159,MIDWEST PAPER SPECIALTIES CO.,33047,33047
3160,3160,MIL-TEK RUBBER,30802,30802
3161,3161,MILLIMAN,30365,30365
3162,3162,MINITAB,30364,30364
3163,3163,MINNESOTA RUBBER & PLASTIC,30118,30118
3164,3164,MINOLTA LEASING SERVICES,31107,31107
3165,3165,MIRANDA K. PERNELL,43031,43031
3166,3166,MISC,39999,39999
3167,3167,"MISUMI USA, INC.",98293,98293
3168,3168,MITTLER SUPPLY INC.,"3,135,141,351",31351
3169,3169,MONARCH LATHES,43061,43061
3170,3170,MOSSBERG INDUSTRIES,32053,32053
3171,3171,MOTION INDUSTRIES,41222,41222
3172,3172,MOTION INDUSTRIES INC.,31222,31222
3173,3173,MSC INDUSTRIAL SUPPLY,41162,41162
3174,3174,MSC INDUSTRIAL SUPPLY #216723,31162,31162
3175,3175,MTI CORPORATION,32890,32890
3176,3176,"MTR MACHINING CONCEPT, INC.","3,038,198,272",30381
3177,3177,"MURRAY EQUIPMENT, INC.",30085,30085
3178,3178,MURRY EQUIPMENT INC.,30154,30154
3179,3179,NATIONAL ABRASIVE SALES CO.,33045,33045
3180,3180,NATIONAL BAG COMPANY,41954,41954
3181,3181,NATIONAL DIAMOND TOOL&COATING,30226,30226
3182,3182,NATIONAL FLUID POWER ASSOC.,30822,30822
3183,3183,NATIONAL TECHNOLOGY TRANSFER I,32807,32807
3184,3184,NATIONWIDE,30283,30283
3185,3185,NBD EQUIPMENT FINANCE INC.,41214,41214
3186,3186,NBS OFFICE SUPPLIES & EQUIP.,41365,41365
3187,3187,NC ELECTRONICS,43057,43057
3188,3188,"NEFF ENGINEERING COMP., INC.",30077,30077
3189,3189,NEI GLASS,98299,98299
3190,3190,"NELSON PRODUCTS, INC.",30169,30169
3191,3191,NEOPOST LEASING,41674,41674
3192,3192,NESI SOLUTIONS INC.,32872,32872
3193,3193,NETWORK SAFETY CONSULTANTS INC,30288,30288
3194,3194,"NEW BEDFORD CAPACITOR, INC.",30003,30003
3195,3195,NEW PIG CORPORATION,30065,30065
3196,3196,NEWARK INONE,43062,43062
3197,3197,NFM WELDING ENGINEEERS,38100,38100
3198,3198,NIBLOCK MACHINERY,43086,43086
3199,3199,NIPSCO,"31,263,315,973,801,000,000",31263
3200,3200,NOBLE CO. TREASURER,41829,41829
3201,3201,NOBLE COUNTY TREASURER,41828,41828
3202,3202,NORMAN STEIN & ASSOC.,43006,43006
3203,3203,NORTH CENTRAL COOPERATIVE,30068,30068
3204,3204,NORTH EAST POLY BAG,43048,43048
3205,3205,"NORTHEASTERN CENTER, INC.",31731,31731
3206,3206,"NORTHERN SAFETY CO., INC.","4,307,943,083",43079
3207,3207,NORTHERN TRUST,30195,30195
3208,3208,NORTHFIELD PRECISION INSTRUMNT,41538,41538
3209,3209,"NORTHWOOD INDUSTREIS, INC.",31003,31003
3210,3210,NSF INTERNATIONAL,31331,31331
3211,3211,NSF-ISR,41331,41331
3212,3212,NUGIERFROOM CORPORATION,98733,98733
3213,3213,"OAK VIEW TOOL COMPANY, LLC.",31000,31000
3214,3214,OCCIDENTAL CHEMICAL CORP.,42045,42045
3215,3215,OCCUPATIONAL HEALTH MANAGEMENT,43040,43040
3216,3216,OFFICE CONCEPTS INC.,"3,111,941,119",31119
3217,3217,OFFICE ESSENTIALS,32475,32475
3218,3218,OHIO BUREAU OF WORKERS COMP.,32800,32800
3219,3219,OLD NATIONAL BANK,32006,32006
3220,3220,"OMEGA ENGINEERING, INC.",32021,32021
3221,3221,OMNI-SIL TECHNOLOGIES INC.,30413,30413
3222,3222,OMNI-TRON TOOLING & ENGINERING,42551,42551
3223,3223,"ONXX TOOL, INC.",30277,30277
3224,3224,"OPTIMA ASSOSIATES, INC.",30319,30319
3225,3225,ORKIN EXTERMINATING,43028,43028
3226,3226,OUT OF THE WOODS FLORIST,30301,30301
3227,3227,PAAPRI CLOUD TECHNOLGIES,30380,30380
3228,3228,"PAINT-IT, INC.",40049,40049
3229,3229,PANTHER PREMIUM LOGISTICS,30305,30305
3230,3230,PARASON MACHINE,43010,43010
3231,3231,"PARK PLACE TECHNOLOGIES, LLC.",32007,32007
3232,3232,PARKER ENGINEERED SEALS DIV.,33068,33068
3233,3233,PARKER HANNIFIN,42000,42000
3234,3234,PARKER INDUSTRIAL SAFETY,41091,41091
3235,3235,PARKER POWERTRAIN,31223,31223
3236,3236,PARKVIEW OCCUPATIONAL HEALTH,43071,43071
3237,3237,"PARTS & ELECTRIC MOTORS, INC.",30171,30171
3238,3238,"PAUL H. GESSWEIN & COMP.,INC.",41217,41217
3239,3239,PBCC,"3,802,648,026",38026
3240,3240,PENN TOOL,32723,32723
3241,3241,PERFECTION SERVO HYDRAULICS,40002,40002
3242,3242,PERFORMANCE PRODUCTS,"3,801,148,011",38011
3243,3243,PERIGEE DIRECT-AMLEE INNOV.,98267,98267
3244,3244,PERRY JOHNSON REGISTRARS INC.,"32,633,380,124,263,300,000",32633
3245,3245,"PHC INDUSTRIES, INC",33050,33050
3246,3246,PHILLIPS STEEL CORP.,31511,31511
3247,3247,PHOENIX INDUSTRIES,31787,31787
3248,3248,PHOENIX MECHANICAL,"3,003,241,250",30032
3249,3249,"PHOENIX METAL WORKS, INC.",30285,30285
3250,3250,PIC DESIGN CORP,30152,30152
3251,3251,PINNACLE ELASTOMERIC TECH.,30051,30051
3252,3252,PINNACLE ELASTOMERS,38029,38029
3253,3253,PIONEER RESEARCH,43065,43065
3254,3254,POLYMER CONCEPTS TECH.,40064,40064
3255,3255,POLYMER TECHNOLOGIES INC.,30186,30186
3256,3256,"POLYSPEDE ELECTRONICS, INC.",98606,98606
3257,3257,PORT PLASTICS,43051,43051
3258,3258,"POWER PLANT SERVICE,INC.",30194,30194
3259,3259,POWERTEC,33048,33048
3260,3260,"PRECISION ASSOCIATES, INC.",40052,40052
3261,3261,"PRECISION FLUID POWER, INC.",30189,30189
3262,3262,PRECISION GRINDING &SHARPENING,41629,41629
3263,3263,PRECISION IN MOTION CNC LLC,30389,30389
3264,3264,PRECISION MACHINE TOOL SERVICE,30147,30147
3265,3265,"PRECISION PRODUCT GROUP,INC.",31568,31568
3266,3266,"PRECISION PRODUCTS GROUP,INC.",41568,41568
3267,3267,PREFERRED CLEANING SERVICES,30317,30317
3268,3268,"PREFERRED MAINTENANCE, INC.",30188,30188
3269,3269,PREFERRED RUBBER COMPOUNDING,31628,31628
3270,3270,PREGIS FILMS,98535,98535
3271,3271,PRESS SEAL GASKET CORP,31561,31561
3272,3272,PRINTING PLACE,32225,32225
3273,3273,PRO HEAT,32781,32781
3274,3274,PRO TEMP,42145,42145
3275,3275,PRODUCT ACTION,32903,32903
3276,3276,PRODUCTION LAPPING COMPANY INC,32763,32763
3277,3277,PRODUCTIVITY,32854,32854
3278,3278,PRODUCTIVITY-QUALITY SYSTEMS,32916,32916
3279,3279,PROFESSIONAL PLASTICS,40024,40024
3280,3280,PROFILES IN OKLAHOMA BUS. SUC.,43001,43001
3281,3281,PROMARR PLASTICS,30402,30402
3282,3282,PROTECTIVE LIFE INS. CO.,"3,240,842,408",32408
3283,3283,PROVIDENT LIFE AND ACCIDENT IN,30047,30047
3284,3284,PRYOR RESOURCES INC.,33070,33070
3285,3285,PT SOLUTIONS,30190,30190
3286,3286,PTFE COMPOUNDS INC.,42864,42864
3287,3287,PURCHASE POWER,"3,802,048,020",38020
3288,3288,"PURITY CYLINDER GASES, INC.",30109,30109
3289,3289,Q-CEE'S PRODUCT CORP.,"3,106,441,064",31064
3290,3290,QLABELS,40007,40007
3291,3291,QPA,32914,32914
3292,3292,QUALITEST USA,30192,30192
3293,3293,QUALITY COUNCIL OF INDIANA,32704,32704
3294,3294,"QUARTERSPORT, INC.",43066,43066
3295,3295,QUEST DIAGNOSTICS,30323,30323
3296,3296,QUILL CORPORATION,"3,274,842,748",32748
3297,3297,QWEST BUSINESS SERVICES,31788,31788
3298,3298,R & D WIRE INC.,42887,42887
3301,3301,R+L CARRIERS,32918,32918
3299,3299,"R.A. MUELLER, INC.",30093,30093
3300,3300,"R.C. DAVIS, INC.",32861,32861
3302,3302,RADWELL INTERNATIONAL LLC,30373,30373
3303,3303,"RAINBOW MASTERMIXING, LLC.",30824,30824
3304,3304,RAMADA INN OF ANGOLA,31532,31532
3305,3305,RAN INDUSTRIES,33058,33058
3306,3306,RAPID FORMS,43088,43088
3307,3307,RAPID WATERJET DESIGN,98251,98251
3308,3308,RD ABBOTT,30385,30385
3309,3309,RECEIVABLE MANAGEMENT SERVICES,30069,30069
3310,3310,"REEL PIPE & VALVE COMP.,INC.",30106,30106
3311,3311,REGENTS OF THE UNIVERSITY,30362,30362
3312,3312,REID'S CAR PARTS INC.,43019,43019
3313,3313,RELIABLE,42853,42853
3314,3314,RELIABLE BELTING & TRANSMISSIN,41297,41297
3315,3315,REP TEK VENTURES LLC,32003,32003
3316,3316,REPUBLIC ROLLER,31963,31963
3317,3317,REPUBLIC SERVICES #92,30236,30236
3318,3318,RESOURCES FOR MFG. INC.(RFM),30210,30210
3319,3319,RICHARD BAUMANN,41920,41920
3320,3320,"RICHARD J. BAGAN CO., INC",41234,41234
3321,3321,RICHARD J. BAGAN INC.,31234,31234
3322,3322,RICHLIN MACHINERY,43003,43003
3323,3323,"RICO TECHNOLOGIES, INC",42806,42806
3324,3324,RJ REPAIR,30074,30074
3325,3325,RKC AMERICA INC.,30193,30193
3326,3326,RMJ SERVICES INC.,30002,30002
3327,3327,ROADWAY EXPRESS,30014,30014
3328,3328,ROBERT DIETRICK CO. INC.,32892,32892
3329,3329,ROCHESTER MIDLAND CORP,43063,43063
3330,3330,ROCKHURST COLLEGE,38867,38867
3331,3331,ROLLS-ROYCE SOLUTION AMERICA,98243,98243
3332,3332,ROYAL PRODUCTS,30141,30141
3333,3333,RT ASSOCIATES,33071,33071
3334,3334,SAA-BRIGHTNET,32765,32765
3335,3335,SAE,32801,32801
3336,3336,SAFETY KLEEN CORP.,41206,41206
3337,3337,SAFETY SIGN COMPANY,30072,30072
3338,3338,SAFETY WEAR,31510,31510
3339,3339,"SAFETY-KLEEN SYSTEMS,INC.",31206,31206
3340,3340,SAFEWARE INC.,31490,31490
3341,3341,SALEM-REPUBLIC RUBBER CO.,32888,32888
3342,3342,SALES ENGINEERING CO.,42559,42559
3343,3343,SCHUMANN ENTERPRISES,98246,98246
3344,3344,SEAVAC USA LLC.,30395,30395
3345,3345,SECRETARY OF STATE,30155,30155
3346,3346,SENTINEL FLUID CONTROLS LLC,41363,41363
3347,3347,SERVICE ENGINEERING INC.,41209,41209
3348,3348,SERVICE EXPRESS INC.,31595,31595
3349,3349,SERVICE PRINTING CORP.,30200,30200
3350,3350,SETCO,30204,30204
3351,3351,SGS,"3,802,848,028",38028
3352,3352,SHAMBAUGH & SON INC.,33025,33025
3353,3353,"SHAMBAUGH & SONS, INC.",41666,41666
3354,3354,SHEETS LP GAS,32706,32706
3355,3355,SHEPHERD'S INDUSTRIAL TRUCK,30270,30270
3356,3356,SHI INTERNATIONAL CORP.,30269,30269
3357,3357,"SHINETEC GROUP, INC.",33085,33085
3358,3358,SHOP RITE,33077,33077
3359,3359,SHORE BANK,"3,292,140,004",32921
3360,3360,SHORTY'S SEWER SERVICE INC.,98735,98735
3361,3361,SIDENER ENGINEERING,33065,33065
3362,3362,SIMCO CONTROLS,40023,40023
3363,3363,SIMPLEX TIME RECORDER CO.,31598,31598
3364,3364,SK ENSINE CORPORATION,30248,30248
3365,3365,SKILLPATH SEMINARS,31092,31092
3366,3366,SKY COURIER,30023,30023
3367,3367,SMALLEY STEEL RING COMPANY,"3,015,341,298",30153
3368,3368,SMITH-BOLLINGER & CO.,"3,133,041,330",31330
3369,3369,"SMITHERS RAPRA, INC.","3,029,840,075",30298
3370,3370,SOLID CAM,30817,30817
3371,3371,SOLOMON CORP,33055,33055
3372,3372,"SOUTH BEND METAL PRODUCTS, INC",30165,30165
3373,3373,SOUTH BEND MODERN MOLDING,30070,30070
3374,3374,SOUTH BEND MODERN MOLDING INC.,41216,41216
3375,3375,SPECIALTY BLADES INC.,31071,31071
3376,3376,SPECIALTY PRODUCTS & POLYMERS,30078,30078
3377,3377,SPIFFI CLEAN LLC,30341,30341
3378,3378,SPRAGUE'S LAWN SERVICE,41604,41604
3379,3379,"SPRINTER MARKING, INC.",31481,31481
3380,3380,SSA SOUTHEAST,"3,282,942,829",32829
3381,3381,STAFFMARK,43050,43050
3382,3382,STAHLY PRINTING,43005,43005
3383,3383,STAPLES,30052,30052
3384,3384,STAPLES BUSINESS ADVANTAGE,30247,30247
3385,3385,STAPLES CREDIT PLAN,48014,48014
3386,3386,STATE OF MICHIGAN,"2,275,830,140",22758
3387,3387,STEFANIE LYNN LYNCH,"3,023,330,278",30233
3388,3388,STEPHEN GOULD CORP.,42717,42717
3389,3389,STEUBEN COUNTY COMMUNICATIONS,99075,99075
3390,3390,STEUBEN COUNTY ECONOMIC,98497,98497
3391,3391,STEUBEN COUNTY INDUST. GUILD,30315,30315
3392,3392,STEUBEN COUNTY REMC,30263,30263
3393,3393,STEUBEN COUNTY TREASURER,"318,293,183,031,831",31829
3394,3394,STONER,30272,30272
3395,3395,STRATEGIC SALES & MARKETING,30142,30142
3396,3396,SUMMIT CITY BOILER,32871,32871
3397,3397,SUMMIT OFFICE SUPPLIES,48029,48029
3398,3398,SUN ENERGY PRODUCTS CORP.,32994,32994
3399,3399,SUN LIFE FINANCIAL,30125,30125
3400,3400,SUPPLYON AG.,30145,30145
3401,3401,SURFACEPREP,43013,43013
3402,3402,SURFACEPREP/GNP/AFT DIVISION,30325,30325
3403,3403,SUZHOU JIAMITE TECHNOLOGY CO,98346,98346
3404,3404,"SWARTZ SALES, INC.",30203,30203
3405,3405,SWECO BUSINESS UNIT OF MI LLC,41517,41517
3406,3406,SYNAIR,32296,32296
3407,3407,SYNCB/AMAZON,30370,30370
3408,3408,SYSTEMS UNLIMITED,31518,31518
3409,3409,"T & W TOOL & MACHINE, INC.",30261,30261
3411,3411,T&M RUBBER INC.,"3,002,842,647",30028
3412,3412,"T-LON PRODUCTS, INC.",40066,40066
3410,3410,T.S. EXPEDITING SERVICES,30033,30033
3413,3413,TAPE PRODUCTS,41728,41728
3414,3414,TAYLOR'S STATIONERS,30021,30021
3415,3415,TEAM PRODUCTS,39705,39705
3416,3416,"TEC-HACKETT, INC.",31451,31451
3417,3417,TECH-SYN CORPORATION,40073,40073
3418,3418,TECHNETICS GROUP,"4,002,041,001",40020
3419,3419,TEK POLYMER N.A. INC.,40067,40067
3420,3420,TEKRA CORPORATION,32701,32701
3421,3421,TEMPCO ELECTRIC HEATER CORP.,41107,41107
3422,3422,TENNESSEE DEPARTMENT OF LABOR,40046,40046
3423,3423,TEX MILLER SUPPLIES,31348,31348
3424,3424,THE CHARDON RUBBER COMPANY,30168,30168
3425,3425,THE CLARK QUALITY ADVANTAGE,33054,33054
3426,3426,THE HANOVER INSURANCE GROUP,30347,30347
3427,3427,THE HARTFORD,"300,273,012,333,027",30027
3428,3428,THE HARTFORD-PRIORITY ACCOUNTS,30049,30049
3429,3429,THE HORTON GROUP,"3,002,440,018",30024
3430,3430,THE JOHNSON CORPORATION,32788,32788
3431,3431,THE NEWS - SUN,41739,41739
3432,3432,THE PAPERS INC.,41212,41212
3433,3433,THERMO-BURR/SURFTRAN MFG.,43053,43053
3434,3434,THOMAS PUBLISHING CO.,43025,43025
3435,3435,THOMAS PUBLISHING COMPANY,33069,33069
3436,3436,THREE RIVERS COMPRESSED AIR,30814,30814
3437,3437,TIME INDUSTRIAL INC.,43078,43078
3438,3438,"TIME SERVICES, INC.",31083,31083
3439,3439,TIMESAVERS INC.,31173,31173
3440,3440,TINIUS OLSEN TESTING MACHINE,30133,30133
3441,3441,TITUS TALENT STRATEGIES,30645,30645
3442,3442,"TJ NOWAK SUPPLY CO.,INC.",31452,31452
3443,3443,TOMMARK INC,30075,30075
3444,3444,TOPP MECHANICAL SERVICE LLC,30352,30352
3445,3445,TORK PRODUCTS INC.,42716,42716
3446,3446,"TOTAL PLASTICS RESOURCES, LLC.",41720,41720
3447,3447,TOWER GROUP INTERNATIONAL,42331,42331
3448,3448,TOWN OF FREMONT,"3,003,831,480",30038
3449,3449,"TPCO LLC,",30167,30167
3450,3450,TPI TORK PRODUCTS INC.,30064,30064
3451,3451,TRAILER LEASING & RENTAL,32866,32866
3452,3452,TRANS-CONSOLIDATED DISTRIBUTOR,43047,43047
3453,3453,TRAVELERS CL REMITTANCE CENTER,"302,223,022,430,234",30222
3454,3454,TRAXYS N.A. LLC,43090,43090
3455,3455,"TRI STATE CALIBRATION, INC.",32917,32917
3456,3456,TRI STATE COMPUTER CENTER,31379,31379
3457,3457,TRI-STATE COMPRESSED AIR,30259,30259
3458,3458,TRI-STATE INSTRUMENT SERVICE,33022,33022
3459,3459,TRIANGLE DRAFTING SUPPLY,41260,41260
3460,3460,"TRIANGLE RUBBER CO., LLC.",42414,42414
3461,3461,TRISTAR PLASTIC CORPORATION,40061,40061
3462,3462,TRISTAR PLASTICS,40065,40065
3463,3463,TSU TECHNOLOGY CENTER,30161,30161
3464,3464,TURNOMAT DIV.,32283,32283
3465,3465,TURPEN & ASSOCIATES,30314,30314
3466,3466,TWYMAN SAFETY,31431,31431
3467,3467,TYCO ELECTRONICS,33056,33056
3468,3468,TYLER MCCORD,98241,98241
3469,3469,"U.S. BUSINESS SYSTEMS, INC",43034,43034
3470,3470,U.S. POSTAL SERVICE,31645,31645
3471,3471,ULINE,42564,42564
3472,3472,ULINE   ACCT#432186,32564,32564
3473,3473,UNBEATEN PATH INTERNATIONAL,30273,30273
3474,3474,UNBEATEN PATH INTRNATIONAL LTD,30268,30268
3475,3475,UNIFIRST CORPORATION,32764,32764
3476,3476,UNION PALLET,32787,32787
3477,3477,UNIQUE FINISHERS,30097,30097
3478,3478,UNITED FEED SCREWS LTD,32756,32756
3479,3479,UNITED HEALTHCARE INSURANCE CO,"3,002,640,026",30026
3480,3480,UNITED HEARTLAND,31476,31476
3481,3481,UNITED PARCEL SERVICE,48016,48016
3482,3482,UNITED STATES PLASTIC CORP.,40030,40030
3483,3483,UNITED STATES POSTAL SERVICE,"3,230,442,304",32304
3484,3484,UNITED STATES TREASURY,30208,30208
3485,3485,UNITED WAY OF NOBLE COUNTY,43023,43023
3486,3486,UNITRANS,"3,241,142,411",32411
3487,3487,UNIVERCITY OF AKRON,30363,30363
3488,3488,"UNIVERSAL TRAFIC SERVICE, INC.",30174,30174
3489,3489,UNIVERSITY OF WISCONSIN-EXT.,33046,33046
3490,3490,UNUM LIFE INSURANCE,30206,30206
3491,3491,UNUM LIFE INSURANCE COMPANY,"30,046,310,693,167,000,000",30046
3492,3492,UPS FREIGHT,32769,32769
3493,3493,UPS SUPPLY CHAIN SOLUTIONS INC,31040,31040
3494,3494,US BANK EQUIPMENT FINANCE,32875,32875
3495,3495,USF HOLLAND,40006,40006
3496,3496,USF HOLLAND INC.,32766,32766
3497,3497,UT FAMILY BUSINESS CENTER,35001,35001
3498,3498,V.O. BAKER DISTRIBUTION CO.,43037,43037
3499,3499,VALENITE,41881,41881
3500,3500,VALLEY RUBBER MIXING INC.,32923,32923
3501,3501,VAN BERGEN AND ASSOCIATES,"3,003,440,041",30034
3502,3502,VANCAMPS,41654,41654
3503,3503,VANGOLA MACHINE & TOOL,33059,33059
3504,3504,VERTEX INC,33080,33080
3505,3505,VESTIL MANUFACTURING CO.,30158,30158
3506,3506,VISHAY MEASUREMENTS GROUP,31001,31001
3507,3507,VISION SERVICE PLAN-(IL),30089,30089
3508,3508,VISIONSPARK INTERNATIONAL LLC,32000,32000
3509,3509,VITRAN EXPRESS,41210,41210
3510,3510,WACKER CHEMICAL COROPRATION,31630,31630
3511,3511,WAGNER ELECTRIC MOTOR,30045,30045
3512,3512,WAKE INDUSTRIAL LLC.,30417,30417
3513,3513,WAL-MART,31039,31039
3514,3514,WALLACE COMPUTER SERVICE,32054,32054
3515,3515,WARNER OIL COMPANY,98303,98303
3516,3516,WASHLER GARBAGE & RECYCLING,31042,31042
3517,3517,WASTE MANAGMENT,"380,183,803,138,032",38018
3518,3518,WASTE MGMT OF IN - WARSAW,41154,41154
3519,3519,WATCON INC.,31420,31420
3520,3520,WATSON-MARLOW FLOW SMART,40063,40063
3521,3521,WAYNE FASTENERS,41361,41361
3522,3522,"WAYNE PIPE & SUPPLY, INC.",30400,30400
3523,3523,WEAS ENGINEERING INC.,33029,33029
3524,3524,WEBSTER'S BUSINESS GUIDE,33032,33032
3525,3525,"WELCH PACKAGING GROUP,INC.","3,003,940,044",30039
3526,3526,WELLS FARGO EQUIPMENT FINANCE,31513,31513
3527,3527,WERNER-TODD PUMP COMPANY,30129,30129
3528,3528,WESCHLER INSTRUMENTS,30242,30242
3529,3529,WESTERN CONSOLIDATED TECH.,42777,42777
3530,3530,WESTERN RUBBER INC.,42710,42710
3531,3531,WG CONTROLS,32883,32883
3532,3532,WHELCO INDUSTRIAL LLC,33086,33086
3533,3533,WHITE SUPPLY CO.,31525,31525
3534,3534,WIEGEL TOOL WORKS,43014,43014
3535,3535,WILDWOOD INDUSTRIES INC.,30000,30000
3536,3536,WILLIAM J DIXON CO. INC.,31485,31485
3537,3537,WILLIAM STUDEBAKER,41046,41046
3538,3538,WILLOWBROOK INTERIORS,98274,98274
3539,3539,WINDY CITY,34500,34500
3540,3540,WORKFORCE RESEARCH GROUP LLC,30415,30415
3541,3541,WORLD WIDE EXPRESS,40053,40053
3542,3542,"X-Y TOOL & DIE, INC.",30377,30377
3543,3543,XCEL COMPUTER SYSTEMS,41106,41106
3544,3544,XEROX FINANCIAL SERVICES LLC.,32023,32023
3545,3545,"YAZOO MILLS, INC.",30232,30232
3546,3546,"YODER OIL CO., INC.",41625,41625
3547,3547,YORK ERA SPRING COMPANY,30230,30230
3548,3548,YOUNGBLOOD AUTOMATION,30379,30379
3549,3549,YOURMEMBERSHIP.COM,30321,30321
3550,3550,YOUTH FOR CHRIST INC.,32831,32831
3551,3551,ZACHARY QUIMBY,30419,30419
3552,3552,ZATKOFF SEALS & PACKING,40070,40070
3553,3553,ZEE MEDICAL INC.- DO NOT USE,31455,31455
3554,3554,ZEE MEDICAL SERVICE,"3,145,441,454",31454
3555,3555,ZEUS - DO NOT ORDER,40014,40014
3556,3556,ZORO ACCONTS RECEIVABLE,30707,30707
3557,3557,ZUMBACH ELECTRONICS,32841,32841
3558,3558,ZURICH NORTH AMERICA,"3,035,130,371",30351
